"['imagine', 'you', 'miss', 'a', 'payment', 'on', 'a', 'tesla', 'and', 'it', 'drives', 'itself', 'back', 'to', 'the', 'dealership', '']",tsla,250,0.6576054124789628,1.1787078514527738
"['someone', 'from', 'r investing', '', 'man', 'you', 'are', 'crazy', 'if', 'you', 'are', 'holding', 'more', 'than', '', 'of', 'your', 'net', 'worth', 'in', 'a', 'single', 'company', 'like', 'aapl', 'don t', 'try', 'to', 'be', 'buffett', 'i', 'keep', '', 'diversified', 'bonds', '', 'us', 'large', 'cap', 'etfs', '', 'mid', 'cap', 'etfs', '', 'mutual', 'funds', '', 'foreign', 'developed', 'stocks', '', 'foreign', 'emerging', 'stocks', '', 'diversified', 'real', 'state', 'etfs', '', 'diversified', 'commodities', '', 'us', 'growth', 'stock', 'etfs', '', 'us', 'small', 'cap', 'etfs', '', 'cash', 'and', '', 'to', 'play', 'around', 'with', 'individual', 'stocks', 'my', 'overall', 'gain', 'is', '', 'average', 'over', 'the', 'last', '', 'years', 'and', 'i', 'am', 'happy', 'to', 'say', 'i', 'have', 'been', 'beating', 'the', 'market', 'someone', 'here', 'i', 'took', 'a', 'personal', 'loan', 'of', 'k', 'because', 'i', 'yolo ed', 'my', 'account', 'last', 'week', 'and', 'didn t', 'have', 'any', 'buying', 'power', 'and', 'bought', 'calls puts', 'expiring', 'in', '', 'days']",aapl,31,0.8498041323479515,1.0123738805808074
"['shit', 'are', 'we', 'really', 'gonna', 'go', 'through', 'the', 'motions', 'of', 'pretending', 'to', 'care', 'what', 'the', 'germans', 'think', 'aapl', 'and', 'tsla', 'should', 'be', 'worth', 'for', 'another', '', 'hours']",aapl,27,0.8498041323479515,1.0123738805808074
"['i m', 'so', 'sick', 'of', 'this', 'fucking', 'sector', 'rotation', 'shit', 'and', 'tech', 'everything', 'is', 'tech', 'you', 'retards', 'without', 'tech', 'we', 'would', 'be', 'in', 'the', 'stone', 'age', 'there', 'is', 'more', 'tech', 'in', 'boeing', 'than', 'there', 'is', 'in', 'zoom', 'the', 'only', 'fucking', 'thing', 'i', 'am', 'rotating', 'is', 'between', 'apple', 'c', 'and', 'square', 'c']",aapl,25,0.8498041323479515,1.0123738805808074
"['big', 'houses', 'are', 'so', 'overrated', '', 'sq', 'feet', 'is', 'enough', 'buy', 'a', 'house', 'with', 'a', 'good', 'school', 'district', 'and', 'is', 'safe', 'that s', 'all', 'that', 'matters']",sq,25,0.8440628764701896,1.0539376664910363
"['tsla', 'msft', 'and', 'aapl', 'all', 'slightly', 'green', 'on', 'the', 'euro', 'markets']",msft,22,0.8986740686715058,0.9947215544161445
"['tsla', 'msft', 'and', 'aapl', 'all', 'slightly', 'green', 'on', 'the', 'euro', 'markets']",aapl,22,0.8498041323479515,1.0123738805808074
"['dudes', 'plz', 'do', 'enable', 'two way', 'authentication', 'security', 'my', 'paypal', 'fb', 'ads', 'acct', 'and', 'robinhood', 'was', 'hacked', 'last', 'week', 'and', 'up', 'til', 'today', 'fucking', 'fraud', 'transactions', 'in', 'my', 'bank', 'acct', 'and', 'credit', 'cards', 'rn', 'holy', 'fucks', 'fucking', 'hackers', 'they', 'deserve', 'to', 'get', 'shot', 'gunned', 'in', 'their', 'face']",fb,22,0.9200909759567537,0.9810896309868165
"['live', 'laugh', 'love', 'long', 'spy']",spy,21,0.9514576485049332,1.0051973681835475
"['dax', 'futures', '', 'up', 'ftse', 'futures', '', 'up', 'i', 'would', 'kill', 'for', 'spy', 'and', 'nasdaq', 'to', 'have', 'such', 'a', 'day', 'tomorrow']",spy,18,0.9514576485049332,1.0051973681835475
"['lol', 'i m', 'selling', 'at', 'open', 'tomorrow', 'ameripoors', 'we', 'gonna', 'fuck', 'this', 'up', 'again', 'well', 'my', 'tesla', 'calls', 'are', 'already', 'fuk', 'fdx', 'gang', '']",tsla,16,0.6576054124789628,1.1787078514527738
"['leaked', 'transcript', 'from', 'donnie', 'pumps', 'speech', 'today', 'tim', '', 'is', 'a', 'beautiful', 'man', 'with', 'an', 'even', 'more', 'beautiful', 'dick', 'anyone', 'caught', 'selling', 'aapl', 'will', 'be', 'executed']",aapl,14,0.8498041323479515,1.0123738805808074
"['how', 'fucked', 'are', 'my', 'tesla', 'calls', '']",tsla,13,0.6576054124789628,1.1787078514527738
"['what', 'does', 'that', 'mean', 'for', 'aapl', '', 'or', '']",aapl,14,0.8498041323479515,1.0123738805808074
"['to', 'all', 'aapl', 'bulls', 'wsb', 'aapl', 'comments', 'http www wsbsynth com data stock php symbol aapl', 'germany', 'frankfurt', 'https www marketwatch com investing stock apc countrycode de iso xfra', 'germany', 'xetra', 'https www marketwatch com investing stock apc countrycode xe', 'italy', 'milan', 'https www marketwatch com investing stock aapl countrycode it', 'u k', 'london', 'https www marketwatch com investing stock r v countrycode uk']",aapl,14,0.8498041323479515,1.0123738805808074
"['fagat', 'fb', 'amzn', 'goog', 'aapl', 'tsla']",fb,15,0.9200909759567537,0.9810896309868165
"['fagat', 'fb', 'amzn', 'goog', 'aapl', 'tsla']",amzn,15,0.9026415836208802,0.9869497362287293
"['fagat', 'fb', 'amzn', 'goog', 'aapl', 'tsla']",goog,15,0.9363081515532652,0.9907206471570897
"['fagat', 'fb', 'amzn', 'goog', 'aapl', 'tsla']",aapl,15,0.8498041323479515,1.0123738805808074
"['if', 'aapl', 'lost', 'over', 'b', 'in', 'market', 'cap', 'in', 'a', 'zero', 'sum', 'game', 'like', 'the', 'stock', 'market', 'then', 'how', 'the', 'hell', 'does', 'softbanks', 'merger', 'b', 'even', 'affect', 'that', 'am', 'i', 'stupid', 'for', 'thinking', 'that', 'softbank', 'is', 'becoming', 'a', 'scapegoat', 'for', 'the', 'most', 'recent', 'selloff']",aapl,14,0.8498041323479515,1.0123738805808074
"['he', 'mentioned', 'pillows', 'prpl', 'c', '']",prpl,13,1.0108696069068412,1.3207546410914013
"['tesla', 'up', 'big', 'in', 'punjab', 'stock', 'market']",tsla,13,0.6576054124789628,1.1787078514527738
"['north', 'korea', 'will', 'be', 'adding', 'aapl', 'to', 'their', 'stock', 'market', 'next', 'week', '']",aapl,13,0.8498041323479515,1.0123738805808074
"['since', '', 'the', 'gains', 'on', 'aapl', 'have', 'humiliated', 'spy', 'imagine', 'betting', 'against', 'apple']",aapl,12,0.8498041323479515,1.0123738805808074
"['since', '', 'the', 'gains', 'on', 'aapl', 'have', 'humiliated', 'spy', 'imagine', 'betting', 'against', 'apple']",spy,12,0.9514576485049332,1.0051973681835475
"['back', 'on', 'friday', 'i', 'averaged', 'down', 'my', 'apple', 'position', 'by', 'buying', 'more', 'around', 'lowest', 'part', 'of', 'the', 'dip', '', '', 'it', 'may', 'or', 'may', 'not', 'have', 'been', 'a', 'sweet', 'move']",aapl,11,0.8498041323479515,1.0123738805808074
"['eurorich', 'bought', 'up', 'the', 'aapl', 'dip']",aapl,12,0.8498041323479515,1.0123738805808074
"['microsoft', 'tik tik', 'can', 'you', 'feel', 'it', 'the', 'savior', 'of', 'the', 'tech', 'industry']",msft,11,0.8986740686715058,0.9947215544161445
"['if', 'futures', 'was', 'this', 'green', '', 'hour', 'before', 'tuesday', 'open', 'sure', 'i', 'too', 'would', 'be', 'celebrating', 'but', 'we', 'still', 'got', '', 'hours', 'spy', 'is', 'gonna', 'go', 'red', 'then', 'go', 'green', 'maybe', 'even', 'repeat', 'another', 'cycle']",spy,10,0.9514576485049332,1.0051973681835475
"['looks', 'like', 'my', 'nkla', 'puts', 'are', 'worthless', 'too', 'cause', 'trevor', 'is', 'trade', 'war', 'proof', 'in', 'order', 'to', 'do', 'business', 'with', 'china', 'you', 'have', 'to', 'fucking', 'do', 'business']",nkla,10,1.241319434917688,0.7780434981636379
"['tesla', 'did', 'very', 'well', 'on', 'franfurt', 'with', 'new', 'cars', 'now', 'being', 'made', 'in', 'germany', 'shit', 'is', 'looking', 'good', 'it', 'held', 'like', 'a', 'champ', 'bro']",tsla,12,0.6576054124789628,1.1787078514527738
"['dog', 'walked', 'dog', 'fed', 'coffee', 'made', 'eggs', 'scrambled', 'jen', 'you', 'are', 'a', 'cunt', '', 'hours', 'till', 'i', 'buy', 'and', 'sell', 'aapl', 'options']",aapl,21,0.8498041323479515,1.0123738805808074
"['not', 'sure', 'how', 'aapl', 'is', 'going', 'in', 'ze', 'frankfurt', 'market', 'but', 'i', 'do', 'know', 'they', 'appreciate', 'a', 'decent', 'applewood', 'smoked', 'bratwurst', 'from', 'time', 'to', 'time', 'so']",aapl,11,0.8498041323479515,1.0123738805808074
"['if', 'you', 'bought', 'spy', 'in', 'february', 'you', 'would', 'have', 'a', '', 'gain', 'right', 'now']",spy,11,0.9514576485049332,1.0051973681835475
"['don t', 'think', 'i', 'saw', 'a', 'single', 'soul', 'in', 'my', 'dream', 'last', 'night', 'it', 'was', 'all', 'about', 'spy', 'and', 'nq', 'charts', 'going', 'up', 'and', 'down', 'this', 'can t', 'be', 'healthy']",spy,10,0.9514576485049332,1.0051973681835475
"['a', 'company', 'on', 'amazon', 'gave', 'me', '', 'for', 'a', 'review', 'and', 'i', 'can', 'get', 'another', '', 'if', 'i', 'review', 'an', 'ipad', 'pen', 'for', 'free', 'looks', 'like', 'i', 'can', 'quit', 'my', 'job', 'and', 'become', 'a', 'full', 'time', 'day', 'trader reviewer']",amzn,11,0.9026415836208802,0.9869497362287293
"['i', 'think', 'there', 'are', 'bots', 'that', 'just', 'spam', 'will', 'apple', 'go', 'up', 'will', 'tsla', 'go', 'up']",aapl,10,0.8498041323479515,1.0123738805808074
"['god', 'i', 'just', 'want', 'to', 'know', 'the', 'price', 'of', 'tesla', 'at', 'open', 'tomorrow']",tsla,9,0.6576054124789628,1.1787078514527738
"['hi', 'guys', 'did', 'the', 'bubble', 'pop', 'or', 'we', 'still', 'good', 'nvda', 'aapl', 'amzn', 'pg ok']",nvda,10,0.8837536057367599,1.0969576470074598
"['hi', 'guys', 'did', 'the', 'bubble', 'pop', 'or', 'we', 'still', 'good', 'nvda', 'aapl', 'amzn', 'pg ok']",aapl,10,0.8498041323479515,1.0123738805808074
"['hi', 'guys', 'did', 'the', 'bubble', 'pop', 'or', 'we', 'still', 'good', 'nvda', 'aapl', 'amzn', 'pg ok']",amzn,10,0.9026415836208802,0.9869497362287293
"['i', 'just', 'saw', 'a', 'commercial', 'on', 'cnn', 'for', 'investing', 'in', 'qqq', 'i ve', 'never', 'seen', 'such', 'a', 'thing']",qqq,9,0.9070290209236862,1.010800193285966
"['tesla', 'looks', 'done', 'for', 'a', 'couple', 'of', 'days', 'no', 'matter', 'which', 'direction', 'the', 'market', 'goes', 'elon', 'needs', 'to', 'pull', 'something', 'out', 'of', 'his', 'ass']",tsla,9,0.6576054124789628,1.1787078514527738
"['apple', 'blood', 'green', 'on', 'uzbeki', 'market', 'p mp', 'it', 'mirziyoyev', 'p mp', 'it']",aapl,9,0.8498041323479515,1.0123738805808074
"['i ve', 'lost', '', 'k', 'last', '', 'days', 'gambling', 'guess', 'i', 'need', 'to', 'buy', 'some', '', 'days', 'to', 'make', 'up', 'these', 'losses', 'are', 'we', 'still', 'buying', 'spy', 'calls']",spy,9,0.9514576485049332,1.0051973681835475
"['tesla', 'up', '', 'on', 'uruguay', 'market']",tsla,18,0.6576054124789628,1.1787078514527738
"['after', 'a', 'sellof', 'like', 'thurs fri', 'that', 'and', 'marching', 'back', 'to', 'flat', 'you d', 'like', 'to', 'see', 'a', 'trend', 'reversal', 'on', 'vol', 'but', 'that', 'hasn t', 'happened', 'instead', 'vix', 'landed', 'back', 'on', 'its', 'trend', 'support', 'and', 'seems', 'to', 'just', 'march', 'up', 'even', 'if', 'spy', 'is', 'bleeding', 'up', 'as', 'well', 'i', 'hope', 'last', 'week', 'taught', 'everyone', '', 'to', 'pay', 'attention', 'to', 'what', 'that', 'could', 'mean', 'clearly', 'a', 'lot', 'of', 'hedging', 'is', 'still', 'going', 'on', 'and', 'even', 'if', 'we', 'open', 'up', '', 'tue', 'on', 'the', 'spy', 'we', 'may', 'not', 'be', 'out', 'of', 'the', 'woods', 'on', 'drill', 'szn', 'for', 'example', 'i', 'don t', 'remember', 'the', 'exact', 's', 'but', 'im', 'pretty', 'sure', 'vix', 'died', 'down', 'and', 'its', 'trend', 'reversed', 'a', 'lot', 'the', 'monday', 'after', 'june', 'th', 'with', 'the', 'fed', 'news', 'and', 'that', 'bounce']",spy,9,0.9514576485049332,1.0051973681835475
"['msft', 'tiktok', 'announcement', 'at', '', 'and', 'we', 'have', 'a', 'green', 'week', 'if', 'china', 'sells', 'it', 'means', 'no', 'war', 'uncertainty', 'etc']",msft,8,0.8986740686715058,0.9947215544161445
"['i', 'once', 'won', '', 'on', 'a', 'one', 'eyed', 'jacks', 'machine', 'proceeded', 'to', 'lose', 'it', 'all', '', 'at', 'a', 'time', 'after', 'felt', 'guilty', 'and', 'never', 'told', 'my', 'wife', 'that s', '', 'of', 'what', 'i', 'lost', 'on', 'thursday friday', 'suddenly', 'i', 'don t', 'feel', 'so', 'guilty', 'anymore', 'about', 'the', '', 'definitely', 'not', 'mentioning', 'the', 'k', 'loss', 'need', 'a', 'full', 'recovery', 'on', 'spy', 'and', 'apple', 'by', 'eom', 'or', 'i m', 'fucked']",spy,7,0.9514576485049332,1.0051973681835475
"['i', 'once', 'won', '', 'on', 'a', 'one', 'eyed', 'jacks', 'machine', 'proceeded', 'to', 'lose', 'it', 'all', '', 'at', 'a', 'time', 'after', 'felt', 'guilty', 'and', 'never', 'told', 'my', 'wife', 'that s', '', 'of', 'what', 'i', 'lost', 'on', 'thursday friday', 'suddenly', 'i', 'don t', 'feel', 'so', 'guilty', 'anymore', 'about', 'the', '', 'definitely', 'not', 'mentioning', 'the', 'k', 'loss', 'need', 'a', 'full', 'recovery', 'on', 'spy', 'and', 'apple', 'by', 'eom', 'or', 'i m', 'fucked']",aapl,7,0.8498041323479515,1.0123738805808074
"['big', 'green', 'dildos', 'on', 'apple', 'in', 'germany', 'rn']",aapl,8,0.8498041323479515,1.0123738805808074
"['let s', 'see', 'buy', 'monopoly', 'companies', 'aapl', 'nvda', 'amzn', 'money', 'will', 'print']",aapl,8,0.8498041323479515,1.0123738805808074
"['let s', 'see', 'buy', 'monopoly', 'companies', 'aapl', 'nvda', 'amzn', 'money', 'will', 'print']",nvda,8,0.8837536057367599,1.0969576470074598
"['let s', 'see', 'buy', 'monopoly', 'companies', 'aapl', 'nvda', 'amzn', 'money', 'will', 'print']",amzn,8,0.9026415836208802,0.9869497362287293
"['trump', 'gonna', 'announce', 'we', 'carried', 'out', 'an', 'airstrike', 'today', 'that', 'has', 'finally', 'killed', 'bin', 'laden', 'we', 'finally', 'got', 'him', 'for', 'real', 'spy', '', 'eow']",spy,7,0.9514576485049332,1.0051973681835475
"['i', 'made', 'a', 'coffee', 'table', 'yesterday', 'out', 'of', 'scrap', 'wood', 'i', 'found', 'in', 'the', 'lake', 'might', 'have', 'to', 'sell', 'some', 'scrap', 'wood', 'furniture', 'on', 'fb', 'marketplace', 'for', 'more', 'shares']",fb,8,0.9200909759567537,0.9810896309868165
"['i ve', 'got', 'aapl', 'c', 'and', 'nvda', '', 'call', 'for', 'sept', '', 'thinking', 'about', 'selling', 'both', 'and', 'doubling', 'down', 'on', 'a', 'lower', 'aapl', 'call', 'for', 'a', 'later', 'date', 'don t', 'wanna', 'get', 'fucked', 'by', 'this', 'dip', 'that', 'won t', 'have', 'enough', 'rebound', 'to', 'gain', 'nvidia', '', 'bucks', 'in', '', 'trading', 'days']",aapl,8,0.8498041323479515,1.0123738805808074
"['i ve', 'got', 'aapl', 'c', 'and', 'nvda', '', 'call', 'for', 'sept', '', 'thinking', 'about', 'selling', 'both', 'and', 'doubling', 'down', 'on', 'a', 'lower', 'aapl', 'call', 'for', 'a', 'later', 'date', 'don t', 'wanna', 'get', 'fucked', 'by', 'this', 'dip', 'that', 'won t', 'have', 'enough', 'rebound', 'to', 'gain', 'nvidia', '', 'bucks', 'in', '', 'trading', 'days']",nvda,8,0.8837536057367599,1.0969576470074598
"['name', 'a', 'more', 'obvious', 'play', 'than', 'apple', 'leaps', 'and', 'shorter dated', 'calls', 'when', 'it', 'dropped', '', 'in', '', 'hours']",aapl,8,0.8498041323479515,1.0123738805808074
"['lol', 'boeing', 'might', 'have', 'to', 'ground', '', 's', 'rip', 'ba']",ba,8,0.9435885155874097,0.9972859050665897
"['thinking', 'about', 'itm', 'calls', 'on', 'lululemon', 'i', 'call', 'it', 'booty', 'calls']",lulu,9,0.928836914826867,0.8940485985962662
"['went', 'to', 'the', 'casino', 'last', 'night', '', 'won', '', 'gs', 'playing', 'blackjack', 'something', 'about', 'that', 'doesn t', 'add', 'up', 'to', 'me', 'too', 'lucky', 'too', 'perfect', 'of', 'a', 'night', 'so', 'i', 'think', 'to', 'balance', 'out', 'the', 'universe', 'i m', 'gonna', 'need', 'to', 'blow', 'all', 'of', 'it', 'on', 'spy', 'dtes', 'you re', 'welcome']",gs,8,0.9944990458278806,0.9610041912426005
"['went', 'to', 'the', 'casino', 'last', 'night', '', 'won', '', 'gs', 'playing', 'blackjack', 'something', 'about', 'that', 'doesn t', 'add', 'up', 'to', 'me', 'too', 'lucky', 'too', 'perfect', 'of', 'a', 'night', 'so', 'i', 'think', 'to', 'balance', 'out', 'the', 'universe', 'i m', 'gonna', 'need', 'to', 'blow', 'all', 'of', 'it', 'on', 'spy', 'dtes', 'you re', 'welcome']",spy,8,0.9514576485049332,1.0051973681835475
"['holiday', 'wsb', 'is', 'like', 'driving', 'for', 'a', 'kid', 'school', 'field', 'trip', 'are', 'we', 'there', 'yet', 'this', 'trip', 'already', 'sucks', 'elon s', 'trip', 'was', 'way', 'more', 'fun', 'are', 'there', 'gonna', 'be', 'monsters', 'are', 'we', 'there', 'yet', 'are', 'we', 'there', 'yet', 'shut', 'the', 'fuck', 'up', 'billy', 'yet', 'i', 'keep', 'checking', 'every', 'hour', 'for', 'god', 'knows', 'what', 'reason', 'luv', 'you', 'clowns']",luv,9,1.099348529648554,1.0224604660862902
"['but', 'my', 'friend', 'told', 'me', 'aapl', 'was', 'at', 'a', 'really', 'good', 'price', 'last', 'week', '', 'well', 'in', 'the', 'sense', 'that', 'it', 'just', 'underwent', 'a', 'stock', 'split', 'and', 'it s', 'more', 'affordable', 'and', 'in', 'the', 'long run', 'aapl', 'is', 'probably', 'a', 'safe', 'buy', 'sure', 'but', 'it s', 'not', 'like', 'a', 'great', 'deal', 'the', 'price', 'isn t', 'actually', 'lower', 'they', 'just', 'split', '', '', 'ah', 'what', 'do', 'you', 'mean', '', 'imagine', 'one', 'aapl', 'share', 'is', 'a', 'pizza', 'that', 'costs', '', 'but', 'not', 'many', 'people', 'can', 'afford', 'a', '', 'pizza', 'but', 'they', 'still', 'want', 'some', 'pizza', 'now', 'imagine', 'i', 'cut', 'that', 'pizza', 'into', '', 'slices', 'and', 'each', 'slice', 'costs', '', '', 'oh', 'ok', '', 'so', 'the', 'price', 'didn t', 'actually', 'go', 'down', '', 'ohhhhhhhhhhh', 'actual', 'conversation', 'i', 'had', 'with', 'a', 'friend', 'the', 'other', 'day']",aapl,9,0.8498041323479515,1.0123738805808074
"['lmao', 'i', 'bought', 'spy', 'puts', 'and', 'qqq', 'calls', 'on', 'friday', 'at', 'close', 'was', 'betting', 'on', 'rotation', 'back', 'to', 'tech', 'double', 'loss', 'haha']",spy,7,0.9514576485049332,1.0051973681835475
"['lmao', 'i', 'bought', 'spy', 'puts', 'and', 'qqq', 'calls', 'on', 'friday', 'at', 'close', 'was', 'betting', 'on', 'rotation', 'back', 'to', 'tech', 'double', 'loss', 'haha']",qqq,7,0.9070290209236862,1.010800193285966
"['boyyyyz', 'what', 'are', 'we', 'thinking', 'tesla', 'is', 'gonna', 'look', 'like', 'tomorrow']",tsla,6,0.6576054124789628,1.1787078514527738
"['not', 'so', 'many', 'awards', 'this', 'weekend', 'apple', 'and', 'tesla', 'crushed', 'a', 'lot', 'of', 'y all', 'huh']",aapl,7,0.8498041323479515,1.0123738805808074
"['not', 'so', 'many', 'awards', 'this', 'weekend', 'apple', 'and', 'tesla', 'crushed', 'a', 'lot', 'of', 'y all', 'huh']",tsla,7,0.6576054124789628,1.1787078514527738
"['tim', 'apple', 'is', 'the', 'sexiest', 'man', 'alive', 'change', 'my', 'mind']",aapl,8,0.8498041323479515,1.0123738805808074
"['in', 'ten', 'minutes', 'i', 'find', 'out', 'if', 'i', 'have', 'to', 'go', 'into', 'work', 'or', 'not', 'today', 'really', 'hoping', 'for', 'the', 'latter', 'oh', 'my', 'positions', 'i', 'am', 'invested', 'in', 'apple', 'right', 'now']",aapl,8,0.8498041323479515,1.0123738805808074
"['vix', 'up', 'with', 'spy', 'and', 'dia', 'nothing', 'fishy', 'here', 'boys']",spy,8,0.9514576485049332,1.0051973681835475
"['wait', 'amd', 'is', 'a', 'bike', 'company', 'now', 'fuck', 'yeah', 'i', 'love', 'bikes']",amd,7,0.8560705396966735,0.9980781355539546
"['how', 'fucked', 'are', 'my', 'calls', 'fb', 'c', '', 'baba', '', '']",fb,8,0.9200909759567537,0.9810896309868165
"['how', 'fucked', 'are', 'my', 'calls', 'fb', 'c', '', 'baba', '', '']",baba,8,0.9336790374004934,1.0143211151976133
"['this', 'market', 'better', 'not', 'make', 'me', 'average', 'down', 'on', 'these', 'aapl', 'calls', 'cause', 'i', 'will', 'but', 'hopefully', 'i', 'won t', 'have', 'to']",aapl,8,0.8498041323479515,1.0123738805808074
"['walter', 'bloomberg', 'deitaone', 'level', '', 'trump', 'says', 'u s', 'will', 'prohibit', 'federal', 'contracts', 'to', 'companies', 'that', 'outsource', 'to', 'china', 'they', 'just', 'gave', 'jedi', 'to', 'microsoft', 'lol']",msft,7,0.8986740686715058,0.9947215544161445
"['if', 'tesla', 'opens', '', 'i ll', 'give', 'someone', '']",tsla,9,0.6576054124789628,1.1787078514527738
"['vodka', 'cyka', 'blyats', 'will', 'start', 'trading', 'aapl', 'tomorrow', 'so', 'stonks', 'will', 'go', 'up', 'guaranteed']",aapl,6,0.8498041323479515,1.0123738805808074
"['i', 'got', 'back', 'from', 'orlando', 'for', 'labor', 'day', 'top', 'golf', 'was', 'completely', 'full', 'not', 'an', 'open', 'bat', 'every', 'hotel', 'i', 'called', 'was', 'sold', 'out', 'through', 'the', 'weekend', 'not', 'a', 'damn', 'mask', 'was', 'work', 'at', 'the', 'hotel', 'pool', 'calls', 'on', 'disney', 'sq', 'every', 'restaurant', 'had', 'a', 'sq', 'processor', 'and', 'other', 'depressed', 'opening', 'stuff']",sq,8,0.8440628764701896,1.0539376664910363
"['so', 'glad', 'i m', 'finally', 'unbanned', 'apperently', 'telling', 'someone', 'buy', 'the', 'dip', '', 'f', 'is', 'banable']",f,20,1.0384047606520457,1.0424597313458928
"['theta', 'gang', 'wheel', 'gay', 'here', 'is', 'the', 'wheel', 'for', 'a', 'true', 'autist', '', 'buy', 'call', 'on', 'favorite', 'company', 'u', 'like', 'in', 'dip', 'for', 'example', 'u', 'like', 'tsla', 'and', 'amd', '', 'diamond', 'hand', 'call', 'till', 'it', 'print', 'it', 'will', 'print', 'cause', 'u', 'bought', 'the', 'dip', '', 'sell', 'calls', 'for', 'dummy', 'profit', 'and', 'here', 'is', 'where', 'the', 'wheel', 'kicks', 'in', '', 'use', 'profits', 'from', 'tsla', 'to', 'buy', 'a', 'tesla', 'or', 'tesla', 'merch', 'use', 'profits', 'from', 'amd', 'to', 'buy', 'threadripper', '', 'then', 'company', 'get', 'more', 'profits', 'which', 'mean', 'u', 'buy', 'more', 'call', 'which', 'make', 'more', 'print', 'go', 'brrrr', '']",amd,19,0.8560705396966735,0.9980781355539546
"['theta', 'gang', 'wheel', 'gay', 'here', 'is', 'the', 'wheel', 'for', 'a', 'true', 'autist', '', 'buy', 'call', 'on', 'favorite', 'company', 'u', 'like', 'in', 'dip', 'for', 'example', 'u', 'like', 'tsla', 'and', 'amd', '', 'diamond', 'hand', 'call', 'till', 'it', 'print', 'it', 'will', 'print', 'cause', 'u', 'bought', 'the', 'dip', '', 'sell', 'calls', 'for', 'dummy', 'profit', 'and', 'here', 'is', 'where', 'the', 'wheel', 'kicks', 'in', '', 'use', 'profits', 'from', 'tsla', 'to', 'buy', 'a', 'tesla', 'or', 'tesla', 'merch', 'use', 'profits', 'from', 'amd', 'to', 'buy', 'threadripper', '', 'then', 'company', 'get', 'more', 'profits', 'which', 'mean', 'u', 'buy', 'more', 'call', 'which', 'make', 'more', 'print', 'go', 'brrrr', '']",tsla,19,0.6576054124789628,1.1787078514527738
"['', 'days', 'until', 'microsoft', 'buys', 'tik tok', 'or', 'it s', 'banned', 'from', 'the', 'usa', 'forever', 'win win']",msft,6,0.8986740686715058,0.9947215544161445
"['i', 'mean', 'we', 'all', 'knew', 'someone', 'was', 'behind', 'the', 'tech', 'pump', 'will', 'be', 'interesting', 'to', 'see', 'if', 'people', 'really', 'pull', 'their', 'money', 'out', 'of', 'aapl', 'because', 'of', 'this']",aapl,6,0.8498041323479515,1.0123738805808074
"['so', 'i', 'just', 'recently', 'learned', 'about', 'options', 'i', 'knew', 'it', 'i', 'knew', 'get', 'rich', 'quick', 'schemes', 'did', 'exists', 'don t', 'know', 'and', 'don t', 'care', 'about', 'no', 'greeks', 'cause', 'i m', 'american', 'and', 'we', 'own', 'the', 'moon', 'time', 'to', 'invest', 'my', 'kids', 'college', 'funds', 'yolo', 'tesla', 'calls', '', 'expiring', 'friday']",tsla,6,0.6576054124789628,1.1787078514527738
"['the', 'fuck', 'bro', 'do', 'germans', 'even', 'trade', 'tesla', 'been', 'flat', 'at', '', 'euros', 'since', 'i', 'slept', 'to', 'now', 'when', 'i', 'woke', 'up']",tsla,7,0.6576054124789628,1.1787078514527738
"['who', 'bought', 'sq', 'calls', 'on', 'the', 'dip', 'on', 'friday']",sq,5,0.8440628764701896,1.0539376664910363
"['calls', 'on', 'sbux', 'it s', 'fucking', 'packed']",sbux,5,1.008382594024858,1.0159493703151916
"['msft', 'and', 'intc', 'are', 'the', 'only', 'two', 'reasonably', 'priced', 'tech', 'companies', 'prove', 'me', 'wrong']",msft,7,0.8986740686715058,0.9947215544161445
"['msft', 'and', 'intc', 'are', 'the', 'only', 'two', 'reasonably', 'priced', 'tech', 'companies', 'prove', 'me', 'wrong']",intc,7,0.9607149397380281,1.0030452013609832
"['how', 'will', 'chwy', 'evade', 'amazon', 'forever']",amzn,6,0.9026415836208802,0.9869497362287293
"['hedging', 'my', 'samsung', 'phone', 'and', 'fossil', 'smartwatch', 'with', 'aapl', 'shares']",aapl,6,0.8498041323479515,1.0123738805808074
"['mfw', 'every', 'autist', 'has', 'bags', 'full', 'of', 'xom', 'and', 'ge', 'calls', 'and', 'then', 'look', 'several', 'days', 'later', 'only', 'to', 'see', 'apple', 'tsla', 'and', 'the', 'chadsdaq', 'at', 'aths']",ge,6,0.9792662288086061,0.9731013503966036
"['mfw', 'every', 'autist', 'has', 'bags', 'full', 'of', 'xom', 'and', 'ge', 'calls', 'and', 'then', 'look', 'several', 'days', 'later', 'only', 'to', 'see', 'apple', 'tsla', 'and', 'the', 'chadsdaq', 'at', 'aths']",aapl,6,0.8498041323479515,1.0123738805808074
"['stop', 'whining', 'bitches', 'and', 'state', 'your', 'positions', 'sq', '', 'c', 'c', '', 'c', '']",sq,5,0.8440628764701896,1.0539376664910363
"['puts', 'on', 'ba', 'buy', 'tech', 'much', 'safer', 'during', 'pandemic', 'recession', 'and', 'even', 'after', 'too']",ba,7,0.9435885155874097,0.9972859050665897
"['mrna', 'to', 'announce', 'vaccine', 'on', '', 'with', 'distribution', 'deal', 'through', 'walmart', 'book', 'it']",mrna,7,0.8552093070447023,1.1025107908042477
"['spy', '', 'dow', 'futures', 'green', 'nasdaq', 'red', 'as', 'hell', 'how', 'fucked', 'is', 'the', 'tech', 'market', 'for', 'the', 'foreseeable', 'future']",spy,12,0.9514576485049332,1.0051973681835475
"['damn', 'a', 'lot', 'of', 'people', 'in', 'here', 'really', 'steal', 'their', 'jokes', 'from', 'earlier', 'comments', 'and or', 'facebook', 'be', 'at', 'least', 'semi original', 'or', 'gtfo']",fb,11,0.9200909759567537,0.9810896309868165
"['to', 'those', 'of', 'you', 'making', 'jokes', 'about', 'orders', 'not', 'going', 'through', 'today', 'you', 'will', 'in', 'the', 'fullness', 'of', 'time', 'become', 'fathers', 'your', 'children', 'initially', 'the', 'source', 'of', 'so', 'much', 'joy', 'will', 'howl', 'with', 'laughter', 'at', 'your', 'antics', 'for', 'a', 'time', 'once', 'your', 'children', 'develop', 'and', 'we re', 'talking', 'maybe', 'kindergarten', 'here', 'they', 'will', 'begin', 'to', 'waver', 'in', 'their', 'boundless', 'affection', 'for', 'you', 'your', 'constant', 'mindless', 'catchphrases', 'is', 'it', 'hot', 'enough', 'for', 'you', 'champ', 'well', 'son', 'it', 'is', 'what', 'it', 'is', 'will', 'begin', 'to', 'grate', 'against', 'their', 'inherent', 'desire', 'to', 'avoid', 'being', 'socially', 'ostracized', 'by', '', 'they', 'will', 'actively', 'hate', 'you', 'you ll', 'have', 'gained', 'weight', 'and', 'begin', 'agonizing', 'about', 'which', 'weedwacker', 'string', 'to', 'buy', 'at', 'home', 'depot', 'for', 'your', 'particular', 'strain', 'of', 'fescue', 'grass', 'you ll', 'take', 'to', 'wearing', 'polo', 'shirts', 'on', 'every', 'occasion', 'you', 'will', 'have', 'developed', 'an', 'embarrassing', 'bald', 'spot', 'your', 'children', 'have', 'a', 'nickname', 'for', 'it', 'and', 'the', 'laugh', 'behind', 'your', 'back', 'every', 'time', 'you re', 'out', 'of', 'earshot', 'you ll', 'eat', 'at', 'olive', 'garden', 'with', 'your', 'family', 'monthly', 'because', 'it s', 'the', 'only', 'thing', 'that s', 'still', 'a', 'gosh', 'darned', 'value', 'your', 'wife', 'will', 'be', 'regularly', 'fucking', 'an', 'argentinean', 'pottery', 'class', 'professor', 'without', 'your', 'knowledge', 'at', '', 'you ll', 'be', 'diagnosed', 'with', 'a', 'common', 'brain', 'tumor', 'inoperable', 'they ll', 'tell', 'you', 'you ll', 'weep', 'at', 'the', 'unfairness', 'of', 'it', 'and', 'your', 'wife', 'and', 'children', 'will', 'tell', 'you', 'to', 'stay', 'strong', '', 'months', 'later', 'you ll', 'have', 'died', 'your', 'battle', 'against', 'the', 'disease', 'uninspiring', 'and', 'cowardly', 'your', 'wife', 'will', 'use', 'the', 'bare', 'minimum', 'of', 'your', 'life', 'insurance', 'payout', 'to', 'give', 'you', 'a', 'poorly', 'attended', 'funeral', 'in', 'a', 'strip', 'mall', 'funeral', 'parlor', 'no', 'one', 'will', 'weep', 'at', 'the', 'service', 'you ll', 'be', 'buried', 'under', 'an', 'unassuming', 'gravestone', 'on', 'a', 'hillside', 'overlooking', 'a', 'freeway', 'interchange', 'and', 'nothing', 'of', 'value', 'will', 'have', 'been', 'lost']",spot,15,0.8432109939188913,0.9912324417092836
"['i', 'did', 'some', 'napkin', 'math', 'a', '', 'move', 'in', 'amzn', 'results', 'in', 'a', 'fluctuation', 'of', '', 'million', 'for', 'jeff', 'bezos', 'wealth', 'amzn', 'market', 'cap', '', 'trillion', 'jeff s', 'stake', '', '', 'roughly', '', 'billion', 'he', 'makes', 'or', 'loses', 'in', '', 'second', 'the', 'amount', 'of', 'most', 'of', 'this', 'sub s', 'accounts', 'combined', 'in', 'robinhood']",amzn,9,0.9026415836208802,0.9869497362287293
"['relaxing', 'day', 'playing', 'animal', 'crossing', 'with', 'the', 'wife', 'dope', 'she', 'got', 'into', 'playing', 'switch', 'we ll', 'see', 'if', 'these', 'aapl', 'c', 'print', 'this', 'week']",aapl,10,0.8498041323479515,1.0123738805808074
"['battery', 'day', 'will', 'single handedly', 'save', 'the', 'world', 'economy']",save,9,1.0437500250610432,1.0182752536060162
"['dbx', 'and', 'work', 'to', 'the', 'moon']",dbx,4,0.9304066373981005,1.0510416407965961
"['elon', 'went', 'to', 'germany', 'and', 'kissed', 'their', 'asses', 'and', 'those', 'motherfuckers', 'dare', 'tank', 'tesla', 'on', 'labor', 'day', 'can t', 'trust', 'those', 'sneaky', 'germans']",tsla,5,0.6576054124789628,1.1787078514527738
"['wmt', 'gang', 'dow', 'is', 'looking', 'very', 'healthy', 'for', 'tomorrow']",wmt,6,0.9805241892498153,0.971076935675551
"['if', 'dow', 'is', 'up', '', 'tech', 'is', 'down', '', 'what s', 'msft', 'and', 'apple']",msft,5,0.8986740686715058,0.9947215544161445
"['if', 'dow', 'is', 'up', '', 'tech', 'is', 'down', '', 'what s', 'msft', 'and', 'apple']",aapl,5,0.8498041323479515,1.0123738805808074
"['one', 'of', 'the', 'reason', 'to', 'be', 'more', 'bullish', 'on', 'apple', 'as', 'it', 'starts', 'getting', 'market', 'share', 'from', 'chinese', 'phone', 'manufacturers', 'in', 'places', 'like', 'india', 'thanks', 'to', 'xi', 'shooting', 'himself', 'in', 'the', 'foot', 'https fortune com apple iphone sales india store brand']",aapl,5,0.8498041323479515,1.0123738805808074
"['pls', 'microsoft', 'pls', 'moon']",msft,6,0.8986740686715058,0.9947215544161445
"['what s', 'aapl', 'and', 'msft', 'doing', 'in', 'euro', 'markets']",aapl,5,0.8498041323479515,1.0123738805808074
"['what s', 'aapl', 'and', 'msft', 'doing', 'in', 'euro', 'markets']",msft,5,0.8986740686715058,0.9947215544161445
"['aapl', 'spy', '', 'eow', 'market', 'may', 'fight', 'it', 'tuesday', 'but', 'come', 'thursday', 'shit', 'will', 'shake', 'off', 'this', 'nonsense', 'that', 'one', 'japanese', 'bank', 'caused', 'the', 'massive', 'recovery']",aapl,4,0.8498041323479515,1.0123738805808074
"['aapl', 'spy', '', 'eow', 'market', 'may', 'fight', 'it', 'tuesday', 'but', 'come', 'thursday', 'shit', 'will', 'shake', 'off', 'this', 'nonsense', 'that', 'one', 'japanese', 'bank', 'caused', 'the', 'massive', 'recovery']",spy,4,0.9514576485049332,1.0051973681835475
"['hrmmmmm', 'dow', 'up', 'nas', 'creeping', 'means', 'my', 'tim', 'apple', 'is', 'a', 'green', 'apple']",aapl,4,0.8498041323479515,1.0123738805808074
"['microsoft', 'and', 'tiktok', 'going', 'to', 'save', 'this', 'market', '', 'msft', 'c', 'easiest', 'money', 'ever']",msft,4,0.8986740686715058,0.9947215544161445
"['microsoft', 'and', 'tiktok', 'going', 'to', 'save', 'this', 'market', '', 'msft', 'c', 'easiest', 'money', 'ever']",save,4,1.0437500250610432,1.0182752536060162
"['i', 'bought', 'so', 'many', 'calls', 'on', 'spy', 'and', 'iwm', 'expecting', 'a', 'bounce', 'or', 'even', 'a', 'full', 'rebound', 'on', 'spx', 'and', 'rut', 'big', 'relief', 'es', 'and', 'rty', 'are', 'didn t', 'even', 'want', 'to', 'touch', 'nasdaq', 'softbank', 'put', 'a', 'target', 'on', 'their', 'back', 'making', 'big', 'bets', 'with', 'tech', 'calls', 'now', 'everyone', 'is', 'going', 'to', 'look', 'for', 'ways', 'to', 'fuck', 'with', 'them', 'so', 'they', 'can', 'get', 'some', 'of', 'that', 'money']",spy,5,0.9514576485049332,1.0051973681835475
"['spy', '', 'by', 'open']",spy,4,0.9514576485049332,1.0051973681835475
"['announce', 'a', 'stimmy', 'and', 'retail', 'pump', 'for', 'my', 'wmt', 'and', 'slv', 'calls', 'daddy', 'pump']",wmt,6,0.9805241892498153,0.971076935675551
"['while', 'i', 'was', 'busy', 'tracking', 'aapl', 'in', 'germany', 'i', 'totally', 'missed', 'nvax', 'up', 'almost', '', 'there', 'today']",aapl,4,0.8498041323479515,1.0123738805808074
"['i', 'bought', 'my', 'first', 'spy', 'put', 'last', 'friday', 'and', 'was', 'unable', 'to', 'sell', 'at', '', 'profit', 'because', 'of', 'pdt', '', 'i ve', 'been', 'able', 'to', 'day', 'trade', 'for', 'the', 'last', '', 'months', 'and', 'forgot', 'about', 'the', 'sub', 'k', 'rule', 'is', 'my', 'put', 'safe', 'exp', '', 'p', '']",spy,4,0.9514576485049332,1.0051973681835475
"['thank', 'god', 'i', 'got', 'rid', 'of', 'my', 'baba', 'calls', 'on', 'thursday']",baba,5,0.9336790374004934,1.0143211151976133
"['probably', 'time', 'to', 'upgrade', 'my', 'graphics', 'card', 'amd', 'or', 'nvidia']",amd,5,0.8560705396966735,0.9980781355539546
"['there', 'was', 'once', 'a', 'dream', 'that', 'was', 'spy', '', 'you', 'could', 'only', 'whisper', 'it', 'anything', 'more', 'than', 'a', 'whisper', 'and', 'it', 'would', 'vanish', 'it', 'was', 'so', 'fragile', 'and', 'i', 'fear', 'that', 'it', 'will', 'not', 'survive', 'the', 'winter', '', 'marcus', 'aurelius']",spy,4,0.9514576485049332,1.0051973681835475
"['amd', 'bikes', 'means', 'that', 'amd', 'is', 'diversifying', 'therefore', 'buy', 'amd', 'calls', '']",amd,6,0.8560705396966735,0.9980781355539546
"['if', 'dow', 'stays', 'cracked', 'like', 'this', 'ba', 'is', 'gonna', 'have', 'one', 'of', 'those', 'jun', '', 'weeks', 'again']",ba,9,0.9435885155874097,0.9972859050665897
"['softbank', 'microsoft', '']",msft,9,0.8986740686715058,0.9947215544161445
"['is', 'spy', 'racist', 'for', 'not', 'including', 'a', 'company', 'led', 'by', 'real', 'african american']",spy,9,0.9514576485049332,1.0051973681835475
"['he', 'love', 'to', 'fuk', 'bears', 'little', 'buttholes', 'and', 'sniff', 'escorts', 'anuses', 'rip', 'chest', 'on', 'fist', 'cock', 'on', 'lock', 'spy', '', 'eom']",spy,8,0.9514576485049332,1.0051973681835475
"['the', 'germans', 'don t', 'care', 'about', 's p', 'inclusion', 'tesla', 'is', 'actually', 'up', '', 'in', 'germany']",tsla,7,0.6576054124789628,1.1787078514527738
"['guys', 'i', 'am', 'too', 'deep', 'in', 'spy', 'calls', 'we', 'are', 'opening', 'red']",spy,9,0.9514576485049332,1.0051973681835475
"['tubi', 'blurred', 'out', 'the', 'titties', 'in', 'death', 'race', '', 'puts', 'on', 'fox']",fox,5,1.017543885304881,1.0402319418785144
"['every', 'time', 'i', 'bought', 'calls', 'on', 'dfen', '', 'dis', 'a', 'few', 'months', 'ago', 'i', 'lost', 'my', 'ass', 'if', 'this', 'country', 'doesn t', 'want', 'war', 'or', 'happiness', 'then', 'what', 'the', 'fuck', 'do', 'they', 'want', 'apparently', 'we', 'want', 'shit', 'like', 'kodk', 'ipo', 'run', 'ups', 'trash', 'earnings', '', 'days', 'and', 'stock', 'splits']",dis,4,1.0172831929271025,0.994393473275502
"['if', 'my', '', 'c', 'aapl', 'call', 'prints', 'i ll', 'suck', 'all', 'of', 'your', 'dicks']",aapl,5,0.8498041323479515,1.0123738805808074
"['i', 'need', 'nvda', 'above', '', 'this', 'week']",nvda,4,0.8837536057367599,1.0969576470074598
"['i', 'have', 'spy', 'calls', 'but', 'i', 'want', 'nasdaq', 'to', 'go', 'green', 'so', 'we', 'all', 'moon', 'tuesday', 'morning']",spy,3,0.9514576485049332,1.0051973681835475
"['tesla', 'down', '', 'in', 'frankfurt', 'not', 'sure', 'what', 'that', 'means', 'to', 'any', 'of', 'you', '']",tsla,4,0.6576054124789628,1.1787078514527738
"['bought', 'amzn', 'c', '', 'last', 'week', 'before', 'the', 'sell', 'off', 'think', 'i', 'should', 'hold']",amzn,5,0.9026415836208802,0.9869497362287293
"['social', 'media', 'is', 'all', 'about', 'making', 'other', 'people', 'jealous', 'or', 'have', 'fomo', 'it s', 'one', 'big', 'cesspool', 'fb', 'puts']",fb,5,0.9200909759567537,0.9810896309868165
"['analysts', 'want', 'you', 'to', 'buy', 'ccl', 'over', 'aapl', '']",ccl,5,1.136730934871098,0.9994400767894689
"['analysts', 'want', 'you', 'to', 'buy', 'ccl', 'over', 'aapl', '']",aapl,5,0.8498041323479515,1.0123738805808074
"['so', 'the', 'guy', 'giving', 'out', 'gold', 'in', 'topics', 'about', 'tesla', 'here', 'was', 'not', 'elon', 'but', 'it', 'was', 'this', 'son', 'dude']",tsla,4,0.6576054124789628,1.1787078514527738
"['hulk', 'greenn', 'lets', 'go', 'qqq']",qqq,5,0.9070290209236862,1.010800193285966
"['sell', 'puts', 'on', 'apple', 'if', 'you', 'got', 'collateral', '']",aapl,4,0.8498041323479515,1.0123738805808074
"['what', 'we', 'thinking', 'of', 'nio']",nio,4,0.8755784071276194,1.0908561129301462
"['yall', 'are', 'sleepin', 'on', 'my', 'girl', 'lulu']",lulu,3,0.928836914826867,0.8940485985962662
"['i', 'swear', 'to', 'god', 'if', 'ba', 'tanks', 'my', 'airline', 'calls', 'tomorrow', '']",ba,4,0.9435885155874097,0.9972859050665897
"['is', 'aapl', 'having', 'an', 'event', 'tomorrow', 'or', 'just', 'an', 'event', 'announcement', 'think', 'it ll', 'even', 'matter']",aapl,5,0.8498041323479515,1.0123738805808074
"['my', 'nio', 'position s', 'getting', 'ripped', 'to', 'shreds', 'tomorrow', 'isn t', 'it']",nio,4,0.8755784071276194,1.0908561129301462
"['ko', 'helping', 'distribute', 'vaccine', 'using', 'intc', 'chips', 'to', 'power', 'the', 'supply', 'chain']",ko,5,1.0101399269341984,1.0037401604309777
"['ko', 'helping', 'distribute', 'vaccine', 'using', 'intc', 'chips', 'to', 'power', 'the', 'supply', 'chain']",intc,5,0.9607149397380281,1.0030452013609832
"['i', 'know', 'the', 'moment', 'i', 'dump', 'these', '', 'qqq', 'calls', 'the', 'ole', 'v', 'shape', 'will', 'commence', 'will', 'hold', 'through', 'thursday']",qqq,4,0.9070290209236862,1.010800193285966
"['need', 'lulu', 'to', 'moon', 'tmrw']",lulu,3,0.928836914826867,0.8940485985962662
"['', 'month', 'out', 'tight', 'strike', 'atm', 'call', 'debit', 'spreads', 'on', 'tesla', 'are', 'the', 'play', 'tomorrow', 'loading', 'to', 'the', 'tits']",tsla,3,0.6576054124789628,1.1787078514527738
"['will', 'be', 'using', 'margin', 'to', 'sell', 'puts', 'on', 'aapl']",aapl,4,0.8498041323479515,1.0123738805808074
"['finally', 'back', 'from', 'my', 'ban', 'for', 'saying', 'the', 'fucking', 'f', 'word', 'it s', 'good', 'to', 'be', 'back', 'fa', 'fam', 'it s', 'good', 'to', 'be', 'back', 'fam']",f,4,1.0384047606520457,1.0424597313458928
"['my', 'p', 'tesla', 'puts', 'are', 'gonna', 'print', 'tomorrow', 'lmao']",tsla,7,0.6576054124789628,1.1787078514527738
"['if', 'i', 'had', 'to', 'have', 'a', 'normie', 'job', 'i', 'think', 'i d', 'go', 'for', 'an', 'amzn', 'delivery', 'driver', 'job', 'i', 'hate', 'people', 'so', 'won t', 'have', 'to', 'deal', 'with', 'them', 'and', 'i', 'get', 'to', 'drive', 'around', 'all', 'day']",amzn,7,0.9026415836208802,0.9869497362287293
"['maybe', 'jpow', 'was', 'talking', 'mad', 'shit', 'coked', 'up', 'on', 'zoom', 'with', 'trump', 'before', 'the', 'presser', 'like', 'bro', 'i', 'could', 'legit', 'make', 'this', 'bitch', 'pump', 'on', 'any', 'news', 'go', 'out', 'there', 'and', 'try', 'to', 'crash', 'it', 'bring', 'back', 'the', 'trade', 'war', 'if', 'spy', 'closes', 'under', '', 'tomorrow', 'i ll', 'slide', 'you', 'a', 'billion', 'dollars', 'pussy', 'and', 'that s', 'why', 'he', 'was', 'late', 'i', 'will', 'literally', 'believe', 'anything', 'to', 'save', 'my', 'calls']",spy,7,0.9514576485049332,1.0051973681835475
"['maybe', 'jpow', 'was', 'talking', 'mad', 'shit', 'coked', 'up', 'on', 'zoom', 'with', 'trump', 'before', 'the', 'presser', 'like', 'bro', 'i', 'could', 'legit', 'make', 'this', 'bitch', 'pump', 'on', 'any', 'news', 'go', 'out', 'there', 'and', 'try', 'to', 'crash', 'it', 'bring', 'back', 'the', 'trade', 'war', 'if', 'spy', 'closes', 'under', '', 'tomorrow', 'i ll', 'slide', 'you', 'a', 'billion', 'dollars', 'pussy', 'and', 'that s', 'why', 'he', 'was', 'late', 'i', 'will', 'literally', 'believe', 'anything', 'to', 'save', 'my', 'calls']",save,7,1.0437500250610432,1.0182752536060162
"['apple', 'up', 'bigly', 'today', 'in', 'eurorich']",aapl,6,0.8498041323479515,1.0123738805808074
"['how', 'are', 'my', 'aapl', 'c', '', 'looking']",aapl,7,0.8498041323479515,1.0123738805808074
"['tesla', 'up', '', 'in', 'the', 'martian', 'pre market']",tsla,7,0.6576054124789628,1.1787078514527738
"['im', 'scared', 'for', 'my', 'tsla', 'shares', 'tomorrow', 'but', 'happy', 'to', 'learn', 'that', 'we', 'apparently', 'have', 'more', 'power', 'than', 'a', '', 'billion', 'dollar', 'japanese', 'bank', 'to', 'make', 'stocks', 'swing', 'going', 'in', 'on', 'aapl', 'calls']",aapl,5,0.8498041323479515,1.0123738805808074
"['am', 'i', 'reading', 'this', 'right', 'apple', 'up', '', 'on', 'the', 'dax']",aapl,5,0.8498041323479515,1.0123738805808074
"['need', 'the', 'ruskies', 'to', 'do', 'some', 'fucking', 'work', 'at', 'am', 'est', 'tonight tomorrow', 'call', 'your', 'russian', 'relatives', 'and', 'tell', 'them', 'to', 'get', 'any', 'state', 'sponsored', 'russian', 'crime', 'organizations', 'to', 'get', 'their', 'money', 'in', 'aapl', 'stat']",aapl,7,0.8498041323479515,1.0123738805808074
"['i m', 'so', 'fucked', 'i', 'literally', 'timed', 'the', 'top', 'perfectly', 'for', '', 'in', 'qqq', 'should', 'i', 'swap', 'for', 'spy']",qqq,6,0.9070290209236862,1.010800193285966
"['i m', 'so', 'fucked', 'i', 'literally', 'timed', 'the', 'top', 'perfectly', 'for', '', 'in', 'qqq', 'should', 'i', 'swap', 'for', 'spy']",spy,6,0.9514576485049332,1.0051973681835475
"['msge', '', 'msgs', 'and', 'maybe', 'some', 'ko', 'for', 'value reopening', 'rotation', 'tomorrow', 'at', 'open']",ko,3,1.0101399269341984,1.0037401604309777
"['what', 'are', 'the', 'chances', 'my', '', 'spy', 'call', '', 'print']",spy,3,0.9514576485049332,1.0051973681835475
"['market', 'do', 'you', 'like', 'this', 'price', 'everyone', 'no', 'that', 'price', 'sucks', 'ass', 'market', '', 'min', 'later', 'here', 'we', 'are', 'again', 'same', 'price', 'everyone', 'no', 'still', 'sucks', 'ass', 'market', '', 'min', 'later', 'how', 'about', 'now', 'everyone', 'omg', 'fuckin', 'luv', 'this', 'price', '']",luv,3,1.099348529648554,1.0224604660862902
"['i', 'short', 'the', 'spy', 'and', 'the', '', 'spy', 'won']",spy,3,0.9514576485049332,1.0051973681835475
"['fuck', 'i', 'forgot', 'the', 'market s', 'closed', 'guess', 'i', 'get', 'to', 'save', 'money']",save,3,1.0437500250610432,1.0182752536060162
"['wsb', 'last', 'week', 'tech', 'is', 'so', 'overvalued', 'lmao', '', 'trill', 'mcap', 'for', 'a', 'phone', 'company', 'wsb', 'tomorrow', 'why', 'are', 'my', 'aapl', 'calls', 'not', 'printing', '']",aapl,3,0.8498041323479515,1.0123738805808074
"['what s', 'aapl', 'doing', 'tmrw']",aapl,3,0.8498041323479515,1.0123738805808074
"['now', 'if', 'asia', 'pumps', 'later', 'tonight', 'and', 'eutopoors', 'do', 'same', 'tomorrow', 'morning', 'we', 'are', 'in', 'for', 'a', 'bump', 'but', 'why', 'the', 'eff', 'would', 'i', 'hold', 'any', 'tech', 'after', 'that', 'pump', 'particularly', 'aapl', 'which', 'will', 'also', 'get', 'pr', 'pump', 'in', 'morning', 'selling', 'those', 'itm', 'weeklies', 'i', 'got', 'by', 'am']",aapl,3,0.8498041323479515,1.0123738805808074
"['i m', 'a', 'little', 'worried', 'about', 'my', 'intc', 'calls']",intc,3,0.9607149397380281,1.0030452013609832
"['so', 'lulu', 'up', 'like', '', 'tmr', 'before', 'earnings', 'lol']",lulu,3,0.928836914826867,0.8940485985962662
"['started', 'selling', 'aapl', 'weeklies', 'let s', 'see', 'how', 'this', 'goes']",aapl,3,0.8498041323479515,1.0123738805808074
"['i', 'want', 'to', 'get', 'high', 'order', '', 'fries', 'supremes', 'with', 'guac', 'on', 'the', 'side', 'from', 'taco', 'bell', 'and', 'put', 'it', 'in', 'a', 'big', 'plate', 'then', 'sprink', 'with', 'shredded', 'cheese', 'fresh', 'cut', 'jalape os', 'and', 'put', 'it', 'in', 'the', 'oven', 'man', 'need', 'spy', 'to', 'dip', 'more', 'so', 'i', 'can', 'btfd', 'so', 'i', 'can', 'treat', 'myself']",spy,3,0.9514576485049332,1.0051973681835475
"['oh', 'snap', 'trump', 'pump', 'this', 'afternoon', 'maybe', 'he ll', 'give', 'an', 'update', 'on', 'the', 'tiktok', 'deal', 'and', 'how', 'he s', 'holding', 'china', 'accountable', 'to', 'divest', 'their', 'us', 'operations', 'to', 'a', 'us', 'co']",snap,3,0.9969244422618506,1.111981489050325
"['is', 'this', 'the', 'huge', 'dead', 'cat', 'bounce', 'for', 'bull', 'trap', 'tomorrow']",cat,3,1.0483518919619113,1.0442856242327632
"['what s', 'your', 'favorite', 'nke', 'shoe', 'x b', 'mine', 'was', 'the', 'nike', 'dunk', 'low', 'non sb', 'old school', 'now', 'i m', 'gravitating', 'towards', 'the', 'air', 'max', 's', 'although', 'not', 'a', 'fan', 'of', 'a', 'lot', 'of', 'their', 'colorways']",nke,3,1.0064286561113505,1.0717943920543582
"['vz', 'gang', 'on', 'that', '', 'billion', 'g', 'deal']",vz,3,1.0142084203775064,0.9921052928253655
"['why', 'would', 'you', 'buy', 'calls', 'on', 'ba', 'just', 'buy', 'a', 'safe', 'airline', 'like', 'aal', 'that', 'is', 'well', 'organized', 'and', 'with', 'little', 'debt']",ba,3,0.9435885155874097,0.9972859050665897
"['why', 'won t', 'the', 'faa', 'just', 'leave', 'ba', 'alone', 'who', 'cares', 'if', 'their', 'planes', 'kill', 'people']",ba,3,0.9435885155874097,0.9972859050665897
"['puts', 'on', 'ba']",ba,3,0.9435885155874097,0.9972859050665897
"['intel', 'moonin', 'tomorrow']",intc,3,0.9607149397380281,1.0030452013609832
"['i', 'have', '', '', '', 'otm', 'apple', 'nvidia', 'calls', 'any', 'thoughts']",aapl,3,0.8498041323479515,1.0123738805808074
"['i', 'bought', '', 'fb', 'c', '', 'because', 'they', 'were', 'only', '', 'ach', 'what', 'a', 'waste', 'of', 'money', 'i', 'could ve', 'bought', 'coke', 'with', 'that']",fb,3,0.9200909759567537,0.9810896309868165
"['to', 'sell', 'or', 'hold', 'tesla', 'pls', 'advise']",tsla,3,0.6576054124789628,1.1787078514527738
"['gonna', 'grab', 'a', 'weekly', 'tomorrow', '', 'should', 'i', 'go', 'with', 'pton', 'fdx', 'wmt', 'zs', 'work', 'or', 'tqqq']",wmt,3,0.9805241892498153,0.971076935675551
"['might', 'snag', 'some', 'calls', 'for', 'an', 'adbe', 'earnings', 'play', 'if', 'the', 'market', 'isn t', 'painted', 'red', 'tomorrow']",adbe,3,0.897339815306432,1.0297102896405148
"['is', 'separate', 'variation', 'or', 'scarves', 'and', 'suspenders', 'alive', 'or', 'did', 'they', 'rope', 'themselves', 'with', 'their', 'shit', 'dd', 'of', 'spy', '', 'yet']",spy,3,0.9514576485049332,1.0051973681835475
"['remember', 'bears', 'saying', 'shitcoin', 'dumping', 'was', 'a', 'sign', 'of', 'things', 'to', 'come', 'for', 'indexes', 'hahahahahahaha', 'aapl', 'has', 'a', 'bigger', 'market', 'cap', 'than', 'all', 'digital', 'cripto', 'combined']",aapl,7,0.8498041323479515,1.0123738805808074
"['aapl', '', 'open', 'tomorrow', 'dip', 'to', '', 'like', 'always', 'then', 'rally', 'to', 'close']",aapl,8,0.8498041323479515,1.0123738805808074
"['my', 'apple', '', 's', 'are', 'so', 'fucked', 'lol']",aapl,5,0.8498041323479515,1.0123738805808074
"['amazon', 'order', 'volume', 'through', 'the', 'roof', 'today', 'we', 'sold', 'out', 'of', 'all', 'ballpark', '', 'mission', 'products', 'in', 'the', 'first', '', 'hours', 'calls', 'on', 'america']",amzn,5,0.9026415836208802,0.9869497362287293
"['the', 'worst', 'part', 'of', 'this', 'tesla', 'c', 'weekly', 'i', 'bought', 'near', 'close', 'friday', 'is', 'i', 'have', 'to', 'fuckin', 'look', 'at', 'it', 'all', 'weekend', 'that', 'and', 'the', 'near', 'total', 'loss', 'on', 'it']",tsla,5,0.6576054124789628,1.1787078514527738
"['hear', 'me', 'out', 'trump', 'calling', 'to', 'intensify', 'the', 'trade', 'war', 'is', 'a', 'play', 'to', 'save', 'the', 'tiktok', 'deal', 'an', 'implied', 'threat', 'to', 'get', 'it', 'done', 'next', 'week', 'like', 'promised', 'articles', 'earlier', 'already', 'alluded', 'to', 'trump', 'searching', 'for', 'some', 'easy', 'foreign', 'policy', 'wins', 'bringing', 'home', 'tiktendies', 'is', 'like', 'a', 'win win win', 'in', 'trump s', 'eyes', 'rolling', 'all', 'my', 'free', 'cash', 'into', 'msft', 'tomorrow', 'at', 'open']",save,5,1.0437500250610432,1.0182752536060162
"['hear', 'me', 'out', 'trump', 'calling', 'to', 'intensify', 'the', 'trade', 'war', 'is', 'a', 'play', 'to', 'save', 'the', 'tiktok', 'deal', 'an', 'implied', 'threat', 'to', 'get', 'it', 'done', 'next', 'week', 'like', 'promised', 'articles', 'earlier', 'already', 'alluded', 'to', 'trump', 'searching', 'for', 'some', 'easy', 'foreign', 'policy', 'wins', 'bringing', 'home', 'tiktendies', 'is', 'like', 'a', 'win win win', 'in', 'trump s', 'eyes', 'rolling', 'all', 'my', 'free', 'cash', 'into', 'msft', 'tomorrow', 'at', 'open']",msft,5,0.8986740686715058,0.9947215544161445
"['tuesday', '', 'sep', 'positions', '', '', 'spy', 'p', 'b e', '', 'cost', '', '', '', 'kodk', 'p', 'sell', 'credit', '', '', '', 'spy', 'c', 'b e', '', 'cost', '', '', '', 'aapl', 'c', 'b e', '', 'cost', '', '', '', 'intc', 'c', 'b e', '', 'cost', '', '', '', 'nio', 'c', 'b e', '', 'cost', '', '', 'kodk', 'shares', 'avg', 'cost', '', 'for', 'selling', 'covered', 'calls selling', 'when', 'a', 'random', 'run', 'up', 'happens']",spy,5,0.9514576485049332,1.0051973681835475
"['tuesday', '', 'sep', 'positions', '', '', 'spy', 'p', 'b e', '', 'cost', '', '', '', 'kodk', 'p', 'sell', 'credit', '', '', '', 'spy', 'c', 'b e', '', 'cost', '', '', '', 'aapl', 'c', 'b e', '', 'cost', '', '', '', 'intc', 'c', 'b e', '', 'cost', '', '', '', 'nio', 'c', 'b e', '', 'cost', '', '', 'kodk', 'shares', 'avg', 'cost', '', 'for', 'selling', 'covered', 'calls selling', 'when', 'a', 'random', 'run', 'up', 'happens']",aapl,5,0.8498041323479515,1.0123738805808074
"['tuesday', '', 'sep', 'positions', '', '', 'spy', 'p', 'b e', '', 'cost', '', '', '', 'kodk', 'p', 'sell', 'credit', '', '', '', 'spy', 'c', 'b e', '', 'cost', '', '', '', 'aapl', 'c', 'b e', '', 'cost', '', '', '', 'intc', 'c', 'b e', '', 'cost', '', '', '', 'nio', 'c', 'b e', '', 'cost', '', '', 'kodk', 'shares', 'avg', 'cost', '', 'for', 'selling', 'covered', 'calls selling', 'when', 'a', 'random', 'run', 'up', 'happens']",intc,5,0.9607149397380281,1.0030452013609832
"['tuesday', '', 'sep', 'positions', '', '', 'spy', 'p', 'b e', '', 'cost', '', '', '', 'kodk', 'p', 'sell', 'credit', '', '', '', 'spy', 'c', 'b e', '', 'cost', '', '', '', 'aapl', 'c', 'b e', '', 'cost', '', '', '', 'intc', 'c', 'b e', '', 'cost', '', '', '', 'nio', 'c', 'b e', '', 'cost', '', '', 'kodk', 'shares', 'avg', 'cost', '', 'for', 'selling', 'covered', 'calls selling', 'when', 'a', 'random', 'run', 'up', 'happens']",nio,5,0.8755784071276194,1.0908561129301462
"['apple', 'going', 'up', 'tomorrow']",aapl,8,0.8498041323479515,1.0123738805808074
"['spy', 'puts', 'on', 'the', 'menu', 'for', 'tomorrow', '']",spy,10,0.9514576485049332,1.0051973681835475
"['for', 'the', 'first', 'time', 'i', 'have', 'k', 'day', 'trade', 'buying', 'power', 'since', 'i', 'opened', 'my', 'brokerage', 'account', 'if', 'aapl', 'go', 'down', 'to', '', 'again', 'tomorrow', 'i', 'will', 'buy', '', 'shares', 'and', 'will', 'sell', 'them', 'if', 'sp', 'goes', 'up', '', 'i', 'was', 'staring', 'at', 'my', 'computer', 'screen', 'on', 'friday', 'for', 'a', 'long', 'time', 'to', 'buy', '', 'shares', 'when', 'sp', 'was', 'around', '', 'but', 'never', 'pulled', 'the', 'trigger']",aapl,6,0.8498041323479515,1.0123738805808074
"['get', 'your', 'dte', 'puts', 'today', 'boys', 'spy', 'crashing', 'at', 'open']",spy,4,0.9514576485049332,1.0051973681835475
"['do', 'you', 'guys', 'think', 'sq', 'can', 'hit', '', 'by', 'end', 'of', 'year']",sq,3,0.8440628764701896,1.0539376664910363
"['aapl', 'leaps', 'and', 'zm', 'put', 'leaps']",aapl,4,0.8498041323479515,1.0123738805808074
"['aapl', 'leaps', 'and', 'zm', 'put', 'leaps']",zm,4,0.7983436033002395,1.1505845329923114
"['need', 'some', 'confirmation', 'bias', 'on', 'whether', 'or', 'not', 'my', '', 'spy', 'calls', 'are', 'gonna', 'print']",spy,5,0.9514576485049332,1.0051973681835475
"['looking', 'for', 'apple', 'to', 'rise', '', 'so', 'i', 'can', 'break', 'even', 'please', '']",aapl,6,0.8498041323479515,1.0123738805808074
"['jpow', 'doesn t', 'do', 'corrections', 'only', 'big', 'green', 'erections', 'spy', '', 'eom']",spy,5,0.9514576485049332,1.0051973681835475
"['', 'spy', 'puts', 'i', 'feel', 'like', 'everyone', 'had', 'the', 'long', 'weekend', 'to', 'digest', 'softbank', 'news', 'even', 'softbank', 'needs', 'to', 'close', 'their', 'positions', 'asap', 'word', 'is', 'out']",spy,4,0.9514576485049332,1.0051973681835475
"['any', 'news', 'with', 'airbnb', 'is', 'it', 'a', 'spac', 'or', 'a', 'real', 'ipo', 'and', 'what', 'month', 'etc', 'google', 'isn t', 'telling', 'me', 'shit']",goog,2,0.9363081515532652,0.9907206471570897
"['what', 'do', 'you', 'guys', 'need', 'spy', 'to', 'open', 'at', 'on', 'tuesday']",spy,2,0.9514576485049332,1.0051973681835475
"['i', 'want', 'to', 'wirte', 'my', 'thesis', 'relating', 'to', 'spacs', 'getting', 'those', 'spce', 'flashbacks', 'lol', 'but', 'my', 'professor', 'says', 'i', 'need', 'to', 'come', 'up', 'with', 'something', 'more', 'specific', 'and', 'have', 'a', 'reasearch', 'question', 'to', 'answer', 'but', 'i m', 'kind', 'of', 'afraid', 'that', 'i', 'can t', 'find', 'enough', 'academic', 'sources', 'any', 'suggestions']",spce,2,0.9726104087291535,1.0610128149627374
"['what', 'is', 'spy', 'doing', 'tomorrow']",spy,2,0.9514576485049332,1.0051973681835475
"['what', 'strike', 'price', 'did', 'softbank', 'buy', 'nvda', 'and', 'tsla', 'at']",nvda,2,0.8837536057367599,1.0969576470074598
"['i', 'am', 'fucking', 'praying', 'my', 'nvda', '', 'and', '', 'calls', 'i', 'bought', 'on', 'thursday', 'aren t', 'fucking', 'dead', 'i m', 'either', 'going', 'to', 'be', 'swimming', 'in', 'tendies', 'or', 'living', 'under', 'a', 'bridge', 'if', 'they', 'bounce', 'to', 'ath']",nvda,2,0.8837536057367599,1.0969576470074598
"['survived', 'countless', 'rotations', 'out', 'of', 'tech', 'getting', 'worried', 'about', 'this', 'one', '', 'qqq', 'calls']",qqq,2,0.9070290209236862,1.010800193285966
"['srs', 'question', 'what', 'are', 'we', 'doing', 'with', 'tesla', 'tomorrow', 'cutting', 'our', 'losses', 'or', 'holding', 'and', 'praying', 'for', 'battery', 'day']",tsla,2,0.6576054124789628,1.1787078514527738
"['i', 'asked', 'the', 'magic', '', 'ball', 'spy', '', 'tomorrow', 'and', 'it', 'said', 'better', 'not', 'tell', 'you', 'now', '']",spy,2,0.9514576485049332,1.0051973681835475
"['qqq', '', 'put', 'fdn', '', 'put', 'pton', '', 'call', 'daytrade', 'after', 'that', 'im', 'cash', 'gang', 'til', 'election']",qqq,2,0.9070290209236862,1.010800193285966
"['is', 'anyone', 'still', 'bullish', 'on', 'lulu', 'calls', 'post earnings', 'or', 'is', 'everyone', 'too', 'jittery', 'about', 'the', 'overall', 'market', 'to', 'place', 'any', 'option', 'trade', 'with', 'some', 'degree', 'of', 'certainty', 'i', 'know', 'there', 'is', 'a', 'separate', 'dd', 'on', 'lulu', 'earnings', '', 'but', 'i', 'read', 'that', 'last', 'week', 'back', 'when', 'my', 'portfolio', 'was', '', 'bigger', 'and', 'i', 'wasn t', 'listening', 'to', 'dashboard', 'confessionals', 'on', 'repeat']",lulu,2,0.928836914826867,0.8940485985962662
"['my', 'aapl', 'shares', 'are', 'going', 'to', 'get', 'called', 'away', '']",aapl,2,0.8498041323479515,1.0123738805808074
"['jesus', 'now', 'italian', 'govt', 'is', 'after', 'apple', 'seriously', 'what s', 'with', 'all', 'government', 'going', 'after', 'apple', 'has', 'it', 'always', 'been', 'like', 'this', 'seems', 'like', 'extra', 'these', 'days', 'they', 'really', 'have', 'ego', 'problem', 'or', 'something']",aapl,2,0.8498041323479515,1.0123738805808074
"['as', 'a', 'goof', 'when', 'i m', 'putting', 'my', '', 'month', 'old', 'down', 'for', 'his', 'nap', 'i ll', 'put', 'as', 'i', 'lay', 'dying', '', 'through', 'struggle', 'on', 'the', 'google', 'home', 'while', 'i m', 'rocking', 'him', 'i', 'don t', 'know', 'who', 'finds', 'it', 'funnier', 'when', 'my', 'wife', 'gets', 'pissed', 'me', 'or', 'the', 'little', 'guy']",goog,2,0.9363081515532652,0.9907206471570897
"['msft', 'just', 'hit', '']",msft,2,0.8986740686715058,0.9947215544161445
"['where', 'the', 'fuk', 'are', 'my', 'ta', 'bears', 'are', 'rn', 'finished', 'snatching', 'the', 'rotten', 'apple', 'from', 'the', 'campsite', 'jk', 'futures', 'don t', 'matter', 'still']",aapl,2,0.8498041323479515,1.0123738805808074
"['did', 'i', 'fuck', 'up', 'for', 'buying', 'aapl', 'calls', 'instead', 'of', 'spy', 'calls']",aapl,2,0.8498041323479515,1.0123738805808074
"['did', 'i', 'fuck', 'up', 'for', 'buying', 'aapl', 'calls', 'instead', 'of', 'spy', 'calls']",spy,2,0.9514576485049332,1.0051973681835475
"['buying', 'dis', 'calls', 'mulan', 'numbers', 'will', 'come', 'back', 'huge', 'despite', 'the', 'protest', 'shit', 'analysts', 'will', 'start', 'talking', 'about', 'the', 'disruption', 'of', 'the', 'movie', 'experience', 'etc', 'plus', 'when', 'the', 'economy', 'reopens', 'this', 'shit', 'is', 'going', 'to', 'the', 'moon', 'disney', 'has', 'one', 'of', 'those', 'unassailable', 'brands', 'like', 'apple', 'going', 'to', '', 'guaranteed']",dis,2,1.0172831929271025,0.994393473275502
"['buying', 'dis', 'calls', 'mulan', 'numbers', 'will', 'come', 'back', 'huge', 'despite', 'the', 'protest', 'shit', 'analysts', 'will', 'start', 'talking', 'about', 'the', 'disruption', 'of', 'the', 'movie', 'experience', 'etc', 'plus', 'when', 'the', 'economy', 'reopens', 'this', 'shit', 'is', 'going', 'to', 'the', 'moon', 'disney', 'has', 'one', 'of', 'those', 'unassailable', 'brands', 'like', 'apple', 'going', 'to', '', 'guaranteed']",aapl,2,0.8498041323479515,1.0123738805808074
"['are', 'you', 'even', 'a', 'bull', 'if', 'you', 'didn t', 'buy', 'tesla', '', 'c', 'on', 'friday']",tsla,2,0.6576054124789628,1.1787078514527738
"['aapl', 'price', 'tomorrow']",aapl,2,0.8498041323479515,1.0123738805808074
"['why', 'are', 'ppl', 'saying', 'apple', 'is', 'gonna', 'fly', 'tmrw', 'but', 'qqq', 'is', 'fucked', 'are', 'amazon', 'microsoft', 'fb', 'google', 'gonna', 'shit', 'the', 'bed', 'that', 'hard', 'tmrw', '', 'apple', 'is', 'largest', 'holding']",aapl,2,0.8498041323479515,1.0123738805808074
"['why', 'are', 'ppl', 'saying', 'apple', 'is', 'gonna', 'fly', 'tmrw', 'but', 'qqq', 'is', 'fucked', 'are', 'amazon', 'microsoft', 'fb', 'google', 'gonna', 'shit', 'the', 'bed', 'that', 'hard', 'tmrw', '', 'apple', 'is', 'largest', 'holding']",qqq,2,0.9070290209236862,1.010800193285966
"['why', 'are', 'ppl', 'saying', 'apple', 'is', 'gonna', 'fly', 'tmrw', 'but', 'qqq', 'is', 'fucked', 'are', 'amazon', 'microsoft', 'fb', 'google', 'gonna', 'shit', 'the', 'bed', 'that', 'hard', 'tmrw', '', 'apple', 'is', 'largest', 'holding']",amzn,2,0.9026415836208802,0.9869497362287293
"['why', 'are', 'ppl', 'saying', 'apple', 'is', 'gonna', 'fly', 'tmrw', 'but', 'qqq', 'is', 'fucked', 'are', 'amazon', 'microsoft', 'fb', 'google', 'gonna', 'shit', 'the', 'bed', 'that', 'hard', 'tmrw', '', 'apple', 'is', 'largest', 'holding']",msft,2,0.8986740686715058,0.9947215544161445
"['why', 'are', 'ppl', 'saying', 'apple', 'is', 'gonna', 'fly', 'tmrw', 'but', 'qqq', 'is', 'fucked', 'are', 'amazon', 'microsoft', 'fb', 'google', 'gonna', 'shit', 'the', 'bed', 'that', 'hard', 'tmrw', '', 'apple', 'is', 'largest', 'holding']",fb,2,0.9200909759567537,0.9810896309868165
"['why', 'are', 'ppl', 'saying', 'apple', 'is', 'gonna', 'fly', 'tmrw', 'but', 'qqq', 'is', 'fucked', 'are', 'amazon', 'microsoft', 'fb', 'google', 'gonna', 'shit', 'the', 'bed', 'that', 'hard', 'tmrw', '', 'apple', 'is', 'largest', 'holding']",goog,2,0.9363081515532652,0.9907206471570897
"['any', 'good', 'netflix', 'recommendations']",nflx,2,0.9519714837686128,0.9555778804133418
"['i ve', 'gotten', 'lucky', 'with', 'buying', 'amzn', 'calls', 'a', 'couple', 'times', 'got', 'out', 'before', 'the', 'recent', 'downswing', 'im', 'hesitant', 'to', 'buy', 'puts', 'because', 'stocks', 'only', 'go', 'up', 'but', 'i', 'also', 'dont', 'want', 'to', 'get', 'calls', 'because', 'nobody', 'really', 'seems', 'to', 'know', 'wtf', 'is', 'going', 'to', 'happen', 'should', 'i', 'sit', 'and', 'wait', 'another', 'week', 'or', 'am', 'i', 'being', 'a', 'nussie', 'and', 'missing', 'a', 'dip', 'opportunity']",amzn,2,0.9026415836208802,0.9869497362287293
"['really', 'want', 'to', 'get', 'into', 'fb', 'but', 'really', 'don t', 'want', 'to', 'buy', 'anything', 'until', 'market', 'decides', 'what', 'it', 'wants', 'to', 'do', 'with', 'the', 'softbank', 'tech', 'bubble']",fb,2,0.9200909759567537,0.9810896309868165
"['how', 'fucked', 'are', 'my', 'qqq', '', '', 'like', '', 'the', 'sequel', 'levels', 'of', 'fucked']",qqq,2,0.9070290209236862,1.010800193285966
"['what s', 'apple', 'trading', 'at', 'in', 'frankfurt']",aapl,2,0.8498041323479515,1.0123738805808074
"['nfl', 'starts', 'this', 'thursday', 'dkng', 'and', 'penn', 'really', 'didn t', 'sell', 'off', 'much', 'i ll', 'start', 'grabbing', 'october', 'calls']",penn,2,1.0375164124644354,1.2345074538925684
"['tesla', 'was', '', 'in', 'frankfurt', 'at', 'eod']",tsla,2,0.6576054124789628,1.1787078514527738
"['so', 'we', 'can', 'all', 'leverage', 'our', 'trades', 'using', 'big', 'boy', 'algorithms', 'that', 'follow', 'options', 'moves', 'this', 'probably', 'explains', 'tesla']",tsla,2,0.6576054124789628,1.1787078514527738
"['aapl', 'hitting', '', 'by', 'december', 'should', 'be', 'reasonable', 'enough', 'reduced', 'my', 'risk', 'a', 'little', 'today', 'also', 'shorting', 'slv', 'now', 'good', 'luck', 'with', 'your', 'bets', 'tomorrow', '']",aapl,2,0.8498041323479515,1.0123738805808074
"['is', 'aapl', 'in', 'the', 'dow', 'because', 'i m', 'breaking', 'up', 'with', 'tech']",aapl,2,0.8498041323479515,1.0123738805808074
"['if', 'anyone', 'thinks', 'nvda', 'is', 'going', 'to', 'do', 'better', 'than', 'during', 'the', 'height', 'of', 'the', 'age', 'of', 'mining', 'the', 'coin', 'that', 'must', 'not', 'be', 'named', 'i', 'wish', 'them', 'luck', 'on', 'a', 'related', 'note', 'if', 'any', 'of', 'you', 'are', 'junking', 'your', 'old', 'card', 'let', 'me', 'know', '']",nvda,2,0.8837536057367599,1.0969576470074598
"['spy', 'calls', 'aapl', 'calls', 'and', 'vix', 'puts', 'feel', 'good', 'about', 'this', 'weeks', 'play', 'all', 'expire', 'friday']",spy,5,0.9514576485049332,1.0051973681835475
"['spy', 'calls', 'aapl', 'calls', 'and', 'vix', 'puts', 'feel', 'good', 'about', 'this', 'weeks', 'play', 'all', 'expire', 'friday']",aapl,5,0.8498041323479515,1.0123738805808074
"['i', 'repeat', 'spy', 'just', 'turn', 'green', '', 'now', 'tech', 'was', 'down', '', 'after', 'hours', 'friday', 'now', 'only', 'down', '']",spy,4,0.9514576485049332,1.0051973681835475
"['anyone', 'else', 'triple', 'down', 'on', 'their', 'aapl', 'c', '', 'on', 'friday']",aapl,3,0.8498041323479515,1.0123738805808074
"['battery', 'day', 'is', 'september', '', 'don t', 'forget', 'tesla', 'will', 'shoot', 'up', 'to', 'at', 'least', '']",tsla,3,0.6576054124789628,1.1787078514527738
"['spy', '', 'futures', '', 'up']",spy,4,0.9514576485049332,1.0051973681835475
"['so', 'spy', 'and', 'nasdaq', 'dump', 'huge', 'if', 'we', 'consider', 'thursday', 'and', 'friday', 'together', 'then', 'asia', 'doesn t', 'do', 'too', 'bad', 'europe', 'closed', 'blood', 'green', 'and', 'all', 'we', 'get', 'is', 'half', 'a', 'percent', 'green', 'in', 'spy', 'and', 'red', 'nasdaq', 'while', 'the', 'vix', 'is', 'at', '', '', 'i', 'have', 'closed', 'my', 'puts', 'on', 'friday', 'itself', 'but', 'this', 'doesn t', 'look', 'good', 'for', 'bulls', 'tbh']",spy,4,0.9514576485049332,1.0051973681835475
"['calls', 'on', 'fb', 'you', 'all', 'have', 'no', 'idea', 'how', 'addicting', 'instagram', 'reels', 'are']",fb,6,0.9200909759567537,0.9810896309868165
"['so', 'aapl', 'doesn t', 'trade', 'on', 'the', 'moex', 'yet', 'i', 'guess', 'their', 'market', 'hours', 'are', 'like', 'am', 'est', 'to', 'pm', 'maybe', 'we ll', 'see', 'late', 'tonight', 'how', 'fucked', 'aapl', 'bears', 'are']",aapl,5,0.8498041323479515,1.0123738805808074
"['i', 'still', 'have', 'to', 'work', 'today', 'such', 'bs', 'labor', 'day', 'my', 'ass', 'dis', '', '', 'calls']",dis,3,1.0172831929271025,0.994393473275502
"['yolo', 'aapl', 'c', '']",aapl,4,0.8498041323479515,1.0123738805808074
"['just', 'as', 'i', 'was', 'turning', 'full', 'bull', 'a', 'gay', 'bear', 'tries', 'to', 'turn', 'me', 'bi', 'greenie', 'weenie', 'week', 'please', 'spy', 'calls', 'depend', 'on', 'it']",spy,3,0.9514576485049332,1.0051973681835475
"['spy', 'call', 'gang', 'how', 'we', 'feelin', '']",spy,2,0.9514576485049332,1.0051973681835475
"['aapl', 'at', 'about', '', 'on', 'mexican', 'exchange', 'is', 'that', 'right']",aapl,3,0.8498041323479515,1.0123738805808074
"['ccl', 'appreciates', 'the', 'vaccine', 'pump']",ccl,2,1.136730934871098,0.9994400767894689
"['real', 'question', 'why', 'can t', 'wsb', 'form', 'a', 'hedgefund', 'think', 'we', 'all', 'would', 'make', 'money', 'like', 'the', 'days', 'of', 'msft', 'c', 'amd', 'tsla', '', 'early', 'this', 'year', 'etc']",msft,3,0.8986740686715058,0.9947215544161445
"['real', 'question', 'why', 'can t', 'wsb', 'form', 'a', 'hedgefund', 'think', 'we', 'all', 'would', 'make', 'money', 'like', 'the', 'days', 'of', 'msft', 'c', 'amd', 'tsla', '', 'early', 'this', 'year', 'etc']",amd,3,0.8560705396966735,0.9980781355539546
"['how', 'much', 'money', 'do', 'you', 'have', 'to', 'spend', 'on', 'a', 'position', 'for', 'it', 'to', 'stop', 'being', 'a', 'lotto', 'ticket', 'and', 'start', 'being', 'retarded', 'pfe', 'c', 'november', 'something']",pfe,3,0.9507806670577998,1.0131400093076808
"['nio', 'gonna', 'moon', 'boys', '', '', 'sep', '', 'calls']",nio,3,0.8755784071276194,1.0908561129301462
"['market', 'insiders', 'got', 'tesla', 'at', '', 'after', 'converting', 'euros', 'to', 'dollars']",tsla,3,0.6576054124789628,1.1787078514527738
"['spy', '', 'vix', 'both', 'green', 'uxvy', 'call', 'hedges', 'as', 'soon', 'as', 'that', 'opening', 'bell', 'rings']",spy,3,0.9514576485049332,1.0051973681835475
"['tesla', 'up', 'on', 'the', 'dax']",tsla,2,0.6576054124789628,1.1787078514527738
"['tesla', 'north', 'pole', 'ticker', 'mooning', 'rn']",tsla,3,0.6576054124789628,1.1787078514527738
"['wow', 'glad', 'i', 'bought', 'more', 'qqq', 'and', 'spy', 'puts']",qqq,4,0.9070290209236862,1.010800193285966
"['wow', 'glad', 'i', 'bought', 'more', 'qqq', 'and', 'spy', 'puts']",spy,4,0.9514576485049332,1.0051973681835475
"['i', 'just', 'felt', 'tesla', 'jump', '', 'on', 'that', 'nq', 'candle']",tsla,3,0.6576054124789628,1.1787078514527738
"['dame', 'tesla', '', 'frankfurt']",tsla,3,0.6576054124789628,1.1787078514527738
"['etsy', 'qqq', 'nvda', 'calls', '', 'tsla', 'puts', 'at', 'open']",qqq,4,0.9070290209236862,1.010800193285966
"['etsy', 'qqq', 'nvda', 'calls', '', 'tsla', 'puts', 'at', 'open']",nvda,4,0.8837536057367599,1.0969576470074598
"['spy', 'kangarooing', 'hard', 'red', 'green', 'red', 'green']",spy,2,0.9514576485049332,1.0051973681835475
"['i', 'knew', 'the', '', 'years', 'of', 'german', 'in', 'high', 'school', 'would', 'come', 'in', 'handy', 'apple', 'is', 'apfel', 'in', 'german', 'for', 'you', 'non speakers']",aapl,2,0.8498041323479515,1.0123738805808074
"['why', 'are', 'institutional', 'investors', 'and', 'wall', 'streets', 'are', 'so', 'against', 'tesla', 'is', 'it', 'ego', 'problem', 'like', 'elon s', 'bout', 'to', 'dik', 'down', 'all', 'their', 'oil', 'investment', 'or', 'is', 'it', 'cuz', 'he', 'might', 'become', 'the', 'richest', 'man', 'within', 'a', 'decade', 'and', 'they', 'can t', 'handle', 'a', 'non', 'american', 'being', 'that', 'what', 'is', 'it']",tsla,2,0.6576054124789628,1.1787078514527738
"['dow', 'jones', '', 'spy', '', 'nasdaq tech', '', 'r', 'fuk', '']",spy,2,0.9514576485049332,1.0051973681835475
"['what s', 'the', 'discrepancy', 'between', 'nasdaq', 'close', 'of', '', 'on', 'friday', 'and', 'yet', '', 'today', 'is', '', 'down', 'pretty', 'sure', 'qqq', 'after', 'hours', 'was', 'down', 'too']",qqq,2,0.9070290209236862,1.010800193285966
"['atvi', 'bull', 'here', 'video', 'game', 'stocks', 'ftw']",atvi,2,0.9086354709600389,1.0331680258011442
"['if', 'we', 'get', 'a', 'major', 'green', 'day', 'tomorrow', 'anyone', 'else', 'think', 'tesla', 'is', 'going', 'to', 'moon', 'failed', 'to', 'dip', 'under', '', 'in', 'germany', 'and', 'closed', 'around', '']",tsla,2,0.6576054124789628,1.1787078514527738
"['europe', 'had', 'great', 'numbers', 'expect', 'the', 'save', 'from', 'us']",save,2,1.0437500250610432,1.0182752536060162
"['baba', 'got', 'raped', 'in', 'hk', 'yesterday', 'expect', 'baba', 'to', 'drop', 'huge', 'on', 'tuesday']",baba,2,0.9336790374004934,1.0143211151976133
"['i', 'have', 'lulu', 'and', 'nvda', 'calls', 'this', 'week', '', 'and', '', 'how', 'am', 'i', 'looking', '']",lulu,2,0.928836914826867,0.8940485985962662
"['i', 'have', 'lulu', 'and', 'nvda', 'calls', 'this', 'week', '', 'and', '', 'how', 'am', 'i', 'looking', '']",nvda,2,0.8837536057367599,1.0969576470074598
"['do', 'you', 'guys', 'think', 'aapl', 'is', 'done', 'for', 'this', 'week', 'with', 'all', 'this', 'trade', 'war', 'speak', '']",aapl,2,0.8498041323479515,1.0123738805808074
"['should ve', 'bought', 'spy', 'calls', 'and', 'qqq', 'puts']",spy,1,0.9514576485049332,1.0051973681835475
"['should ve', 'bought', 'spy', 'calls', 'and', 'qqq', 'puts']",qqq,1,0.9070290209236862,1.010800193285966
"['i', 'am', 'jacked', 'up', 'to', 'my', 'cheeks', 'on', 'spy', 'puts', 'and', 'uvxy', 'calls', 'i', 'know', 'i', 'am', 'not', 'the', 'only', 'one', 'here', 'with', 'the', 'same', 'portafolio', 'tuesday', 'is', 'our', 'day', 'baby']",spy,1,0.9514576485049332,1.0051973681835475
"['tesla', 'drilled', 'in', 'europe', 'bearish', 'my', 'poots', 'are', 'going', 'to', 'feast', 'on', 'your', 'bubblicious', 'bull', 'ass', '', 'up', 'tomorrow']",tsla,1,0.6576054124789628,1.1787078514527738
"['moex', 'aapl', 'orders', 'gonna', 'pop', 'tuesday', 'is', 'for', 'the', 'boys']",aapl,1,0.8498041323479515,1.0123738805808074
"['is', 'apple', 'traded', 'in', 'germany', 'what s', 'it', 'doing']",aapl,1,0.8498041323479515,1.0123738805808074
"['how', 'can', 'vix', 'be', 'up', 'with', 'spy', 'after', 'a', 'recovery', 'after', 'the', 'dump']",spy,1,0.9514576485049332,1.0051973681835475
"['selling', 'spy', '', '', '', 'meet', 'me', 'lumbridge', 'w']",spy,1,0.9514576485049332,1.0051973681835475
"['thoughts', 'on', '', 'work', 'calls', 'remote', 'work', 'should', 'definitely', 'benefit', 'them', 'although', 'microsoft', 'teams', 'may', 'have', 'taken', 'away', 'significant', 'market', 'share']",msft,1,0.8986740686715058,0.9947215544161445
"['how', 'are', 'the', 'prpl', 'overlords', 'doing']",prpl,1,1.0108696069068412,1.3207546410914013
"['have', '', 'sep', 'th', '', 'amzn', 'puts', 'down', 'about', 'k', 'or', 'something', 'sell', 'or', 'hold']",amzn,1,0.9026415836208802,0.9869497362287293
"['which', 'vaccine', 'candidate', 'company', 'would', 'you', 'go', 'all', 'in', 'on', 'calls', 'moderna', 'or', 'pfizer']",mrna,1,0.8552093070447023,1.1025107908042477
"['which', 'vaccine', 'candidate', 'company', 'would', 'you', 'go', 'all', 'in', 'on', 'calls', 'moderna', 'or', 'pfizer']",pfe,1,0.9507806670577998,1.0131400093076808
"['so', 'i', 'sold', 'covered', 'puts', 'on', 'nio', 'friday', 'and', 'bought', 'calls', 'did', 'i', 'do', 'a', 'baddie']",nio,1,0.8755784071276194,1.0908561129301462
"['all', 'in', 'ko', 'at', 'open']",ko,1,1.0101399269341984,1.0037401604309777
"['give', 'me', 'something', 'to', 'watch', 'in', 'netflix']",nflx,1,0.9519714837686128,0.9555778804133418
"['nio', 'gsx', 'jd', 'baba', 'puts']",nio,1,0.8755784071276194,1.0908561129301462
"['nio', 'gsx', 'jd', 'baba', 'puts']",jd,1,0.9588627911568126,1.0077631097090871
"['nio', 'gsx', 'jd', 'baba', 'puts']",baba,1,0.9336790374004934,1.0143211151976133
"['nok', 'holders', 'it', 'is', 'going', 'to', 'be', 'tuff', 'tomorrow', '', 'hold', 'on']",nok,1,0.8453608217015379,0.9738096043636506
"['thoughts', 'on', 'save', 'calls', 'for', '', 'or', '', 'prices', 'are', 'dirt', 'cheap', 'if', 'vaccine', 'comes', 'in', 'early', '', 'as', 'expected', 'these', 'should', 'print', 'right']",save,1,1.0437500250610432,1.0182752536060162
"['msft', 'going', 'down', 'tomorrow', '']",msft,1,0.8986740686715058,0.9947215544161445
"['lulu', 'calls', 'tomorrow', 'or', 'what', 'boys']",lulu,1,0.928836914826867,0.8940485985962662
"['where', 'can', 'i', 'get', 'apple', 'european', 'data']",aapl,1,0.8498041323479515,1.0123738805808074
"['hey', 'frens', 'is', 'tesla', 'even', 'worth', 'playing', 'rn', 'i', 'wanna', 'go', 'long', 'for', 'battery', 'day', 'but', 'it s', 'just', 'so', 'hard', 'to', 'play']",tsla,1,0.6576054124789628,1.1787078514527738
"['are', 'my', 'tesla', '', 'c', 'fucked']",tsla,1,0.6576054124789628,1.1787078514527738
"['holding', 'spy', 'puts', 'and', 'nvda', 'calls', 'we', 'had', 'a', 'good', 'run', 'boys']",spy,1,0.9514576485049332,1.0051973681835475
"['holding', 'spy', 'puts', 'and', 'nvda', 'calls', 'we', 'had', 'a', 'good', 'run', 'boys']",nvda,1,0.8837536057367599,1.0969576470074598
"['with', 'a', 'tech', 'sell off', 'nkla', 'has', 'gotta', 'be', 'pennystock', 'bound', 'right', 'if', 'tsla', 'is', 'a', 'bubble', 'then', 'no', 'one', 'in', 'their', 'right', 'mind', 'could', 'honestly', 'maintain', 'that', 'nkla', 'is', 'even', 'close', 'to', 'fairly', 'valued', 'it', 'hasn t', 'been', 'around', 'long', 'enough', 'to', 'justify', 'a', 'price', 'based', 'on', 'its', 'charts', 'and', 'we', 'already', 'know', 'that', 'as', 'a', 'company', 'it', 'will', 'literally', 'never', 'provide', 'any', 'actual', 'value', 'except', 'to', 'its', 'psychopathic', 'elon cosplaying', 'retard', 'ceo', 'so', 'the', 'softbank', 'news', 'seems', 'like', 'a', 'solid', 'catalyst', 'to', 'send', 'it', 'to', 'the', 'ground', 'week', 'low', 'is', 'half', 'of', 'the', 'lowest', 'put', 'price', '', 'low p', 'and', 'considering', 'it', 'could', 'honestly', 'be', 'the', 'poster', 'child', 'for', 'everything', 'that s', 'about', 'to', 'correct', 'in', 'the', 'market', '', 'otm', 'almost', 'doesn t', 'even', 'feel', 'like', 'an', 'fd', 'it', 'has', 'dropped', '', 'in', '', 'a', 'week', 'multiple', 'times', 'without', 'a', 'catalyst', 'this', 'directly', 'impactful', 'but', 'it', 'is', 'still', 'priced', 'like', 'an', 'fd', 'great', 'cheap', 'play', 'with', 'some', 'pretty', 'good', 'upside', 'imo', 'just', 'a', 'thought', 'nkla', 'p', '', 'rolling', 'em', 'out', 'to', 'p', '', 'sometime', 'this', 'week']",nkla,2,1.241319434917688,0.7780434981636379
"['', 'spy', 'tuesday']",spy,1,0.9514576485049332,1.0051973681835475
"['long', 'live', 'our', 'soviet', 'motherland', 'built', 'by', 'the', 'people s', 'mighty', 'hand', 'long', 'live', 'our', 'people', 'united', 'and', 'free', 'strong', 'in', 'our', 'friendship', 'tried', 'by', 'fire', 'long', 'may', 'our', 'crimson', 'flag', 'inspire', 'shining', 'in', 'glory', 'for', 'all', 'men', 'to', 'see', 'x b', '', 'tim', 'apple']",aapl,2,0.8498041323479515,1.0123738805808074
"['spy', 'futes', 'lookin', 'bull pretty', 'been', 'a', 'bit', 'since', 'it', 'tested', 'new', 'support', 'though', 'probably', 'gonna', 'have', 'to', 'take', 'a', 'solid', 'bounce', 'off', '', 'if', 'it s', 'gonna', 'keep', 'the', 'trend', 'up', 'thinking', 'we ll', 'see', 'a', 'sell off', 'to', 'below', 'that', 'then', 'some', 'kangy', 'efforts', 'to', 'consolidate', 'at', '']",spy,1,0.9514576485049332,1.0051973681835475
"['think', 'about', 'it', 'even', 'if', 'the', 'polls', 'are', 'fake', 'what', 'motivation', 'does', 'trump', 'have', 'right', 'now', 'to', 'pump', 'the', 'markets', 'he', 'needs', 'to', 'win', 'the', 'election', 'and', 'fear', 'is', 'a', 'better', 'motivator', 'if', 'the', 'market', 'drops', 'he', 'can', 'say', 'see', 'this', 'is', 'what', 'a', 'biden', 'presidency', 'will', 'look', 'like', 'better', 'vote', 'for', 'me', 'or', 'kiss', 'your', 'gains', 'goodbye', 'edit', 'i', 'have', 'calls', 'mostly', 'ba', 'and', 'amzn', 'spreads']",ba,1,0.9435885155874097,0.9972859050665897
"['think', 'about', 'it', 'even', 'if', 'the', 'polls', 'are', 'fake', 'what', 'motivation', 'does', 'trump', 'have', 'right', 'now', 'to', 'pump', 'the', 'markets', 'he', 'needs', 'to', 'win', 'the', 'election', 'and', 'fear', 'is', 'a', 'better', 'motivator', 'if', 'the', 'market', 'drops', 'he', 'can', 'say', 'see', 'this', 'is', 'what', 'a', 'biden', 'presidency', 'will', 'look', 'like', 'better', 'vote', 'for', 'me', 'or', 'kiss', 'your', 'gains', 'goodbye', 'edit', 'i', 'have', 'calls', 'mostly', 'ba', 'and', 'amzn', 'spreads']",amzn,1,0.9026415836208802,0.9869497362287293
"['wait', 'hold', 'up', 'if', 'trump', 'is', 'gonna', 'fuck', 'over', 'any', 'company', 'that', 'works', 'with', 'china', 'what', 'does', 'that', 'do', 'to', 'aapl', 'and', 'tsla']",aapl,1,0.8498041323479515,1.0123738805808074
"['fuvking', 'rotation', 'outta', 'tech', 'such', 'an', 'obvious', 'move', 'dia', 'iwm', 'spy', 'eadickkkkkk', 'to', 'ath']",spy,1,0.9514576485049332,1.0051973681835475
"['where', 'do', 'we', 'see', 'spy', 'opening', 'tomorrow']",spy,1,0.9514576485049332,1.0051973681835475
"['finna', 'yolo', 'into', 'f', 'calls', '']",f,1,1.0384047606520457,1.0424597313458928
"['does', 'the', 'new', 'iphones', 'coming', 'out', 'next', 'week', 'my', 'phone', 'broken', 'it', 'shows', 'aapl', 'in', 'the', 'red']",aapl,1,0.8498041323479515,1.0123738805808074
"['thank', 'god', 'my', 'amd', 'calls', 'are', 'saved', 'https amdfanstore com amd custom mountain bike']",amd,1,0.8560705396966735,0.9980781355539546
"['i', 'sold', '', 'calls', 'for', 'the', 'th', 'on', '', 'apple', 'on', 'my', '', 'shares', 'i', 'hope', 'apple', 'stays', 'under', '']",aapl,1,0.8498041323479515,1.0123738805808074
"['oh', 'you', 'know', 'the', 'usually', 'play', 'waiting', 'to', 'play', 'a', 'little', 'call', 'on', 'tsla', 'a', 'little', 'call', 'on', 'aapl', 'a', 'little', 'call', 'on', 'nio', 'a', 'little', 'call', 'on', 'li in', 'the', 'mean', 'time', 'throw', 'this', 'boston', 'butt', 'in', 'the', 'smoker', 'drink', 'a', '', 'pack', 'grab', 'some', 'ass aaahhh', 'life', 'is', 'good']",aapl,1,0.8498041323479515,1.0123738805808074
"['oh', 'you', 'know', 'the', 'usually', 'play', 'waiting', 'to', 'play', 'a', 'little', 'call', 'on', 'tsla', 'a', 'little', 'call', 'on', 'aapl', 'a', 'little', 'call', 'on', 'nio', 'a', 'little', 'call', 'on', 'li in', 'the', 'mean', 'time', 'throw', 'this', 'boston', 'butt', 'in', 'the', 'smoker', 'drink', 'a', '', 'pack', 'grab', 'some', 'ass aaahhh', 'life', 'is', 'good']",nio,1,0.8755784071276194,1.0908561129301462
"['remember', 'when', 'people', 'used', 'to', 'say', '', 'all', 'the', 'time', 'those', 'were', 'the', 'good', 'days', 'spy', '', 'hehe']",spy,1,0.9514576485049332,1.0051973681835475
"['aapl', 'magic', 'mouse', 'is', 'a', 'game', 'changer', 'my', 'work', 'sent', 'me', 'one', 'and', 'i', 'love', 'it', 'so', 'much']",aapl,1,0.8498041323479515,1.0123738805808074
"['what', 'did', 'aapl', 'do', 'in', 'europe']",aapl,1,0.8498041323479515,1.0123738805808074
"['msft', 'just', 'hit', '']",msft,0,0.8986740686715058,0.9947215544161445
"['fuck', 'u', 'reddit', 'they', 'banned', 'my', 'teacher', 'and', 'mentor', 'l fba', 'for', 'saying', 'the', 'f', 'word', 'for', 'mods', 'and', 'british', 'cigarettes']",f,-1,1.0384047606520457,1.0424597313458928
"['aapl', 'trading', 'about', 'even', 'from', 'friday s', 'close']",aapl,0,0.8498041323479515,1.0123738805808074
"['how', 'do', 'you', 'know', 'what', 'sector', 'your', 'stock', 'is', 'in', 'like', 'zm', 'chwy', 'tsm', 'work', 'for', 'example']",zm,0,0.7983436033002395,1.1505845329923114
"['how', 'do', 'you', 'know', 'what', 'sector', 'your', 'stock', 'is', 'in', 'like', 'zm', 'chwy', 'tsm', 'work', 'for', 'example']",tsm,0,0.9650523070860474,1.0317866927558719
"['man', 'he', 'just', 'stuck', 'it', 'to', 'ba', 'and', 'lockheed']",ba,0,0.9435885155874097,0.9972859050665897
"['being', 'a', 'tesla', 'fan', 'boy', 'i m', 'disappointed', 'that', 'it', 'wasn t', 'included', 'in', 's p', 'but', 'after', 'some', 'research', 'it', 'seems', 'that', 'inclusion', 'kills', 'the', 'liquidity', 'of', 'underlying', 'im', 'leaning', 'towards', 'it', 'being', 'a', 'good', 'thing', 'most', 'etfs', 'are', 'buy', 'and', 'hold', 'and', 'only', 'sell', 'quarterly', 'to', 'rebalance', 'so', 'most', 'sp', 'stocks', 'aren t', 'traded', 'at', 'the', 'volumes', 'and', 'ferocity', 'that', 'tesla', 'trades', 'at', 'so', 'it', 'might', 'be', 'better', 'that', 'it', 'wasn t', 'included', 'because', 'it', 'allows', 'for', 'better', 'runs', 'not', 'being', 'on', 'a', 'index', 'fund', '']",tsla,0,0.6576054124789628,1.1787078514527738
"['rip', 'aapl', 'call', 'holders']",aapl,-1,0.8498041323479515,1.0123738805808074
"['bruhhh', 'intel', 'just', 'hit', '']",intc,-1,0.9607149397380281,1.0030452013609832
"['spy', 'put', 'spreads', 'for', '', 'what s', 'a', 'good', 'strike', '']",spy,-2,0.9514576485049332,1.0051973681835475
"['we', 'are', 'cucked', 'my', 'aapl', 'calls', 'for', '', 'are', 'rekt', 'i m', 'gg']",aapl,-2,0.8498041323479515,1.0123738805808074
"['are', 'intel', 'weeklys', 'a', 'good', 'buy', 'for', 'a', 'small', 'bet', 'like', '', '', 'c']",intc,-1,0.9607149397380281,1.0030452013609832
