"['me', 'holding', 'fubo', 'and', 'pltr', 'look', 'at', 'that', '', 'day', 'it s', 'back', 'to', 'the', 'price', 'two', 'weeks', 'and', 'one', 'week', 'ago', 'i m', 'now', 'only', 'down', '', 'on', 'both', 'haha']",fubo,64,1.0955341195979797,0.9711992161679763
"['i', 'fucking', 'hate', 'options', 'i m', 'never', 'trading', 'them', 'again', 'buys', 'spy', '', 'dte']",spy,43,0.9749417231882449,0.9991001978822555
"['my', 'spy', '', 'weeklies', 'are', 'beyond', 'fucked', 'right', 'now']",spy,31,0.9749417231882449,0.9991001978822555
"['imagine', 'if', 'gme', 'actually', 'squeezes', 'while', 'we', 'all', 'bleed', 'this', 'week', 'lol']",gme,23,0.9000994202210352,1.1587508947651461
"['really', 'fucking', 'tired', 'of', 'my', 'cat', 'puking', 'on', 'the', 'rug']",cat,19,0.9971428879168855,0.9817631322694196
"['gme', 'only', 'thing', 'keeping', 'me', 'afloat', 'how', 'ironic']",gme,20,0.9000994202210352,1.1587508947651461
"['you', 'guys', 'have', 'any', 'idea', 'how', 'many', 'fucking', 'hours', 'i ve', 'wasted', 'reading', 'trading', 'related', 'material', 'just', 'to', 'lose', 'every', 'cent', 'i ve', 'put', 'into', 'the', 'market', 'you', 'know', 'how', 'infuriating', 'it', 'is', 'to', 'watch', 'your', 'friends', 'make', 'tons', 'of', 'money', 'on', 'a', 'stupid', 'fucking', 'meme', 'coin', 'while', 'i', 'lose', 'every', 'extra', 'scrap', 'i', 'save', 'im', 'seriously', 'considering', 'seppuku']",coin,18,1.0459523943778326,0.7504840643617885
"['you', 'guys', 'have', 'any', 'idea', 'how', 'many', 'fucking', 'hours', 'i ve', 'wasted', 'reading', 'trading', 'related', 'material', 'just', 'to', 'lose', 'every', 'cent', 'i ve', 'put', 'into', 'the', 'market', 'you', 'know', 'how', 'infuriating', 'it', 'is', 'to', 'watch', 'your', 'friends', 'make', 'tons', 'of', 'money', 'on', 'a', 'stupid', 'fucking', 'meme', 'coin', 'while', 'i', 'lose', 'every', 'extra', 'scrap', 'i', 'save', 'im', 'seriously', 'considering', 'seppuku']",save,18,0.9450073009222072,1.0729135909543284
"['once', 'this', 'baby', 'breaks', '', 'im', 'taking', 'out', 'a', 'fradulant', 'mortgage', 'on', 'my', 'neighbors', 'house', 'and', 'using', 'it', 'to', 'buy', 'spy', 'calls', 'this', 'is', 'financial', 'advice']",spy,18,0.9749417231882449,0.9991001978822555
"['', 'man', 'the', 's', 'are', 'going', 'to', 'be', 'fucking', 'awesome', 'i', 'can t', 'wait', 'to', 'play', 'cool', 'raytraced', 'vr', 'video', 'games', 'in', 'my', 'house', 'that', 'i', 'can', 'finally', 'afford', 'i ll', 'probably', 'invite', 'all', 'my', 'friends', 'over', 'for', 'a', 'huge', 'party', 'x b', '', 'how', 'the', 'fuck', 'am', 'i', 'supposed', 'to', 'afford', 'a', 'graphics', 'card', 'the', 'cheapest', 'ones', 'start', 'at', 'k', 'and', 'i m', 'trying', 'to', 'save', 'for', 'a', 'downpayment', 'on', 'a', 'cuck', 'shed', 'riddled', 'with', 'bullet', 'holes', 'in', 'the', 'middle', 'of', 'the', 'ghetto', 'that', 'now', 'costs', 'k', 'in', 'the', 'current', 'housing', 'market', 'and', 'on', 'top', 'of', 'that', 'the', 'gas', 'stations', 'are', 'out', 'of', 'gas', 'and', 'i', 'can t', 'even', 'bum', 'a', 'ride', 'with', 'a', 'friend', 'because', 'he', 'is', 'terrified', 'of', 'the', 'pandemic', 'and', 'won t', 'share', 'a', 'car']",save,18,0.9450073009222072,1.0729135909543284
"['who', 'bought', 'the', 'gme', 'dip', 'yesterday']",gme,17,0.9000994202210352,1.1587508947651461
"['we', 'can', 'talk', 'about', 'gme', 'when', 'it s', 'green', 'right', 'right']",gme,18,0.9000994202210352,1.1587508947651461
"['gme', 'is', 'my', 'only', 'green', 'stock', 'how']",gme,16,0.9000994202210352,1.1587508947651461
"['spy', 'forming', 'a', 'double', 'cheeseburger', 'head', 'and', 'shoulders', 'spoon', 'formation', 'on', 'the', 'daily']",spy,16,0.9749417231882449,0.9991001978822555
"['nothing', 'like', 'watching', 'spy', 'drill', 'on', 'my', 'birthday']",spy,15,0.9749417231882449,0.9991001978822555
"['why', 'does', 'gme', 'going', 'up', 'a', 'few', 'dollars', 'even', 'matter', 'you', 'normies', 'aren t', 'selling', 'until', 'b share', 'anyways']",gme,14,0.9000994202210352,1.1587508947651461
"['i', 'had', 'held', 'off', 'buying', 'pltr', 'and', 'joining', 'that', 'retard', 'group', 'but', 'having', 'an', 'entry', 'below', '', 'and', 'seeing', 'their', 'earnings', 'report', 'said', 'f', 'it', 'and', 'threw', 'some', 'bills', 'at', 'it', 'officially', 'a', 'pltretard']",f,14,0.9809523581475533,1.049393387929673
"['i', 'bought', 'gme', 'weeklies', 'just', 'now']",gme,14,0.9000994202210352,1.1587508947651461
"['my', '', 'aapl', 'calls', 'just', 'dropped', 'to', '', '']",aapl,14,0.9615961604795944,1.0104538160419456
"['if', 'you d', 'put', '', 'in', 'spy', '', 'days', 'ago', 'you', 'were', 'now', 'poorer']",spy,13,0.9749417231882449,0.9991001978822555
"['gme', 'just', 'sitting', 'there', 'retardedly']",gme,12,0.9000994202210352,1.1587508947651461
"['looks', 'like', 'spy', 'is', 'heading', 'back', 'to', 's']",spy,13,0.9749417231882449,0.9991001978822555
"['amc', 'does', 'not', 'give', 'a', 'fuck']",amc,12,1.1061093010947118,1.2602194097545008
"['we', 'need', 'a', 'company', 'like', 'enron', 'to', 'save', 'us']",save,11,0.9450073009222072,1.0729135909543284
"['gme', 'negative', 'beta', 'coming', 'through']",gme,12,0.9000994202210352,1.1587508947651461
"['if', 'gme', 'really', 'pops', 'on', 'the', '', 'no', 'one', 'for', 'the', 'rest', 'of', 'time', 'will', 'be', 'able', 'to', 'convince', 'me', 'we re', 'not', 'in', 'a', 'simulation']",gme,12,0.9000994202210352,1.1587508947651461
"['i m', 'up', 'so', 'much', 'on', 'my', 'spy', 'puts', 'today']",spy,12,0.9749417231882449,0.9991001978822555
"['cathie', 'is', 'an', 'actual', 'idiot', 'she', 'made', 'a', 'bunch', 'of', 'money', 'on', 'an', 'unpredictable', 'tesla', 'euphoria', 'rally', 'then', 'fancied', 'herself', 'a', 'genius', 'and', 'fomo d', 'into', 'everything', 'at', 'the', 'top', 'of', 'a', 'bubble', 'shes', 'basically', 'just', 'one', 'of', 'you', 'idiots', 'who', 'gets', 'one', 'big', 'win', 'and', 'starts', 'going', 'around', 'calling', 'themselves', 'a', 'day', 'trader']",tsla,34,0.8665168432139946,0.9352188934350002
"['how', 'do', 'i', 'break', 'the', 'news', 'to', 'my', 'cat', 'that', 'i', 'gotta', 'sell', 'her', 'toys']",cat,11,0.9971428879168855,0.9817631322694196
"['', 'of', 'my', 'portfolio', 'now', 'resides', 'in', 'spy', '', 'c s']",spy,13,0.9749417231882449,0.9991001978822555
"['gme', 'bull', 'does', 'happy', 'dance', 'while', 'market', 'crumbles', 'to', 'shit', 'oh', 'yeah', 'gme', 'is', 'better', 'than', 'your', 'favorite', 'stock', 'hehe', 'money', 'moves', 'for', 'the', 'win']",gme,12,0.9000994202210352,1.1587508947651461
"['lol', 'gme', 'is', 'green']",gme,10,0.9000994202210352,1.1587508947651461
"['gamestonk', 'green', 'boomer', 'stocks', 'on', 'fire', 'i', 'love', 'it']",gme,11,0.9000994202210352,1.1587508947651461
"['spy', 'weeklies', 'before', 'power', 'hour', 'it ll', 'be', 'tendies', 'or', 'wendys', 'for', 'me']",spy,12,0.9749417231882449,0.9991001978822555
"['spy', 'was', '', 'two', 'days', 'ago', '', 'what', 'an', 'epic', 'bulltrap', 'monday', 'was']",spy,12,0.9749417231882449,0.9991001978822555
"['filing', 'charges', 'against', 'spy', 'for', 'sexual', 'assault']",spy,10,0.9749417231882449,0.9991001978822555
"['let s', 'go', 'fubo', 'and', 'pltr']",fubo,11,1.0955341195979797,0.9711992161679763
"['jim', 'cramer', 'buy', 'amd', 'amd', 'proceeds', 'to', 'dump', 'for', '', 'months', 'straight']",amd,11,0.9614839885410676,1.0151818760772495
"['i', 'hope', 'all', 'you', 'guys', 'yelling', 'circuit', 'breaker', 'know', 'there', 'has', 'to', 'be', 'a', '', 'drop', 'to', 'trip', 'the', 'first', 'one', 'spy', 'hasn t', 'even', 'dropped', '']",spy,9,0.9749417231882449,0.9991001978822555
"['bought', 'an', 'otm', 'spy', 'put', 'to', 'hedge', 'against', 'dips', 'in', 'my', 'portfolio', 'that', 'bitch', 'shot', 'up', '', 'and', 'is', 'now', 'my', 'biggest', 'gain', 'this', 'year', 'fugg']",spy,10,0.9749417231882449,0.9991001978822555
"['think', 'spy', 'can', 'hit', '', 'by', 'close', '', 'tomorrow', 'it', 'breaks', '']",spy,9,0.9749417231882449,0.9991001978822555
"['gme', 'green']",gme,10,0.9000994202210352,1.1587508947651461
"['sorry', 'people', 'all', 'of', 'this', 'is', 'happening', 'because', 'i', 'purchased', 'spy', 'my', 'bad']",spy,10,0.9749417231882449,0.9991001978822555
"['spy', 'and', 'qqq', 'still', 'near', 'ath', 'and', 'above', 'pre', 'pandemic', 'level', '', 'while', 'dow', 'few', 'day', 'ago', 'went', 'ath', 'and', 'you', 'retards', 'are', 'averaging', 'down', 'already', 'if', 'you', 'guys', 'cant', 'short', 'or', 'buy', 'put', 'then', 'stay', 'idle', 'inflation', 'is', 'real', 'and', 'the', 'selloff', 'just', 'started', 'wait', 'for', 'it', 'to', 'really', 'bottom', 'down', 'and', 'then', 'buy', 'calls', 'or', 'stock']",spy,9,0.9749417231882449,0.9991001978822555
"['spy', 'and', 'qqq', 'still', 'near', 'ath', 'and', 'above', 'pre', 'pandemic', 'level', '', 'while', 'dow', 'few', 'day', 'ago', 'went', 'ath', 'and', 'you', 'retards', 'are', 'averaging', 'down', 'already', 'if', 'you', 'guys', 'cant', 'short', 'or', 'buy', 'put', 'then', 'stay', 'idle', 'inflation', 'is', 'real', 'and', 'the', 'selloff', 'just', 'started', 'wait', 'for', 'it', 'to', 'really', 'bottom', 'down', 'and', 'then', 'buy', 'calls', 'or', 'stock']",qqq,9,0.9638946503084432,1.0073696570296258
"['i ll', 'bet', 'anyone', 'in', 'here', 'that', 'amc', 'goes', 'to', '', 'tomorrow']",amc,10,1.1061093010947118,1.2602194097545008
"['i', 'cashed', 'out', 'k', 'on', 'stocks', 'and', 'etfs', 'when', 'spy', 'hit', '', 'today', 'i m', 'not', 'buying', 'any', 'dips']",spy,10,0.9749417231882449,0.9991001978822555
"['aso', 'baba', 'pltr', 'xom']",baba,9,0.9682532398639844,0.9457149955111025
"['why', 'is', 'spy', 'still', 'fucking', 'red']",spy,10,0.9749417231882449,0.9991001978822555
"['amd', 'down', 'almost', '', 'ytd', 'makes', 'no', 'sense', 'for', 'a', 'company', 'thats', 'still', 'increasing', 'market', 'share']",amd,9,0.9614839885410676,1.0151818760772495
"['spy', '', 'inbound']",spy,9,0.9749417231882449,0.9991001978822555
"['spy', '', 'is', 'not', 'a', 'meme']",spy,9,0.9749417231882449,0.9991001978822555
"['fuck', 'a', 'duck', 'the', 'only', 'thing', 'green', 'in', 'my', 'account', 'is', 'amc']",amc,10,1.1061093010947118,1.2602194097545008
"['buy', 'spy', 'puts', 'spike', 'buy', 'spy', 'calls', 'dip', 'buy', 'support', 'new', 'low', 'sell', 'ath', 'spikes', 'higher', 'buy', 'dip', 'dips', 'lower', 'take', 'a', 'break', 'rally', 'watch', 'diligently', 'sideways']",spy,7,0.9749417231882449,0.9991001978822555
"['microsoft', '', 'meme', 'is', 'back', 'on', 'the', 'menu', 'boys']",msft,9,0.9697707562917723,1.0062409871822744
"['i ll', 'be', 'buying', 'a', 'tesla', 'an', 'iphone', 'instant', 'noodles', 'this', 'year']",tsla,9,0.8665168432139946,0.9352188934350002
"['of', 'course', 'tech', 'is', 'down', 'who', 'the', 'f', 'needs', 'tech', 'you', 'can', 'use', 'rocks', 'to', 'crush', 'things', 'fire', 'for', 'heat', 'what', 'we', 'don t', 'have', 'horses', 'anymore']",f,10,0.9809523581475533,1.049393387929673
"['save', 'every', 'penny', 'they', 'said', 'invest', 'in', 'the', 'market', 'they', 'said', 'you ll', 'get', 'rich', 'and', 'retire', 'comfortably', 'they', 'said']",save,10,0.9450073009222072,1.0729135909543284
['gme'],gme,9,0.9000994202210352,1.1587508947651461
"['gme', 'moon']",gme,8,0.9000994202210352,1.1587508947651461
"['sold', 'uwmc', 'yesterday', 'to', 'buy', 'aapl', '']",aapl,8,0.9615961604795944,1.0104538160419456
"['i', 'remember', 'when', 'i', 'thought', '', 'was', 'the', 'bottom', 'for', 'amd', 'lol']",amd,10,0.9614839885410676,1.0151818760772495
"['nkla', 'is', 'outperforming', 'tsla', '']",nkla,9,1.132432366021221,1.1101548834403974
"['bye', 'spy', 'that', 'inflation', 'report', 'says', 'you re', 'too', 'fat']",spy,9,0.9749417231882449,0.9991001978822555
"['timberrrrrrrrrrr', '', 'ceo', 'of', 'the', 'spy']",spy,9,0.9749417231882449,0.9991001978822555
"['i', 'mean', 'i', 'can', 'see', 'loosing', '', 'per', 'share', 'on', 'tesla', 'but', 'really', 'was', 'elon s', 'bombing', 'on', 'snl', 'soooo', 'bad', 'that', 'it', 'had', 'to', 'trash', 'the', 'entire', 'global', 'economy']",tsla,10,0.8665168432139946,0.9352188934350002
"['to', 'all', 'the', 'retards', 'that', 'bought', 'spy', 'puts', 'yesterday', 'i', 'commend', 'you']",spy,9,0.9749417231882449,0.9991001978822555
"['for', 'a', 'moment', 'spy', 'was', 'giving', 'me', 'a', '', 'not', 'found', 'error', 'it s', 'fixed', 'now']",spy,9,0.9749417231882449,0.9991001978822555
"['', 'c', 'spy', 'is', 'the', 'move']",spy,8,0.9749417231882449,0.9991001978822555
"['you', 'see', 'here s', 'the', 'thing', 'no', 'one', 'wants', 'this', 'party', 'to', 'end', 'because', 'there', 'is', 'nowhere', 'else', 'worth', 'putting', 'your', 'money', 'i m', 'loading', 'up', 'in', 'spy', 'calls']",spy,8,0.9749417231882449,0.9991001978822555
"['at', 'this', 'stage', 'i', 'can t', 'even', 'get', 'my', 'regular', 'spot', 'behind', 'the', 'wendy s', 'dumpster', 'i', 'guess', 'it s', 'arby s', 'for', 'me', 'today']",spot,9,0.9579618093567542,0.9801574648347612
"['i', 'know', 'today s', 'gonna', 'be', 'weird', 'because', 'i', 'see', 'a', 'bunch', 'of', 'red', 'in', 'premarket', 'but', 'sndl', 'is', 'green']",sndl,8,0.9213630386838044,0.9297573337312052
"['sndl', 'please', 'think', 'of', 'my', 'puts']",sndl,8,0.9213630386838044,0.9297573337312052
"['amc', 'does', 'not', 'give', 'a', 'fuck', 'about', 'job', 'numbers', 'or', 'inflation', 'fears', 'or', 'a', 'bloody', 'market', 'amc', 'does', 'whatever', 'the', 'fuck', 'amc', 'wants']",amc,8,1.1061093010947118,1.2602194097545008
"['', 'is', 'either', 'the', 'bottom', 'for', 'spy', 'or', 'hold', 'onto', 'your', 'butts']",spy,8,0.9749417231882449,0.9991001978822555
"['', 'borrow', 'rate', 'with', 'millions', 'of', 'shares', 'borrowed', 'on', 'amc', 'that s', 'gotta', 'hurt']",amc,7,1.1061093010947118,1.2602194097545008
"['bye', 'bye', 'ms', 'american', 'spy']",spy,7,0.9749417231882449,0.9991001978822555
"['spy', 'went', 'from', '', 'with', 'no', 'stops', 'and', 'u', 'bulls', 'are', 'surprised', 'it s', 'going', 'down']",spy,7,0.9749417231882449,0.9991001978822555
"['apple', 'has', 'dropped', 'over', '', 'billion', 'in', 'market', 'cap', 'this', 'last', 'month', '', 'billion', 'today', 'alone']",aapl,7,0.9615961604795944,1.0104538160419456
"['', 'down', 'from', 'qqq', 'ath', 'but', 'goddamn', 'feels', 'like', 'we', 'are', '', 'down', 'thanks', 'to', 'margin', 'i ll', 'never', 'learn']",qqq,8,0.9638946503084432,1.0073696570296258
"['my', 'only', 'consolation', 'is', 'whoever', 'sold', 'me', 'this', 'amd', 'call', 'has', 'lost', 'x', 'more', 'money', 'owning', 'the', 'stock', 'than', 'they', 'made', 'off', 'the', 'call']",amd,9,0.9614839885410676,1.0151818760772495
"['spy', 'dying', 'can', 'we', 'get', 'a', 'gun', 'salute', 'for', 'everyone', 'who', 'bought', 'calls']",spy,9,0.9749417231882449,0.9991001978822555
"['you', 'have', 'served', 'me', 'well', 'today', 'spy', '', 'x p', 'x p', 'x p', 'combo', 'account', 'up', '', 'on', 'the', 'day', 'and', 'back', 'to', 'where', 'i', 'was', 'a', 'year', 'ago', 'i ll', 'take', 'it']",spy,8,0.9749417231882449,0.9991001978822555
"['first', 'they', 'came', 'for', 'pltr', 'and', 'i', 'didn t', 'speak', 'out', 'next', 'they', 'came', 'for', 'dkng', 'and', 'i', 'didn t', 'speak', 'out', 'now', 'they', 'coming', 'for', 'fubo', 'and', 'i m', 'a', 'bag', 'holding', 'motherfucker']",fubo,7,1.0955341195979797,0.9711992161679763
"['yeah', 'i', 'would', 'like', 'to', 'know', 'who', 'just', 'bought', 'k', 'shares', 'of', 'spy', 'in', 'the', 'last', '', 'seconds', 'to', 'keep', 'it', 'away', 'from', '']",spy,9,0.9749417231882449,0.9991001978822555
"['im', 'actually', 'done', 'with', 'this', 'circus', 'gme', 'and', 'dogshit', 'corn', 'moons', 'when', 'proper', 'high', 'quality', 'companies', 'lag', 'behind']",gme,8,0.9000994202210352,1.1587508947651461
"['only', 'thing', 'that', 'can', 'save', 'this', 'market', 'is', 'oreo', 'pulling', 'their', 'most', 'stuf', 'off', 'the', 'shelves']",save,8,0.9450073009222072,1.0729135909543284
"['spy', 'green', 'eod']",spy,8,0.9749417231882449,0.9991001978822555
"['gme', 'being', 'unaffected', 'is', 'pretty', 'funny']",gme,7,0.9000994202210352,1.1587508947651461
"['spy', '', 'is', 'the', 'bottom', 'thank', 'goodness']",spy,7,0.9749417231882449,0.9991001978822555
"['anyone', 'else', 'looking', 'at', 'their', 'watchlist', 'and', 'the', 'only', 'green', 'spark', 'of', 'life', 'they', 'see', 'is', 'gme', 'fuckin', 'hell']",gme,8,0.9000994202210352,1.1587508947651461
"['spy', 'calls', 'uvxy', 'puts', 'tsla', 'calls', 'atnf', 'calls', 'levis', 'calls']",spy,8,0.9749417231882449,0.9991001978822555
"['yayyy', 'bottoms', 'in', 'time', 'to', 'get', 'back', 'to', 'yoloing', 'your', 'accounts', 'and', 'turn', 'this', 'spy', 'green', 'for', 'the', 'day']",spy,8,0.9749417231882449,0.9991001978822555
"['now', 'that', 'i', 'think', 'about', 'it', 'the', 'entire', 'year', 'of', '', 'was', 'just', 'a', 'dead', 'cat', 'bounce']",cat,9,0.9971428879168855,0.9817631322694196
"['remember', 'all', 'the', 'folks', 'back', 'in', 'march', 'who', 'said', 'spy', 'would', 'never', 'hit', '', 'we', 'about', 'to', 'prove', 'them', 'wrong', 'again']",spy,8,0.9749417231882449,0.9991001978822555
"['nikola', 'in', 'the', 'fucking', 'green', '']",nkla,8,1.132432366021221,1.1101548834403974
"['almost', '', 'weeks', 'of', 'spy', 'gains', 'erased', 'in', '', 'days', 'very', 'healthy', 'market']",spy,8,0.9749417231882449,0.9991001978822555
"['mommy', 'spy', 'touched', 'me', 'in', 'my', 'no', 'no', 'place']",spy,8,0.9749417231882449,0.9991001978822555
"['dis', 'earnings', 'leak', 'reveals', 'mickey', 'minney', 'announce', 'divorce', 'after', 'decades', 'mickey', 'sells', 'millions', 'of', 'dis', 'shares', 'said', 'to', 'be', 'starting', 'spac', 'with', 'goofy', 'and', 'bill', 'ackman']",dis,7,0.9730277234450904,0.9367460272893356
"['scalping', 'spy', 'calls', 'for', 'tomorrow who s', 'with', 'me']",spy,7,0.9749417231882449,0.9991001978822555
"['spy', 'to', 'under', '', '']",spy,8,0.9749417231882449,0.9991001978822555
"['nkla', '', 'how', 'is', 'that', 'scam', 'company', 'green']",nkla,8,1.132432366021221,1.1101548834403974
"['this', 'game', 'is', 'going', 'to', 'get', 'harder', 'and', 'harder', 'for', 'the', 'people', 'holding', 'overvalued', 'shitstocks', 'like', 'qs', 'sndl', 'plug']",sndl,7,0.9213630386838044,0.9297573337312052
"['this', 'game', 'is', 'going', 'to', 'get', 'harder', 'and', 'harder', 'for', 'the', 'people', 'holding', 'overvalued', 'shitstocks', 'like', 'qs', 'sndl', 'plug']",plug,7,0.9598618773364918,1.205882286450432
"['amd', 'aapl', 'and', 'baba', 'calls', '']",amd,6,0.9614839885410676,1.0151818760772495
"['amd', 'aapl', 'and', 'baba', 'calls', '']",aapl,6,0.9615961604795944,1.0104538160419456
"['amd', 'aapl', 'and', 'baba', 'calls', '']",baba,6,0.9682532398639844,0.9457149955111025
"['fubo', 'at', 'open', 'lfg']",fubo,7,1.0955341195979797,0.9711992161679763
"['reminder', 'that', 'i', 'hope', 'you', 'step', 'on', 'lego', 'if', 'you', 'write', 'appl', 'instead', 'of', 'aapl']",aapl,6,0.9615961604795944,1.0104538160419456
"['i', 'would', 'be', 'millionaire', 'if', 'i', 'had', 'started', 'a', 'short', 'position', 'instead', 'of', 'long', 'on', 'amd']",amd,6,0.9614839885410676,1.0151818760772495
"['spy', 'going', 'lower', 'today', 'or', 'you', 'guys', 'think', 'we', 'will', 'bounce']",spy,6,0.9749417231882449,0.9991001978822555
"['yoloed', 'k', 'worth', 'of', 'spy', 's', 'yesterday', '']",spy,8,0.9749417231882449,0.9991001978822555
"['am', 'i', 'the', 'only', 'one', 'thinking', 'spy', 'will', 'dig', 'itself', 'out', 'of', 'this']",spy,7,0.9749417231882449,0.9991001978822555
"['make', 'up', 'your', 'fucking', 'mind', 'already', 'spy', 'fuck']",spy,7,0.9749417231882449,0.9991001978822555
"['tesla', '', '']",tsla,8,0.8665168432139946,0.9352188934350002
"['this', 'game', 'fuckin', 'sucks', 'i m', 'returning', 'it', 'to', 'gamestop', 'for', '', 'in', 'store', 'credit']",gme,6,0.9000994202210352,1.1587508947651461
"['yolo d', 'my', 'last', '', 'dollars', 'for', '', 'amc', 'shares', 'my', 'last', 'hope', 'in', 'this', 'sea', 'of', 'red', 'is', 'to', 'make', '', 'dollars', 'and', 'go', 'home']",amc,6,1.1061093010947118,1.2602194097545008
"['how', 'is', 'spy', 'still', 'at', '']",spy,7,0.9749417231882449,0.9991001978822555
"['tlry', 'getting', 'killed', 'because', 'of', 'inflation', 'people', 'will', 'have', 'no', 'money', 'for', 'weed', 'so', 'will', 'go', 'with', 'the', 'free', 'alternative', 'of', 'spinning', 'around', 'real', 'fast', 'on', 'the', 'spot', 'in', 'their', 'yard', 'until', 'they', 'see', 'jeebus']",tlry,7,0.9314102165170763,0.9772284040077155
"['tlry', 'getting', 'killed', 'because', 'of', 'inflation', 'people', 'will', 'have', 'no', 'money', 'for', 'weed', 'so', 'will', 'go', 'with', 'the', 'free', 'alternative', 'of', 'spinning', 'around', 'real', 'fast', 'on', 'the', 'spot', 'in', 'their', 'yard', 'until', 'they', 'see', 'jeebus']",spot,7,0.9579618093567542,0.9801574648347612
"['the', 'spy', '', 'p', 'i', 'stop', 'lossed', 'on', 'monday', 'at', '', 'is', 'worth', '', 'now', 'fun', 'times']",spy,7,0.9749417231882449,0.9991001978822555
"['spy', '', 'eow']",spy,8,0.9749417231882449,0.9991001978822555
"['https twitter com deitaone status s https twitter com deitaone status s', 'pfizer', 'aims', 'to', 'use', 'drones', 'to', 'deliver', 'covid', 'vaccines']",pfe,8,1.0314448830266887,1.009888519724278
"['spy', '', 'eow', 'is', 'not', 'a', 'meme']",spy,8,0.9749417231882449,0.9991001978822555
"['give', 'spy', 'all', 'of', 'your', 'energy']",spy,7,0.9749417231882449,0.9991001978822555
"['damn', 'i', 'had', '', 'shares', 'of', 'arkg', 'with', 'a', 'cost', 'average', 'of', '', 'once', 'it', 'started', 'to', 'tumble', 'i', 'began', 'realizing', 'how', 'over', 'leveraged', 'i', 'was', 'bought', 'an', 'arkg', 'put', 'that', 'ended', 'up', 'printing', 'pretty', 'nicely', 'i', 'was', 'able', 'to', 'sell', 'most', 'of', 'my', 'position', 'without', 'losing', 'anything', 'thankfully', 'on', 'a', 'side', 'note', 'i', 'never', 'beat', 'the', 'market', 'so', 'it', 'seems', 'like', 'i', 'may', 'be', 'happier', 'burying', 'the', 'money', 'in', 'spy', 'and', 'just', 'fucking', 'off', 'entirely']",spy,7,0.9749417231882449,0.9991001978822555
"['spy', 'is', 'my', 'very', 'best', 'friend', 'in', 'this', 'whole', 'world']",spy,6,0.9749417231882449,0.9991001978822555
"['amd', 'green', 'eod']",amd,8,0.9614839885410676,1.0151818760772495
"['my', 'spy', 'calls', 'printing', '']",spy,6,0.9749417231882449,0.9991001978822555
"['not', 'even', 'a', 'dead', 'cat', 'bounce', 'just', 'straight', 'slingshot', 'down', 'till', 'close']",cat,7,0.9971428879168855,0.9817631322694196
"['cash', 'app', 'banned', 'my', 'account', 'and', 'hold', 'my', '', 'but', 'still', 'send', 'me', 'text', 'messages', 'about', 'stocks', 'and', 'they', 'wonder', 'why', 'i', 'buy', 'sq', 'puts']",sq,7,0.8786615886642919,0.9294472725216144
"['alright', '', 'gme', 'monthlies', 'it', 'is', '']",gme,7,0.9000994202210352,1.1587508947651461
"['my', 'thoughts', 'on', 'spy', 'are', 'still', '', 'eod', 'gif emote free emotes pack downvote']",spy,6,0.9749417231882449,0.9991001978822555
"['circuit', 'breakers', 'in', 'an', 'hour', 'if', 'spy', 'continues', 'like', 'this']",spy,8,0.9749417231882449,0.9991001978822555
"['today', 'marks', 'the', 'last', 'trading', 'day', 'i', 'will', 'be', 'seeing', 'in', 'a', 'while', 'it s', 'always', 'good', 'shitposting', 'with', 'you', 'guys', 'dte', 'spy', 'options', 'are', 'a', 'fickle', 'mistress']",spy,7,0.9749417231882449,0.9991001978822555
"['i', 'like', 'how', 'even', 'inflation', 'hedges', 'are', 'red', 'this', 'market', 'always', 'irrationally', 'sells', 'off', 'in', 'all', 'areas', 'i', 'don t', 'think', 'this', 'is', 'the', 'big', 'one', 'just', 'a', 'normal', 'ass', 'correction', 'since', 'we', 'were', 'at', 'spy', '']",spy,6,0.9749417231882449,0.9991001978822555
"['long', 'term', 'bag', 'holder', 'here', 'gonna', 'go', 'watch', 'fox', 'news', 'and', 'tend', 'to', 'my', 'tomato', 'garden', 'or', 'whatever', 'boomers', 'do']",fox,8,1.0175683507359834,0.9681903600223803
"['common', 'gme', 'calm', 'your', 'tits', 'i', 'have', 'a', 'weak', 'hart']",gme,7,0.9000994202210352,1.1587508947651461
"['god', 'fuck', 'amd']",amd,7,0.9614839885410676,1.0151818760772495
"['palantir', 'giveth', 'palantir', 'taketh', 'away']",pltr,7,0.898667886692242,1.0335000038146973
"['lol cathie', 'selling', 'spce', 'at', 'the', 'bottom']",spce,7,0.8039999961853027,0.9982659664381597
"['just', 'opened', 'a', 'small', 'amc', 'position', 'because', 'why', 'the', 'hell', 'not', 'this', 'feels', 'familiar']",amc,6,1.1061093010947118,1.2602194097545008
"['kinda', 'want', 'to', 'throw', 'k', 'on', 'some', 'spy', 'puts', 'expiring', 'friday', 'seems', 'like', 'free', 'money']",spy,6,0.9749417231882449,0.9991001978822555
"['will', 'tesla', 'ever', 'hit', '', 'again', 'asking', 'for', 'a', 'friend']",tsla,7,0.8665168432139946,0.9352188934350002
"['lets', 'go', 'amc', 'let s', 'go', 'on', 'a', 'rip']",amc,7,1.1061093010947118,1.2602194097545008
"['fuck', 'me', 'sold', '', 'spy', '', 'puts', 'yesterday', 'like', 'a', 'retard', 'i', 'should', 'go', 'back', 'flipping', 'burgers', '']",spy,8,0.9749417231882449,0.9991001978822555
"['who', 'else', 'is', 'loading', 'up', 'on', 'spy', 'calls', 'rn']",spy,7,0.9749417231882449,0.9991001978822555
"['don t', 'worry', 'guys', 'nikola', 'is', 'still', 'up', '', 'today']",nkla,7,1.132432366021221,1.1101548834403974
"['fuck', 'mara', 'and', 'riot', 'so', 'much']",mara,7,0.6802619909994041,0.8736418008533101
"['cash', 'gang', 'waiting', 'for', 'spy', '', 'before', 'biting']",spy,8,0.9749417231882449,0.9991001978822555
"['ok', 'spy', 'you', 'shit', 'the', 'bed', 'already', 'don t', 'have', 'to', 'do', 'it', 'again']",spy,6,0.9749417231882449,0.9991001978822555
"['so', 'uh', 'spy', 'lost', 'all', 'of', 'its', 'april', 'gains', 'in', 'the', 'last', 'two', 'days', 'dope']",spy,7,0.9749417231882449,0.9991001978822555
"['nkla', 'of', 'all', 'stocks', 'being', 'up', '', 'today', 'is', 'the', 'biggest', 'slap', 'in', 'the', 'face']",nkla,8,1.132432366021221,1.1101548834403974
"['the', 'people', 'buying', 'spy', 'right', 'now', 'got', 'some', 'massive', 'balls']",spy,7,0.9749417231882449,0.9991001978822555
"['my', 'retirement', 'accounts', 'performing', 'well', 'than', 'my', 'shitty', 'brokerage', 'accounts', 'fuck', 'you', 'tesla']",tsla,8,0.8665168432139946,0.9352188934350002
"['if', 'gme', 'hits', '', 'before', 'next', 'wednesday', 'i ll', 'get', 'drunk', 'in', 'epcot', 'but', 'i', 'might', 'do', 'it', 'anyway', 'so', 'don t', 'get', 'that', 'excited']",gme,43,0.9000994202210352,1.1587508947651461
"['dead', 'cat', 'triple', 'helix', 'formulated', '', 'rolling', 'elephant', 'pattern', 'emerging', 'from', 'the', 'chasdaq', 'translated', '', 'i m', 'fukd']",cat,18,0.9971428879168855,0.9817631322694196
"['bump', 'up', 'your', 'ask', 'prices', 'traders', 'want', 'in', 'spy', 'tsla', '']",spy,6,0.9749417231882449,0.9991001978822555
"['sndl', 'ready', 'to', 'go']",sndl,5,0.9213630386838044,0.9297573337312052
"['when', 'looking', 'for', 'gold', 'x', 'marks', 'the', 'spot', '', '', '', '']",spot,7,0.9579618093567542,0.9801574648347612
"['whose', 'bag', 'holding', 'mara', '', 'riot']",mara,7,0.6802619909994041,0.8736418008533101
"['fubo', 'testing', 'highs', 'not', 'seen', 'since', 'two', 'weeks', 'ago']",fubo,6,1.0955341195979797,0.9711992161679763
"['aso', 'pltr', 'and', 'baba', 'are', 'my', 'call', 'savers', 'today', 'pls', 'hold', 'thru', 'open', 'i', 'am', 'assuming', 'everything', 'else', 'is', 'going', 'to', '', 'i m', 'up', 'either', 'way', 'let s', 'open', 'the', 'casino']",baba,6,0.9682532398639844,0.9457149955111025
"['man i', 'am', 'holding', 'this', 'coin', 'like', 'a', 'mofo if', 'i', 'can', 'get', 'just', 'one', 'more', 'green', 'dildo just', 'one lol']",coin,6,1.0459523943778326,0.7504840643617885
"['somebody', 'plug', 'out', 'the', 'printers', 'out']",plug,7,0.9598618773364918,1.205882286450432
"['fubo', 'i m', 'sorry', 'for', 'all', 'the', 'mean', 'things', 'i ve', 'said', 'about', 'you', 'last', 'week']",fubo,7,1.0955341195979797,0.9711992161679763
"['lmao', 'spy', 'with', 'the', 'most', 'stable', 'open', 'all', 'month']",spy,6,0.9749417231882449,0.9991001978822555
"['spy', '', 'needs', 'to', 'break']",spy,6,0.9749417231882449,0.9991001978822555
"['spy', 'pick', 'a', 'fucking', 'direction']",spy,7,0.9749417231882449,0.9991001978822555
"['i ll', 'show', 'jpow', 'how', 'to', 'run', 'a', 'money', 'printer', 'spy', 'p', '']",spy,6,0.9749417231882449,0.9991001978822555
"['saruman', 'used', 'the', 'palantir', 'look', 'where', 'that', 'got', 'him', 'dead']",pltr,7,0.898667886692242,1.0335000038146973
"['stop', 'playing', 'with', 'me', 'amc']",amc,6,1.1061093010947118,1.2602194097545008
"['amd', 'to', 'the', 'moon']",amd,6,0.9614839885410676,1.0151818760772495
"['nasdaq', 'bby', 'who', 'hurt', 'you']",bby,6,0.988763091162788,0.9395091350665087
"['bought', 'fubo', 'put', 'right', 'before', 'the', 'drop', 'lol']",fubo,6,1.0955341195979797,0.9711992161679763
"['up', '', 'on', 'my', 'spy', 'puts', 'should', 'have', 'leveraged', 'my', 'whole', 'account']",spy,7,0.9749417231882449,0.9991001978822555
"['jesus', 'i m', 'so', 'deep', 'on', 'amd', 'leaps', 'i', 'think', 'subae s', 'ovaries', 'got', 'me', 'pregnant']",amd,6,0.9614839885410676,1.0151818760772495
"['ugh', 'i', 'blame', 'jpow', 'and', 'his', 'stupid', 'money', 'printer', 'during', 'covid', 'first', 'wave', 'crisis', 'spy', 'should ve', 'ideally', 'been', 'recovering', 'to', 'pre covid', 'prices', 'by', 'now', 'a', 'year', 'later', 'steady', 'increases']",spy,6,0.9749417231882449,0.9991001978822555
"['up', 'over', '', 'on', 'both', 'spy', 'puts', 'and', 'uvxy', 'calls', 'what', 'a', 'morning']",spy,6,0.9749417231882449,0.9991001978822555
"['i', 'know', 'there', 'are', 'haters', 'on', 'coin', 'but', 'tomorrow s', 'earnings', 'call', 'will', 'speak', 'for', 'itself', 'revenue', 'making', 'machine']",coin,8,1.0459523943778326,0.7504840643617885
"['i m', 'seeing', 'a', 'triple', 'diamond', 'buckaroo', 'mcgee', 'pattern', 'forming', 'on', 'this', 'spy', 'chart', 'expect', 'a', 'breakout', 'soon']",spy,6,0.9749417231882449,0.9991001978822555
"['too', 'late', 'for', 'spy', 'puts']",spy,7,0.9749417231882449,0.9991001978822555
"['spy', 'going', 'down', 'on', 'me', 'reminds', 'me', 'of', 'your', 'wife']",spy,6,0.9749417231882449,0.9991001978822555
"['remeber', 'when', 'we', 'were', 'freaking', 'out', 'because', 'aapl', 'broke', '']",aapl,7,0.9615961604795944,1.0104538160419456
"['fubo', 'ceo', 'looking', 'like', 'an', 'idiot', 'on', 'tv', 'rn', 'lmao']",fubo,5,1.0955341195979797,0.9711992161679763
"['remember', 'everyone', 'complaining', 'about', 'mvis', 'those', 'were', 'the', 'days']",mvis,5,0.9394366430824796,0.9900849614406912
"['bb', 'is', 'already', 'dead', 'why', 'are', 'people', 'trying', 'to', 'fuck', 'its', 'corpse']",bb,6,0.9754601449538223,1.0414634342068796
"['i', 'don t', 'think', 'you', 'guys', 'realize', 'how', 'hot', 'the', 'run', 'up', 'has', 'been', 'why', 'are', 'we', 'suprised', 'by', 'pullback', 'spy', '', 'then', 'balls', 'to', 'the', 'wall', 'with', 'calls']",spy,8,0.9749417231882449,0.9991001978822555
"['soo', 'my', 'spy', 'otm', 'weekly', 'puts', 'are', 'gonna', 'print']",spy,6,0.9749417231882449,0.9991001978822555
['f'],f,6,0.9809523581475533,1.049393387929673
"['you', 'dirty', 'bears', 'you', 'why', 'you', 'do', 'dis']",dis,6,0.9730277234450904,0.9367460272893356
"['i', 'hadn t', 'touch', 'options', 'in', 'months', 'and', 'then', 'for', 'some', 'godfuckingforsaken', 'reason', 'i', 'decide', 'last', 'monday', 'is', 'a', 'good', 'day', 'for', 'qqq', 'calls', 'whyyy']",qqq,6,0.9638946503084432,1.0073696570296258
"['are', 'these', 'people', 'retarded', 'x b', 'yahoo', 'finance', 'video', 'roblox', 'surges', 'palantir', 'reverses', 'up', 'uwm', 'holdings', 'falls', 'tue', 'may', '', '', '', 'am', 'pltr', '', 'rblx', '', 'uwmc', '', 'uwmc ws', '', 'julie', 'hyman', 'brian', 'sozzi', 'and', 'myles', 'udland', 'discuss', 'some', 'of', 'tuesday s', 'market', 'movers', 'palantir', 'recovers', 'earlier', 'losses', 'uwm', 'extends', 'losses', 'and', 'roblox', 'continues', 'to', 'build', 'momentum']",pltr,7,0.898667886692242,1.0335000038146973
"['are', 'these', 'people', 'retarded', 'x b', 'yahoo', 'finance', 'video', 'roblox', 'surges', 'palantir', 'reverses', 'up', 'uwm', 'holdings', 'falls', 'tue', 'may', '', '', '', 'am', 'pltr', '', 'rblx', '', 'uwmc', '', 'uwmc ws', '', 'julie', 'hyman', 'brian', 'sozzi', 'and', 'myles', 'udland', 'discuss', 'some', 'of', 'tuesday s', 'market', 'movers', 'palantir', 'recovers', 'earlier', 'losses', 'uwm', 'extends', 'losses', 'and', 'roblox', 'continues', 'to', 'build', 'momentum']",rblx,7,1.1357894553277725,1.013610054557214
"['spy', 'p', 'will', 'print', 'they', 'weren t', 'wrong', 'just', 'early']",spy,6,0.9749417231882449,0.9991001978822555
"['spy', 'i', 'heard', '', 'was', 'fucking', 'your', 'wife', 'why', 'don t', 'you', 'go', 'down', 'there', 'and', 'see', 'what s', 'going', 'on']",spy,7,0.9749417231882449,0.9991001978822555
"['qqq', '', 'away', 'from', 'a', '', 'correction']",qqq,6,0.9638946503084432,1.0073696570296258
"['buy', 'aapl', 'dip']",aapl,7,0.9615961604795944,1.0104538160419456
"['took', 'profits', 'on', 'my', 'amzn', 'p entry', '', 'yday exit', '']",amzn,6,0.9638960065462538,1.014693892881672
"['well', 'boys', 'i', 'bought', '', 'contracts', 'of', '', 'may', '', 'spy']",spy,6,0.9749417231882449,0.9991001978822555
"['big', 'mommy', 'milkers', 'oh', 'wait', 'this', 'isnt', 'google', 'images', 'haha']",goog,7,0.9525406614576046,1.0207807370581319
"['this', 'is', 'disgusting', 'f']",f,6,0.9809523581475533,1.049393387929673
"['even', 'fubo', 'is', 'dumping', 'now', 'after', 'opening', 'up', '']",fubo,5,1.0955341195979797,0.9711992161679763
['fubo'],fubo,5,1.0955341195979797,0.9711992161679763
"['cathie', 'sold', 'spce', 'out', 'of', 'her', 'space', 'fund', 'lmao', 'one', 'of', 'us']",spce,6,0.8039999961853027,0.9982659664381597
"['y all', 'remember', 'when', 'mvis', 'decided', 'to', 'report', 'earnings', 'early', 'and', 'everyone', 'thought', 'it', 'was', 'bullish', 'but', 'they', 'really', 'just', 'wanted', 'to', 'show', 'people', 'their', 'new', 'innovative', 'way', 'to', 'burn', 'cash']",mvis,7,0.9394366430824796,0.9900849614406912
"['spy', 'is', 'confused', 'it', 'hurt', 'itself', 'in', 'its', 'confusion']",spy,6,0.9749417231882449,0.9991001978822555
"['i', 'guess', 'selling', 'my', 'car', 'at', 'this', 'prices', 'is', 'not', 'gonna', 'be', 'such', 'a', 'bad', 'trade', 'as', 'buying', 'fubo', 'at', '']",fubo,6,1.0955341195979797,0.9711992161679763
"['a', 'lesson', 'in', 'paper diamond', 'hands', 'for', 'y all', 'sold', 'at', 'the', 'money', 'mara', '', 'p', 'awhile', 'back', 'and', 'was', 'down', 'down', 'finally', 'took', 'a', 'k', 'loss', 'on', 'it', 'yesterday', 'almost', 'wanted', 'to', 'diamond', 'hand', 'but', 'said', 'fuck', 'it', 'sure', 'as', 'fuck', 'glad', 'i', 'paper', 'handed', 'sometimes', 'shit', 'goes', 'against', 'you', 'and', 'it s', 'better', 'to', 'gtfo', 'than', 'go', 'down', 'with', 'the', 'ship']",mara,7,0.6802619909994041,0.8736418008533101
"['grabbed', 'some', 'amd', 'calls', 'strong', '', 'support', 'if', 'it', 'breaks', 'that', 'support', 'then', 'god', 'help', 'us', 'all']",amd,7,0.9614839885410676,1.0151818760772495
"['my', 'account', 'is', 'heavy', 'in', 'spy', 'calls', 'not', 'even', 'gonna', 'open', 'that', 'shit', 'today']",spy,7,0.9749417231882449,0.9991001978822555
"['amc', 'and', 'nkla', 'are', 'my', 'best', 'performers', 'today', 'rofl']",amc,6,1.1061093010947118,1.2602194097545008
"['amc', 'and', 'nkla', 'are', 'my', 'best', 'performers', 'today', 'rofl']",nkla,6,1.132432366021221,1.1101548834403974
"['should', 'have', 'purchased', 'a', '', 'year', 'membership', 'to', 'costco', 'instead', 'of', 'this', 'aapl', 'position', 'fuckin', 'regrets', 'man', 'regrets']",aapl,6,0.9615961604795944,1.0104538160419456
"['yeah', 'gme', 's', 'dust', 'yo', 'shoulders', 'off', 'we', 'own', 'this']",gme,7,0.9000994202210352,1.1587508947651461
"['uwmc', 'got', 'the', 'pop', 'i', 'see', 'you', 'gme']",gme,5,0.9000994202210352,1.1587508947651461
"['tsm', 'at', 'major', 'support', 'wont', 'see', 'this', 'price', 'again']",tsm,6,0.9385082065947347,1.0278921179178584
"['bynd', 'meat', 'is', 'a', 'garbage', 'stock', 'change', 'my', 'mind']",bynd,6,0.8746979832668174,0.9489852409784569
"['i', 'wanted', 'to', 'order', 'something', 'from', 'amazon', 'but', 'then', 'i', 'remembered', 'technology', 'sector', 'is', 'dead']",amzn,6,0.9638960065462538,1.014693892881672
"['why', 'are', 'the', 'premiums', 'on', 'spy', 'calls', 'so', 'fucking', 'massive']",spy,7,0.9749417231882449,0.9991001978822555
"['ah', 'i', 'c', 'so', 'it', 'wasn t', 'too', 'late', 'for', 'spy', 'puts', 'good', 'to', 'know', 'ill', 'remember', 'for', 'next', 'time']",spy,6,0.9749417231882449,0.9991001978822555
"['lol', 'cnbc', 'talking', 'about', 'insane', 'clown', 'posse', 'coin']",coin,5,1.0459523943778326,0.7504840643617885
"['qqq', 'almost', 'at', 'march', 'levels', 'guh', 'year', 'for', 'tech', 'bulls', 'so', 'far']",qqq,7,0.9638946503084432,1.0073696570296258
"['will', 'there', 'be', 'a', 'dead', 'cat', 'bounce', 'or', 'are', 'we', 'drilling', 'to', 'the', 'core']",cat,6,0.9971428879168855,0.9817631322694196
"['anyone', 'buying', 'spy', 'calls', 'eod', 'prob', 'a', 'dumb', 'move', 'since', 'we', 'broke', '', 'but', 'i', 'kind', 'of', 'feel', 'like', 'doing', 'it', 'anyways']",spy,6,0.9749417231882449,0.9991001978822555
"['only', 'amc', 'is', 'up', 'in', 'my', 'portfolio', 'what', 'a', 'time', 'to', 'be', 'alive', '']",amc,6,1.1061093010947118,1.2602194097545008
"['i m', 'actually', 'going', 'to', 'buy', 'more', 'palantir', 'soon', 'the', 'growth', 'was', 'actually', 'sick', '', 'year', 'hold', 'will', 'bring', 'me', 'a', 'mclaren', 'or', 'i', 'will', 'die', 'from', 'sodium', 'overdose', 'from', 'top', 'ramen']",pltr,6,0.898667886692242,1.0335000038146973
"['rate', 'my', 'portfolio', '', 'pltr', 'calls', '', 'spy', 'puts', '', 'nok', 'calls']",spy,5,0.9749417231882449,0.9991001978822555
"['rate', 'my', 'portfolio', '', 'pltr', 'calls', '', 'spy', 'puts', '', 'nok', 'calls']",nok,5,0.9812499689559154,1.018556732857237
"['if', 'history', 'has', 'taught', 'us', 'anything', 'the', 'time', 'to', 'buy', 'calls', 'on', 'anything', 'is', 'when', 'amzn', 'goes', 'below', 'k']",amzn,7,0.9638960065462538,1.014693892881672
"['we', 'are', 'one', '', 'day', 'from', 'a', 'meltdown', 'to', 'spy', '']",spy,5,0.9749417231882449,0.9991001978822555
"['spy', 'pls', 'moon']",spy,5,0.9749417231882449,0.9991001978822555
"['spy', '', 'is', 'a', 'nice', 'safe', 'place', 'to', 'sleep', 'tonight', 'hurry', 'home', 'now']",spy,6,0.9749417231882449,0.9991001978822555
"['it', 'bothers', 'the', 'fuck', 'out', 'of', 'me', 'that', 'qqq', 'isn t', 'priced', 'x', 'cheaper', 'than', 'ndx', 'like', 'spy', '', 'dia', 'are', 'to', 'their', 'respective', 'indices']",qqq,6,0.9638946503084432,1.0073696570296258
"['it', 'bothers', 'the', 'fuck', 'out', 'of', 'me', 'that', 'qqq', 'isn t', 'priced', 'x', 'cheaper', 'than', 'ndx', 'like', 'spy', '', 'dia', 'are', 'to', 'their', 'respective', 'indices']",spy,6,0.9749417231882449,0.9991001978822555
"['people', 'hoarding', 'gas', 'and', 'shit', 'should', 'be', 'fined', '', 'amzn', 'share', 'minimum']",amzn,6,0.9638960065462538,1.014693892881672
"['just', 'bought', 'baba', 'faggy', 'ds', 'it s', 'the', 'only', 'thing', 'that', 'can', 'save', 'me', 'now']",baba,7,0.9682532398639844,0.9457149955111025
"['just', 'bought', 'baba', 'faggy', 'ds', 'it s', 'the', 'only', 'thing', 'that', 'can', 'save', 'me', 'now']",save,7,0.9450073009222072,1.0729135909543284
"['after', 'not', 'really', 'paying', 'attention', 'to', 'the', 'markets', 'for', 'the', 'past', '', 'weeks', 'and', 'watching', 'my', 'account', 'slowly', 'bleed', 'to', 'death', 'i', 'bought', 'some', 'spy', 'puts', 'and', 'vxx', 'calls', 'this', 'morning', 'on', 'a', 'whim', 'i', 'don t', 'know', 'why', 'i', 'ever', 'left', 'this', 'beautiful', 'place']",spy,6,0.9749417231882449,0.9991001978822555
"['yoloing', 'spy', 'calls', 'rn']",spy,4,0.9749417231882449,0.9991001978822555
"['break', 'out', 'your', 'spy', '', 'hats', 'boys']",spy,6,0.9749417231882449,0.9991001978822555
"['nkla', 'is', 'up', 'thats', 'how', 'fuk', 'this', 'market', 'is']",nkla,6,1.132432366021221,1.1101548834403974
"['amc', 'holders', 'so', 'thirsty', 'for', 'movement', 'they', 'call', 'a', '', 'move', 'mooning']",amc,6,1.1061093010947118,1.2602194097545008
"['gme', 'gme', 'gme']",gme,6,0.9000994202210352,1.1587508947651461
"['amc', '', 'gme', 'being', 'propped', 'up', 'in', 'a', 'sea', 'of', 'red', 'should', 'be', 'some', 'indication', 'that', 'the', 'shorts', 'never', 'covered', 'in', 'january', 'but', 'good', 'luck', 'with', 'rkt']",amc,15,1.1061093010947118,1.2602194097545008
"['amc', '', 'gme', 'being', 'propped', 'up', 'in', 'a', 'sea', 'of', 'red', 'should', 'be', 'some', 'indication', 'that', 'the', 'shorts', 'never', 'covered', 'in', 'january', 'but', 'good', 'luck', 'with', 'rkt']",gme,15,0.9000994202210352,1.1587508947651461
"['wsb', 'is', 'confident', 'on', 'a', 'green', 'day', 'so', 'spy', 'puts', 'then']",spy,15,0.9749417231882449,0.9991001978822555
"['regardless', 'of', 'what', 'anybody', 'says', 'holding', 'gamestop', 'is', 'at', 'least', 'fun', 'as', 'fuck', '']",gme,15,0.9000994202210352,1.1587508947651461
"['national', 'debt', 'at', 'all', 'time', 'high', 'up', '', 'in', '', 'months', 'money', 'supply', 'up', 'almost', '', 'in', '', 'months', 'jobs', 'numbers', 'rubbish', 'unemployment', 'higher', 'inflation', 'is', '', 'yeah', 'right', 'so', 'how', 'does', 'a', 'dog', 'turd', 'like', 'tesla', 'stay', 'above', '', 'with', 'a', 'p e', 'of', 'over', '', 'and', 'why', 'is', 'gold', 'going', 'down', 'i m', 'not', 'saying', 'the', 'market', 'is', 'rigged', 'corrupt', 'and', 'fraudulent', 'but', 'the', 'market', 'is', 'rigged', 'corrupt', 'and', 'fraudulent']",tsla,13,0.8665168432139946,0.9352188934350002
"['bullish', 'on', 'gme', 'right', 'neow']",gme,14,0.9000994202210352,1.1587508947651461
"['rblx', 'puts']",rblx,5,1.1357894553277725,1.013610054557214
"['amd', 'is', 'at', '', 'nice']",amd,4,0.9614839885410676,1.0151818760772495
"['to', 'whomever', 'bought', 'my', 'fubo', '', 'c', 'yesterday', 'you re', 'welcome']",fubo,5,1.0955341195979797,0.9711992161679763
"['spy', 'pleas', 'fly', 'again']",spy,6,0.9749417231882449,0.9991001978822555
"['fubo', 'mrvi', 'ocgn', 'pltr', 'longs', 'lite', 'short']",fubo,5,1.0955341195979797,0.9711992161679763
"['to', 'the', 'guy', 'that', 'told', 'me', 'to', 'buy', 'icln', '', 'months', 'ago', 'inserts', 'anakin', 'i', 'hate', 'you', 'meme']",icln,4,0.9574664765608184,1.0387706718493643
"['spy', 'puts', 'printing', 'today', '']",spy,7,0.9749417231882449,0.9991001978822555
"['well', 'shit', 'my', 'qqq', 'calls', 'will', 'not', 'be', 'printing', 'today']",qqq,6,0.9638946503084432,1.0073696570296258
"['looks', 'like', 'some', 'algos', 'are', 'set', 'to', 'buy', 'ginormous', 'tech', 'blocks', '', '', 'on', 'aapl', '', '', 'on', 'msft', 'pattern', 'repeated', 'several', 'times', 'now', 'my', 'wizardly', 'guess', 'is', 'that', 'all', 'bets', 'are', 'that', 'tech', 'going', 'up', 'up', 'up', 'we re', '', 'of', 'the', 'way', 'to', 'next', 'the', 'quarter', 'earnings', 'already', 'boyos', 'iv', 'gonna', 'start', 'getting', 'jucier', 'too']",aapl,6,0.9615961604795944,1.0104538160419456
"['looks', 'like', 'some', 'algos', 'are', 'set', 'to', 'buy', 'ginormous', 'tech', 'blocks', '', '', 'on', 'aapl', '', '', 'on', 'msft', 'pattern', 'repeated', 'several', 'times', 'now', 'my', 'wizardly', 'guess', 'is', 'that', 'all', 'bets', 'are', 'that', 'tech', 'going', 'up', 'up', 'up', 'we re', '', 'of', 'the', 'way', 'to', 'next', 'the', 'quarter', 'earnings', 'already', 'boyos', 'iv', 'gonna', 'start', 'getting', 'jucier', 'too']",msft,6,0.9697707562917723,1.0062409871822744
"['mvis', 'gdzie', 'jeste']",mvis,5,0.9394366430824796,0.9900849614406912
"['chaddaq', 'and', 'spy', 'with', 'the', 'v', 'shape']",spy,5,0.9749417231882449,0.9991001978822555
"['i', 'thought', 'sndl', 'was', 'below', 'a', 'billion', 'market', 'cap', 'but', 'since', 'they', 'aren t', 'all', 'in', 'on', 'sndl']",sndl,6,0.9213630386838044,0.9297573337312052
"['tesla', 'green', 'fuk', 'outta', 'here', '']",tsla,5,0.8665168432139946,0.9352188934350002
"['thank', 'you', 'kindly', 'rkt', 'ezpz', 'flip', 'mro et', 'don t', 'fk', 'with', 'texas', 'more', 'spy', '']",spy,4,0.9749417231882449,0.9991001978822555
"['boring', 'spy', 'where', 'is', 'my', 'crash', 'under', '', 'oh', 'no', 'yeah', 'only', 'pltr', 'is', 'crashing', 'again']",spy,6,0.9749417231882449,0.9991001978822555
"['im', 'yoloing', 'k', 'on', 'baba', 'fd s', 'fuck', 'it']",baba,5,0.9682532398639844,0.9457149955111025
"['spy', 'qqq', 'next', 'leg', 'down', 'incoming']",spy,5,0.9749417231882449,0.9991001978822555
"['spy', 'qqq', 'next', 'leg', 'down', 'incoming']",qqq,5,0.9638946503084432,1.0073696570296258
"['spy', 'bouncing', 'off', '', 'like', 'riley', 'reid', 'on', 'black', 'cawk']",spy,5,0.9749417231882449,0.9991001978822555
"['if', 'we', 'don t', 'have', 'a', 'huge', 'v', 'on', 'spy', 'i m', 'about', 'to', 'get', 'colossally', 'rekt', 'again']",spy,5,0.9749417231882449,0.9991001978822555
"['aapl', 'and', 'dkng', 'leaps']",aapl,6,0.9615961604795944,1.0104538160419456
"['someone', 'want', 'to', 'tell', 'me', 'how', 'amd', 'has', 'a', 'lower', 'pe', 'than', 'fucking', 'ko']",amd,5,0.9614839885410676,1.0151818760772495
"['someone', 'want', 'to', 'tell', 'me', 'how', 'amd', 'has', 'a', 'lower', 'pe', 'than', 'fucking', 'ko']",ko,5,0.9985218400233505,0.9965047380560539
"['is', 'amazon', 'going', 'to', 'pay', 'out', 'refunds', 'for', 'every', 'prime', 'package', 'that s', 'delayed', 'in', 'the', 'southeast', 'due', 'to', 'the', 'gas', 'shortage', '']",amzn,4,0.9638960065462538,1.014693892881672
"['no', 'disrespect', 'to', 'the', 'fubo', 'tribe', 'but', 'if', 'it', 'doesn t', 'drill', 'into', 'the', 'red', 'after', 'how', 'aapl', 'and', 'amd', 'were', 'treated', 'there s', 'no', 'justice']",fubo,5,1.0955341195979797,0.9711992161679763
"['no', 'disrespect', 'to', 'the', 'fubo', 'tribe', 'but', 'if', 'it', 'doesn t', 'drill', 'into', 'the', 'red', 'after', 'how', 'aapl', 'and', 'amd', 'were', 'treated', 'there s', 'no', 'justice']",aapl,5,0.9615961604795944,1.0104538160419456
"['no', 'disrespect', 'to', 'the', 'fubo', 'tribe', 'but', 'if', 'it', 'doesn t', 'drill', 'into', 'the', 'red', 'after', 'how', 'aapl', 'and', 'amd', 'were', 'treated', 'there s', 'no', 'justice']",amd,5,0.9614839885410676,1.0151818760772495
"['and', 'fubo', 'would ve', 'had', 'a', 'better', 'day', 'if', 'the', 'market', 'didn t', 'drag', 'it', 'down']",fubo,5,1.0955341195979797,0.9711992161679763
"['my', 'spy', 'dte', 'calls', 'are', 'fucked']",spy,5,0.9749417231882449,0.9991001978822555
"['so', 'glad', 'i', 'bought', 'spy', 'calls']",spy,4,0.9749417231882449,0.9991001978822555
"['would', 'it', 'be', 'retarded', 'to', 'buy', 'some', 'august', 'calls', 'for', 'spy', 'if', 'it', 'hits', '', 'or', 'is', 'it', 'free', 'tendies']",spy,5,0.9749417231882449,0.9991001978822555
"['for', 'the', 'ppl', 'who', 'missed', 'on', 'gme', 'tesla', 'puts', 'might', 'have', 'same', 'roi', 'in', 'a', 'couple', 'weeks']",gme,5,0.9000994202210352,1.1587508947651461
"['for', 'the', 'ppl', 'who', 'missed', 'on', 'gme', 'tesla', 'puts', 'might', 'have', 'same', 'roi', 'in', 'a', 'couple', 'weeks']",tsla,5,0.8665168432139946,0.9352188934350002
"['palantir', 'plz', 'dont', 'do', 'this', 'to', 'me', 'baby', 'i', 'can', 'change']",pltr,4,0.898667886692242,1.0335000038146973
"['just', 'dropped', 'a', 'dollar', 'on', 'a', 'spy', '', 'dte', 'i m', 'feeling', 'lucky']",spy,6,0.9749417231882449,0.9991001978822555
"['bought', 'the', 'penn', 'dip', 'that', 'hasn t', 'stopped', 'dipping']",penn,5,0.8660520780179586,0.9659217856570582
"['i', 'don t', 'think', 'you', 'guys', 'understand', 'how', 'bad', 'it', 'is', 'that', 'spy', 'went', 'back', 'to', '', 'lol', 'don t', 'fall', 'for', 'it', 'please']",spy,5,0.9749417231882449,0.9991001978822555
"['i m', 'gonna', 'keep', 'buying', 'bngo', 'and', 'pltr', 'dips', 'until', 'my', 'dick', 'rots', 'in', 'a', 'coffin']",bngo,4,0.8777777198901403,1.1313131556390765
"['going', 'to', 'the', 'apple', 'store', 'to', 'request', 'a', 'refund', 'today', '']",aapl,5,0.9615961604795944,1.0104538160419456
"['puts', 'on', 'your', 'coin', 'purse', 'when', 'your', 'wife', 'finds', 'out', 'she', 'cant', 'ever', 'retire']",coin,5,1.0459523943778326,0.7504840643617885
"['where', 'all', 'the', 'palantir', 'bulls', 'from', 'yesterday', 'who', 'were', 'whooping', 'it', 'up', 'and', 'saying', 'people', 'sold', 'the', 'bottom']",pltr,5,0.898667886692242,1.0335000038146973
"['do', 'i', 'stick', 'my', 'last', '', 'into', 'spy', 'leaps']",spy,5,0.9749417231882449,0.9991001978822555
"['to', 'all', 'of', 'you', 'amc', 'fans', 'what', 'happens', 'when', 'they', 'release', 'there', '', 'million', 'more', 'shares', 'shorts', 'win']",amc,4,1.1061093010947118,1.2602194097545008
"['so', 'serious', 'thought', 'if', 'the', 'pipeline', 'stay', 'shutdown', 'long', 'enough', 'tesla', 'owners', 'could', 'make', 'a', 'killing', 'driving', 'uber']",tsla,5,0.8665168432139946,0.9352188934350002
"['so', 'serious', 'thought', 'if', 'the', 'pipeline', 'stay', 'shutdown', 'long', 'enough', 'tesla', 'owners', 'could', 'make', 'a', 'killing', 'driving', 'uber']",uber,5,0.9053523853249485,1.0777777685434589
"['cathie', 'wood s', 'arkx', 'etf', 'sells', 'almost', 'all', 'of', 'its', 'spce', 'stock']",spce,6,0.8039999961853027,0.9982659664381597
"['spy', 'back', 'to', '']",spy,5,0.9749417231882449,0.9991001978822555
"['spy', 'bleeding', 'af']",spy,3,0.9749417231882449,0.9991001978822555
"['sorry', 'guys', 'i', 'could', 'have', 'saved', 'the', 'market', 'this', 'morning', 'when', 'i', 'almost', 'bought', 'spy', 'puts', 'but', 'i', 'decided', 'not', 'to', 'so', '']",spy,4,0.9749417231882449,0.9991001978822555
"['spy', 'puts', 'from', 'monday', 'up', '', 'dkng', 'puts', 'up', 'over', '', 'damn', 'if', 'feels', 'good', 'to', 'be', 'a', 'bear', 'for', 'once', '']",spy,5,0.9749417231882449,0.9991001978822555
"['tech', 'is', 'overvalued', 'nah', 'just', 'tesla', '', 'ark', 'holdings', 'meanwhile', 'amzn', 'and', 'amd', 'at', '', 'and', '', 'year', 'lows', 'respectively', 'for', 'p e', 'ratio', 'still', 'growing', 'at', 'a', 'ridiculous', 'pace', 'be', 'smart', 'here']",tsla,5,0.8665168432139946,0.9352188934350002
"['tech', 'is', 'overvalued', 'nah', 'just', 'tesla', '', 'ark', 'holdings', 'meanwhile', 'amzn', 'and', 'amd', 'at', '', 'and', '', 'year', 'lows', 'respectively', 'for', 'p e', 'ratio', 'still', 'growing', 'at', 'a', 'ridiculous', 'pace', 'be', 'smart', 'here']",amzn,5,0.9638960065462538,1.014693892881672
"['tech', 'is', 'overvalued', 'nah', 'just', 'tesla', '', 'ark', 'holdings', 'meanwhile', 'amzn', 'and', 'amd', 'at', '', 'and', '', 'year', 'lows', 'respectively', 'for', 'p e', 'ratio', 'still', 'growing', 'at', 'a', 'ridiculous', 'pace', 'be', 'smart', 'here']",amd,5,0.9614839885410676,1.0151818760772495
"['no', 'one', 'trading', 'gme', 'volume', '', 'm', 'is', 'this', 'game', 'officially', 'at', 'a', 'stalemate']",gme,5,0.9000994202210352,1.1587508947651461
"['apple', 'back', 'to', 'its', 'october', 'prices', 'lmao']",aapl,4,0.9615961604795944,1.0104538160419456
"['load', 'up', 'on', 'amazon', 'when', 'it', 'hits', 'k']",amzn,5,0.9638960065462538,1.014693892881672
"['timed', 'the', 'bottom', 'correctly', 'on', 'spy', 'and', 'bought', 'a', 'call', 'no', 'way', 'i m', 'wrong', 'that', 'was', 'definitely', 'the', 'very', 'bottom', 'yes']",spy,5,0.9749417231882449,0.9991001978822555
"['should', 'i', 'buy', 'the', 'tesla', 'dip']",tsla,5,0.8665168432139946,0.9352188934350002
"['how', 'the', 'fuck', 'is', 'amc', 'the', 'life', 'raft', 'in', 'this', 'red', 'sea']",amc,5,1.1061093010947118,1.2602194097545008
"['you', 'couldn t', 'live', 'with', 'your', 'own', 'failure', 'where', 'did', 'that', 'bring', 'you', 'back', 'to', 'me', 'amc', 'this', 'week']",amc,4,1.1061093010947118,1.2602194097545008
"['buying', 'puts', 'on', 'mara', 'and', 'riot', 'my', 'two', 'biggest', 'winners', 'and', 'losers', 'of', 'the', 'year', 'you', 'were', 'the', 'chosen', 'ones', 'mara', 'and', 'riot', 'we', 'hate', 'youuuuu']",mara,4,0.6802619909994041,0.8736418008533101
"['amd', 'has', 'been', 'brutalized', 'to', 'the', 'point', 'where', 'leaps', 'are', 'giving', 'me', 'the', 'sexy', 'look']",amd,5,0.9614839885410676,1.0151818760772495
"['mommy', 'is', 'this', 'when', 'i', 'buy', 'spy', 'calls', 'to', 'not', 'be', 'a', 'gay', 'retard', 'bear', 'and', 'thrive']",spy,4,0.9749417231882449,0.9991001978822555
"['apple', 'down', 'again', 'to', 'the', 'core']",aapl,5,0.9615961604795944,1.0104538160419456
"['pls', 'pop', 'off', 'gme', 'so', 'i', 'can', 'buy', 'more', 'ford', 'while', 'it s', 'cheap', 'and', 'order', 'an', 'f', 'lightning', 'for', 'myself']",gme,5,0.9000994202210352,1.1587508947651461
"['pls', 'pop', 'off', 'gme', 'so', 'i', 'can', 'buy', 'more', 'ford', 'while', 'it s', 'cheap', 'and', 'order', 'an', 'f', 'lightning', 'for', 'myself']",f,5,0.9809523581475533,1.049393387929673
"['what', 'is', 'a', 'better', 'buy', 'right', 'now', 'spy', 'or', 'qqq']",spy,6,0.9749417231882449,0.9991001978822555
"['what', 'is', 'a', 'better', 'buy', 'right', 'now', 'spy', 'or', 'qqq']",qqq,6,0.9638946503084432,1.0073696570296258
"['i', 'bet', 'it', 'feels', 'good', 'to', 'own', 'a', 'tesla', 'rn', 'chargers', 'everywhere', 'now', 'and', 'nearly', 'free', 'fill', 'ups']",tsla,4,0.8665168432139946,0.9352188934350002
"['msft', 'c', 'soon', 'back', 'on', 'the', 'menu']",msft,7,0.9697707562917723,1.0062409871822744
"['i', 'just', 'bought', 'some', 'palantir', 'in', 'the', 'high', 's am', 'i', 'retarded', 'i', 'feel', 'like', 'it', 'was', 'smart', 'idk', '']",pltr,5,0.898667886692242,1.0335000038146973
"['is', 'warren', 'fucking', 'buffet', 'singlehandedly', 'selling', 'every', 'aapl', 'slice', 'he', 'owns', 'jesus', 'you d', 'think', 'they', 'found', 'iphones', 'cause', 'covid']",aapl,4,0.9615961604795944,1.0104538160419456
"['i d', 'call', 'this', 'a', 'rotation', 'out', 'of', 'fruad', 'stocks', 'but', 'nkla', 'is', 'bright', 'green', 'go', 'figure']",nkla,5,1.132432366021221,1.1101548834403974
"['baba', 'pltr', 'xpev', 'amd', 'gang']",baba,4,0.9682532398639844,0.9457149955111025
"['baba', 'pltr', 'xpev', 'amd', 'gang']",xpev,4,0.8958032118537166,1.1113791096478476
"['baba', 'pltr', 'xpev', 'amd', 'gang']",amd,4,0.9614839885410676,1.0151818760772495
"['amc', 'finally']",amc,5,1.1061093010947118,1.2602194097545008
"['i', 'guess', 'it', 'could', 'be', 'worse', 'i', 'could', 'have', 'k', 'tied', 'up', 'in', 'mara', 'oh', 'wait', '']",mara,5,0.6802619909994041,0.8736418008533101
"['qqq', '', '', 'ytd', 'bitchcorn', '', 'ytd']",qqq,5,0.9638946503084432,1.0073696570296258
"['amc', 'consolidating', '']",amc,4,1.1061093010947118,1.2602194097545008
"['gm', 'traded', 'sideways', 'for', 'literally', '', 'years', 'pandemic', 'comes', 'and', 'now', 'its', 'up', '', 'im', 'scared']",gm,5,0.9360960828114113,0.9998199111259346
"['spy', 'keeps', 'pretending', 'like', 'its', 'recovering']",spy,5,0.9749417231882449,0.9991001978822555
"['spy', 'can t', 'decide', 'if', 'it s', 'gay']",spy,4,0.9749417231882449,0.9991001978822555
"['lmao', 'people', 'are', 'still', 'buying', 'spy', 'c', 'expiring', 'today']",spy,5,0.9749417231882449,0.9991001978822555
"['tesla', 'is', 'about', 'to', 'take', 'a', 'dip']",tsla,5,0.8665168432139946,0.9352188934350002
"['welp', 'im', 'down', 'k', 'on', 'spce', 'chamath', 'got', 'me', 'again']",spce,5,0.8039999961853027,0.9982659664381597
"['welp', 'i', 'definitely', 'bought', 'spy', 'calls', 'too', 'early']",spy,6,0.9749417231882449,0.9991001978822555
"['spy', 'out', 'here', 'having', 'a', '', 'day', 'casual', 'it s', 'down', 'over', '', 'in', 'the', 'last', 'two', 'days', 'that s', 'normal']",spy,6,0.9749417231882449,0.9991001978822555
"['in', 'other', 'news', 'nkla', 'up', '']",nkla,6,1.132432366021221,1.1101548834403974
"['spy', '', 'puts', 'are', 'printingggg']",spy,6,0.9749417231882449,0.9991001978822555
"['how', 'low', 'will', 'spy', 'go', 'my', 'plan', 'for', 'tonight', '', 'go', 'lay', 'down', '', 'try', 'not', 'to', 'cry', '', 'cry', 'alot']",spy,5,0.9749417231882449,0.9991001978822555
"['wmt', '', 'sits', 'around', 'doing', 'nothing', 'red', 'days', 'donw', '']",wmt,5,0.9710000174386161,1.0219630097141144
"['spy', 'on', 'a', 'mission', 'to', 'f', 'up', 'some', 'daily s', 'before', 'it', 'goes', 'to', 'bed']",spy,3,0.9749417231882449,0.9991001978822555
"['spy', 'on', 'a', 'mission', 'to', 'f', 'up', 'some', 'daily s', 'before', 'it', 'goes', 'to', 'bed']",f,3,0.9809523581475533,1.049393387929673
"['amc', 'starting', 'to', 'make', 'its', 'own', 'content', 'means', 'more', 'debt', 'for', 'the', 'company', 'do', 'you', 'believe', 'amc', 'can', 'compete', 'with', 'nflx', 'and', 'dis']",amc,4,1.1061093010947118,1.2602194097545008
"['amc', 'starting', 'to', 'make', 'its', 'own', 'content', 'means', 'more', 'debt', 'for', 'the', 'company', 'do', 'you', 'believe', 'amc', 'can', 'compete', 'with', 'nflx', 'and', 'dis']",nflx,4,0.977802013216347,1.0017871241681133
"['amc', 'starting', 'to', 'make', 'its', 'own', 'content', 'means', 'more', 'debt', 'for', 'the', 'company', 'do', 'you', 'believe', 'amc', 'can', 'compete', 'with', 'nflx', 'and', 'dis']",dis,4,0.9730277234450904,0.9367460272893356
"['i', 'learned', 'that', 'spy', 'is', 'the', 'worst', 'play', 'in', 'the', 'market']",spy,5,0.9749417231882449,0.9991001978822555
"['tilray', 'my', 'boy', 'you', 'ok', 'can', 'i', 'get', 'you', 'something', 'tampon', 'maybe']",tlry,5,0.9314102165170763,0.9772284040077155
"['mmm', 'yessss', 'fuck', 'me', 'harderrrrr']",mmm,5,0.9880266305638362,nan
"['holy', 'fuck', 'holy', 'fuck', 'holy', 'fuck', 'rip', 'to', 'the', 'fucking', 'mara', 'bag', 'holders', 'holy', 'fuck']",mara,5,0.6802619909994041,0.8736418008533101
"['fuck', 'me', 'i', 'was', 'eyeing', 'mara', 'puts', 'today']",mara,6,0.6802619909994041,0.8736418008533101
"['are', 'the', 'amc', 'people', 'delusional']",amc,14,1.1061093010947118,1.2602194097545008
"['if', 'amc', 'reaches', '', 'i', 'will', 'shave', 'my', 'pubic', 'forest']",amc,13,1.1061093010947118,1.2602194097545008
"['spy', 'calls', 'were', 'definitely', 'not', 'the', 'play', 'lmao', '', 'down', 'today']",spy,13,0.9749417231882449,0.9991001978822555
"['hard', 'to', 'think', 'of', 'what', 'could', 'happen', 'to', 'spy', 'that', 'would', 'surprise', 'me', 'tomorrow', 'we', 'could', 'just', 'go', 'right', 'back', 'up', 'on', 'small', 'volume', 'and', 'pretend', 'the', 'last', 'three', 'days', 'never', 'happened', 'we', 'could', 'keep', 'dumping', 'we', 'could', 'trade', 'sideways', 'we', 'could', 'hit', '', 'or', '', 'and', 'neither', 'would', 'surprise', 'me', 'anymore', 'but', 'what', 'would', 'surprise', 'me', 'is', 'a', '', 'day', 'on', 'my', 'account']",spy,11,0.9749417231882449,0.9991001978822555
"['spy', 'market', 'goes', 'up', '', 'in', '', 'months', 'from', 'covid', 'flash', 'crash', 'lows', 'with', 'the', 'weakest', 'economy', 'in', '', 'years', 'autists', 'here', '', 'this', 'is', 'normal', 'spy', 'goes', 'down', '', 'from', 'ath', 'with', 'the', 'economy', 'in', 'the', 'shitter', 'mass', 'unemployment', 'and', 'high', 'inflation', 'autists', 'here', '', 'wtf', 'is', 'happening', 'why', 'are', 'we', 'red']",spy,19,0.9749417231882449,0.9991001978822555
"['still', 'waiting', 'for', 'gme', 'to', 'save', 'me', 'from', 'a', 'life', 'of', 'poverty']",gme,11,0.9000994202210352,1.1587508947651461
"['still', 'waiting', 'for', 'gme', 'to', 'save', 'me', 'from', 'a', 'life', 'of', 'poverty']",save,11,0.9450073009222072,1.0729135909543284
"['ahhhhh', 'shit', 'here', 'we', 'go', 'again', 'gme']",gme,11,0.9000994202210352,1.1587508947651461
"['sup', 'with', 'gme']",gme,11,0.9000994202210352,1.1587508947651461
"['', 'is', 'the', 'approximate', '', 'day', 'exponential', 'moving', 'average', 'for', 'spy', 'if', 'that', 'breaks', 'we', 'may', 'be', 'in', 'free', 'fall', 'mode', 'to', 'the', 's']",spy,11,0.9749417231882449,0.9991001978822555
"['lol', 'gme']",gme,13,0.9000994202210352,1.1587508947651461
"['bought', 'tons', 'of', 'tsla', 'calls', 'and', 'spy', 'calls', 'end', 'of', 'day', 'we ve', 'gone', 'from', '', 'to', '', 'in', '', 'days', 'that s', 'too', 'fast']",spy,12,0.9749417231882449,0.9991001978822555
"['gme', 'is', 'an', 'index', 'fund', 'tracking', 'the', 'stock', 'market', 'of', 'an', 'alternate', 'universe', 'where', 'everyone', 'is', 'a', 'monkey']",gme,17,0.9000994202210352,1.1587508947651461
"['not', 'gonna', 'lie', 'gme', 'amc', 'edging', 'hard', 'right', 'now', '']",gme,18,0.9000994202210352,1.1587508947651461
"['not', 'gonna', 'lie', 'gme', 'amc', 'edging', 'hard', 'right', 'now', '']",amc,18,1.1061093010947118,1.2602194097545008
"['praying', 'for', 'my', '', 'spy', 'calls', 'expiring', 'today', 'lol']",spy,10,0.9749417231882449,0.9991001978822555
"['gme', 'went', 'from', 'm', 'volume', 'back', 'in', 'january', 'to', 'k', 'volume', 'now', 'lol']",gme,11,0.9000994202210352,1.1587508947651461
"['daily', 'gme', 'chubby']",gme,10,0.9000994202210352,1.1587508947651461
"['gme', 'on', 'another', 'level']",gme,11,0.9000994202210352,1.1587508947651461
"['spy', 'p', '']",spy,10,0.9749417231882449,0.9991001978822555
"['i m', 'officially', 'all', 'in', 'on', 'spy', 'and', 'tesla', 'calls', 'now', 'if', 'this', 'isn t', 'the', 'bottom', 'it', 'will', 'be', 'the', 'third', 'time', 'i ve', 'successfully', 'blew', 'up', 'my', 'account']",spy,10,0.9749417231882449,0.9991001978822555
"['i m', 'officially', 'all', 'in', 'on', 'spy', 'and', 'tesla', 'calls', 'now', 'if', 'this', 'isn t', 'the', 'bottom', 'it', 'will', 'be', 'the', 'third', 'time', 'i ve', 'successfully', 'blew', 'up', 'my', 'account']",tsla,10,0.8665168432139946,0.9352188934350002
"['gme', 'mooning', 'lol']",gme,16,0.9000994202210352,1.1587508947651461
"['wud', 'iz', 'rowblosk', 'dis', 'like', 'legos']",dis,2,0.9730277234450904,0.9367460272893356
"['spy', 'p', '', 'is', 'a', 'pretty', 'great', '', 'month', 'hedge', 'even', 'if', 'you', 'have', 'a', 'long', 'bias']",spy,4,0.9749417231882449,0.9991001978822555
"['spy', 'obv', '', 'https www tradingview com x q bzm xl']",spy,4,0.9749417231882449,0.9991001978822555
"['x', 'marks', 'the', 'spot', 'gif emote free emotes pack upvote']",spot,4,0.9579618093567542,0.9801574648347612
"['tesla', 'tanking', 'again']",tsla,5,0.8665168432139946,0.9352188934350002
"['spy', 'pls', 'be', 'green', 'by', 'open', 'my', 'fds', 'are', 'fucked', 'but', 'i', 'would', 'like', 'to', 'recoup', 'some']",spy,4,0.9749417231882449,0.9991001978822555
"['i m', 'waiting', 'for', 'spy', 'selling', 'exhaustion', 'then', 'getting', 'into', 'otm', 'dte', 'calls']",spy,4,0.9749417231882449,0.9991001978822555
"['next', 'stop', 'spy', '']",spy,3,0.9749417231882449,0.9991001978822555
"['thoughts', 'on', 'sndl']",sndl,4,0.9213630386838044,0.9297573337312052
"['damn', 'baba', 'lifting', 'my', 'entire', 'account', 'with', 'its', 'big', 'ma', 'erection']",baba,3,0.9682532398639844,0.9457149955111025
"['i', 'feel', 'like', 'mu', 'and', 'some', 'other', 'semis', 'selling', 'off', 'with', 'growth', 'and', 'tech', 'doesn t', 'make', 'sense', 'it', 'is', 'supported', 'by', 'great', 'valuation', 'and', 'supply', 'and', 'demand', 'drivers', 'in', 'fact', 'mu', 'is', 'a', 'top', 'position', 'in', 'many', 'value', 'etfs', 'i', 'think', 'it s', 'a', 'buyiny', 'opportunity', 'for', 'the', 'patient']",mu,4,0.9049134036330732,1.0099823214761192
"['sndl', '', 'earnings']",sndl,4,0.9213630386838044,0.9297573337312052
"['damn', 'fubo', 'can t', 'be', 'touched', 'if', 'it', 'maintains', 'above', '', 'we', 'are', 'gonna', 'see', 'a', 'massive', 'run', 'up']",fubo,3,1.0955341195979797,0.9711992161679763
"['another', 'successfull', 'day', 'of', 'buying', 'qqq', 'puts', 'at', 'close', 'and', 'selling', 'at', 'open', 'in', 'this', 'top', 'heavy', 'garbage', 'market']",qqq,5,0.9638946503084432,1.0073696570296258
"['tesla', 'is', 'just', 'spy', 'on', 'drugs']",tsla,5,0.8665168432139946,0.9352188934350002
"['tesla', 'is', 'just', 'spy', 'on', 'drugs']",spy,5,0.9749417231882449,0.9991001978822555
"['spy', 'is', 'gonna', 'trade', 'between', '', 'all', 'day', 'isn t', 'it']",spy,3,0.9749417231882449,0.9991001978822555
"['palantir', 'i m', 'gonna', 'give', 'up', 'yesterday s', 'money', 'roblox', 'hold', 'my', 'beer']",pltr,4,0.898667886692242,1.0335000038146973
"['reaching', 'key', 'psychological', 'support', 'levels', 'on', 'spy']",spy,5,0.9749417231882449,0.9991001978822555
"['thanks', 'for', 'dying', 'baba', 'very', 'cool']",baba,4,0.9682532398639844,0.9457149955111025
"['i m', 'balls', 'deep', 'in', 'amc', 'something', 'is', 'about', 'to', 'go', 'down']",amc,5,1.1061093010947118,1.2602194097545008
"['will', 'spy', 'survive', 'guys', '', 'guys']",spy,4,0.9749417231882449,0.9991001978822555
"['kt', 'and', 'et', 'keeping', 'my', 'portfolio', 'slightly', 'green', 'today', 'hopefully', 'i ll', 'be', 'able', 'to', 'scalp', 'a', 'spy', 'contract', 'today', 'to', 'recover', 'some', 'of', 'the', 'losses', 'on', 'my', 'calls', 'call', 'volume', 'on', 'spy', 'weeklies', 'in', 'the', '', 'range', 'is', 'climbing']",spy,4,0.9749417231882449,0.9991001978822555
"['fubo', 'bagholders', 'who', 'sleep', 'late', 'will', 'wake', 'up', 'full', 'of', 'regret', 'for', 'not', 'selling', 'at', 'open', 'hell', 'they', 'wouldn t', 'even', 'sell', 'now', 'lol']",fubo,4,1.0955341195979797,0.9711992161679763
"['waiting', 'for', 'the', 'flash', 'alert', 'amzn', 'announces', 'split', 'up', '', 'in', 'intraday', 'trading', 'will', 'nut']",amzn,4,0.9638960065462538,1.014693892881672
"['i m', 'losing', 'money', 'on', 'my', 'spy', 'call', 'and', 'my', 'spy', 'put', 'how', 'is', 'that', 'even', 'possible']",spy,3,0.9749417231882449,0.9991001978822555
"['i', 'still', 'don t', 'get', 'if', 'amc', 'is', 'useless', 'or', 'not']",amc,4,1.1061093010947118,1.2602194097545008
"['and', 'the', 'spy', 'has', 'broken', 'partial', 'support']",spy,4,0.9749417231882449,0.9991001978822555
"['tsm', 'getting', 'clubbed', 'at', '', 'i', 'think', 'my', 'last', 'buy', 'was', 'at', '']",tsm,4,0.9385082065947347,1.0278921179178584
"['hey', 'qqq', 'can', 'we', 'stop', 'this', 'plz']",qqq,4,0.9638946503084432,1.0073696570296258
"['spy', 'puts', 'printingggg']",spy,5,0.9749417231882449,0.9991001978822555
"['what s', 'with', 'the', 'recent', 'uptick', 'in', 'gme', 'mentions', 'here']",gme,4,0.9000994202210352,1.1587508947651461
"['we', 'might', 'see', 'spy', 'under', '', '', 'this', 'might', 'be', 'the', 'big', 'correction']",spy,3,0.9749417231882449,0.9991001978822555
"['my', 'tesla', 'put', 'addiction', 'pays', 'off', 'but', 'this', 'is', 'the', 'first', 'time', 'i', 'feel', 'bad', 'for', 'bulls']",tsla,5,0.8665168432139946,0.9352188934350002
"['somewhere', 'out', 'there', 'someone', 'played', 'that', 'tesla', 'd', 'chart', 'like', 'a', '', 'and', 'like', 'a', '']",tsla,3,0.8665168432139946,0.9352188934350002
"['brothers', 'it s', 'a', 'bloodbath', 'i', 'wish', 'i', 'would', 'have', 'heeded', 'my', 'own', 'advice', 'and', 'went', 'in', 'eod', 'today', 'nope', 'i', 'jumped', 'in', 'eod', 'yesterday', 'and', 'wiped', '', 'of', 'my', 'qqq', 'put', 'gains', 'on', 'goog', 'calls', 'overnight']",qqq,5,0.9638946503084432,1.0073696570296258
"['brothers', 'it s', 'a', 'bloodbath', 'i', 'wish', 'i', 'would', 'have', 'heeded', 'my', 'own', 'advice', 'and', 'went', 'in', 'eod', 'today', 'nope', 'i', 'jumped', 'in', 'eod', 'yesterday', 'and', 'wiped', '', 'of', 'my', 'qqq', 'put', 'gains', 'on', 'goog', 'calls', 'overnight']",goog,5,0.9525406614576046,1.0207807370581319
"['is', 'a', '', 'spy', 'call', 'for', 'next', 'friday', 'too', 'optimistic']",spy,4,0.9749417231882449,0.9991001978822555
"['am', 'i', 'the', 'only', 'one', 'loading', 'up', 'cheap', 'mvis', 'calls']",mvis,4,0.9394366430824796,0.9900849614406912
"['short', 'on', 'tlry', 'and', 'pltr']",tlry,4,0.9314102165170763,0.9772284040077155
"['wish', 'i', 'had', 'more', 'money', 'for', 'amd', 'calls']",amd,3,0.9614839885410676,1.0151818760772495
"['they', 'are', 'just', 'hammering', 'spy', 'now', 'damm']",spy,3,0.9749417231882449,0.9991001978822555
"['amc', 'looks', 'like', 'it s', 'trying', 'to', 'breakout', '', 'run']",amc,4,1.1061093010947118,1.2602194097545008
"['free', 'tip', 'if', 'tesla', 'starts', 'to', 'tank', 'more', 'and', 'you', 'can t', 'afford', 'puts', 'buy', 'puts', 'on', 'arkk']",tsla,4,0.8665168432139946,0.9352188934350002
"['tesla', '', 'is', 'a', 'fkin', 'concrete', 'wall', 'of', 'defense']",tsla,3,0.8665168432139946,0.9352188934350002
"['drill', 'the', 'fuck', 'down', 'already', 'tesla', '']",tsla,4,0.8665168432139946,0.9352188934350002
"['should', 'i', 'sell', 'nio', 'for', 'a', 'loss', 'and', 'buy', 'gold', 'already']",nio,3,0.8983728673589424,0.973240199096567
"['spy', 'leaps']",spy,4,0.9749417231882449,0.9991001978822555
"['spy', 'got', 'out', 'of', 'its', 'downward', 'channel', 'from', 'this', 'morning', 'if', 'it', 'retests', 'it', 'or', '', 'ima', 'sell', 'these', 'puts', 'and', 'buy', 'some', '', 'fds', 'to', 'day', 'trade', 'edit', 'nvm', 'back', 'in', 'the', 'channel', 'on', 'the', '', 'min', 'womp', 'womp']",spy,4,0.9749417231882449,0.9991001978822555
"['spy', 'going', 'quiet', 'into', 'that', 'long', 'dark', 'but', 'i m', 'still', 'raging', '']",spy,4,0.9749417231882449,0.9991001978822555
"['wish', 'i', 'could', 'go', 'back', 'to', 'monday', 'and', 'kick', 'myself', 'in', 'the', 'balls', 'for', 'buying', 'spy', 'tesla', 'and', 'qqq', 'calls', 'cant', 'stop', 'myself', 'from', 'doing', 'it', 'because', 'i', 'have', 'to', 'protect', 'time space', 'continuum', 'but', 'damn', 'did', 'i', 'need', 'a', 'good', 'ass', 'juicing']",spy,5,0.9749417231882449,0.9991001978822555
"['wish', 'i', 'could', 'go', 'back', 'to', 'monday', 'and', 'kick', 'myself', 'in', 'the', 'balls', 'for', 'buying', 'spy', 'tesla', 'and', 'qqq', 'calls', 'cant', 'stop', 'myself', 'from', 'doing', 'it', 'because', 'i', 'have', 'to', 'protect', 'time space', 'continuum', 'but', 'damn', 'did', 'i', 'need', 'a', 'good', 'ass', 'juicing']",tsla,5,0.8665168432139946,0.9352188934350002
"['wish', 'i', 'could', 'go', 'back', 'to', 'monday', 'and', 'kick', 'myself', 'in', 'the', 'balls', 'for', 'buying', 'spy', 'tesla', 'and', 'qqq', 'calls', 'cant', 'stop', 'myself', 'from', 'doing', 'it', 'because', 'i', 'have', 'to', 'protect', 'time space', 'continuum', 'but', 'damn', 'did', 'i', 'need', 'a', 'good', 'ass', 'juicing']",qqq,5,0.9638946503084432,1.0073696570296258
"['palantir', 'is', 'an', 'absolute', 'savage', 'for', 'dropping', '', 'percent', 'and', 'then', 'forming', 'a', 'bull', 'trap']",pltr,4,0.898667886692242,1.0335000038146973
"['spy', '', 'puts', 'this', 'friday']",spy,4,0.9749417231882449,0.9991001978822555
"['spy', 'is', 'up', '', 'cents', 'from', 'the', 'daily', 'low', 'bear', 'is', 'fuk']",spy,5,0.9749417231882449,0.9991001978822555
"['guess', 'imma', 'buy', 'more', 'spy', 'deep', 'itm', 'long', 'calls']",spy,4,0.9749417231882449,0.9991001978822555
"['no', 'ones', 'gonna', 'believe', 'me', 'but', 'spy', 'still', 'has', 'room', 'to', 'run', 'down', 'lol', 'better', 'to', 'trade', 'energy', 'here']",spy,4,0.9749417231882449,0.9991001978822555
"['spy', 'massacre', 'part', '', 'o']",spy,4,0.9749417231882449,0.9991001978822555
"['if', 'spy', 'breaches', '', 'then', 'all', 'hope', 'is', 'lost']",spy,4,0.9749417231882449,0.9991001978822555
"['back', 'to', 'where', 'i', 'was', 'at', 'the', 'start', 'of', '', 'all', 'my', 'gme', 'and', 'rkt', 'gains', 'are', 'now', 'gone', 'what', 'a', 'sad', 'day', 'but', 'i d', 'do', 'it', 'again']",gme,4,0.9000994202210352,1.1587508947651461
"['spy', 'weekly', 'puts', 'on', 'the', 'way', 'down', 'twice', 'today', 'and', 'sold', 'too', 'early', 'each', 'damn', 'time', 'fml', 'oh', 'well', 'k', 'profit', 'is', 'better', 'than', 'k', 'loss', '']",spy,5,0.9749417231882449,0.9991001978822555
"['very', 'close', 'to', 'going', 'all', 'in', 'on', 'amd']",amd,4,0.9614839885410676,1.0151818760772495
"['nobody', 'in', 'their', 'right', 'mind', 'is', 'touching', 'spy', 'right', 'now', 'lmao', 'look', 'at', 'how', 'shit', 'that', 'chart', 'looks']",spy,5,0.9749417231882449,0.9991001978822555
"['f', 'the', 'moon', 'i ll', 'be', 'happy', 'with', 'a', 'step', 'ladder', 'right', 'now']",f,3,0.9809523581475533,1.049393387929673
"['cathie', 'on', 'her', 'way', 'out', 'of', 'the', 'fukin', 'country', 'nancy', 'aggressively', 'checking', 'indices', 'me', 'wanting', 'to', 'buy', 'yearlys', 'on', 'tsla', 'aapl', 'and', 'and', 'few', 'others', 'soon', '']",aapl,3,0.9615961604795944,1.0104538160419456
"['should', 'i', 'grab', 'some', '', 'spy', 'p', '']",spy,5,0.9749417231882449,0.9991001978822555
"['spy', 'talks', 'going', 'badly']",spy,3,0.9749417231882449,0.9991001978822555
"['tesla', 'down', 'the', 'butt', 'hole', '', 'its', 'good', '']",tsla,4,0.8665168432139946,0.9352188934350002
"['i', 'cannot', 'believe', 'i', 'closed', 'my', '', 'spy', 'p s', 'for', 'a', 'loss', 'on', 'monday', 'morning', 'i', 'would', 'be', 'up', '', 'on', 'my', 'account', 'this', 'week']",spy,3,0.9749417231882449,0.9991001978822555
"['if', 'spy', 'miraculously', 'goes', 'to', '', 'by', 'friday', 'i', 'will', 'have', 'recovered', 'and', 'go', 'cash', 'gang']",spy,4,0.9749417231882449,0.9991001978822555
"['amc', 'keeping', 'me', 'green']",amc,4,1.1061093010947118,1.2602194097545008
"['spy', 'im', 'waiting', 'for', '', 'please', 'i', 'want', 'to', 'load', 'up', 'on', 'the', 'dip']",spy,5,0.9749417231882449,0.9991001978822555
"['fat', 'dead', 'cat', 'bounce']",cat,3,0.9971428879168855,0.9817631322694196
"['two', 'ge', 'puts', 'and', 'one', 'call', 'gonna', 'trick', 'this', 'market', 'into', 'giving', 'me', 'free', 'money']",ge,5,0.969742771246215,1.0007645434969545
"['who s', 'short', 'laddering', 'spy']",spy,4,0.9749417231882449,0.9991001978822555
"['baba', 'and', 'jd', 'were', '', '', 'hours', 'ago', 'in', 'asia', 'jd', 'now', '', 'today', 'earnings', 'tomorrow', 'and', 'next', 'week', 'might', 'be', 'a', 'good', 'choice', 'to', 'buy']",baba,4,0.9682532398639844,0.9457149955111025
"['baba', 'and', 'jd', 'were', '', '', 'hours', 'ago', 'in', 'asia', 'jd', 'now', '', 'today', 'earnings', 'tomorrow', 'and', 'next', 'week', 'might', 'be', 'a', 'good', 'choice', 'to', 'buy']",jd,4,0.9450855627647493,0.96923924920136
"['ford', 'f', 'crew', 'cab l k', 'miles', 'no', 'accident blue', '', 'k', '', 'k', 'under', 'price', 'undervalued', 'plz', 'buy', 'it']",f,4,0.9809523581475533,1.049393387929673
"['is', 'spy', 'gonna', 'keep', 'dipping']",spy,4,0.9749417231882449,0.9991001978822555
"['how', 'come', 'everything', 'i', 'buy', 'instantly', 'goes', 'down', 'sorry', 'coin', 'holders']",coin,4,1.0459523943778326,0.7504840643617885
"['don t', 'worry', 'guys', 'nkla', 'is', 'up', 'everything', 'is', 'opposite', 'nothing', 'makes', 'sense', 'down', 'is', 'up', 'the', 'apes', 'jam', 'bananas', 'into', 'their', 'ass']",nkla,5,1.132432366021221,1.1101548834403974
"['i', 'remember', 'this', 'day', 'in', 'my', 'dreams', 'dead', 'cat', 'bounce']",cat,4,0.9971428879168855,0.9817631322694196
"['nkla', 'has', 'no', 'business', 'being', 'green']",nkla,3,1.132432366021221,1.1101548834403974
"['i', 'see', 'a', 'lot', 'of', 'complaints', 'about', '', 'but', 'like', 'don t', 'forget', 'spy', 'just', 'rose', 'almost', '', 'over', 'the', 'past', '', 'months']",spy,4,0.9749417231882449,0.9991001978822555
"['i', 'thing', '', 'hope', 'tlry', 'will', 'end', 'up', 'green', 'today', '']",tlry,3,0.9314102165170763,0.9772284040077155
"['i', 'think', 'the', 'bottom', 'may', 'be', 'in', 'for', 'spy', 'now', 'but', 'after', 'yesterday', 'i', 'am', 'no', 'longer', 'willing', 'to', 'put', 'money', 'on', 'it']",spy,4,0.9749417231882449,0.9991001978822555
"['baba', '', 'c', 'only', '', 'iv', 'with', 'earnings', 'tomorrow', 'lol']",baba,5,0.9682532398639844,0.9457149955111025
"['plug', 'is', 'like', 'the', 'drunk', 'dude', 'who', 'sways', 'back', 'and', 'forth', 'on', 'the', 'sidewalk']",plug,3,0.9598618773364918,1.205882286450432
"['on', 'my', 'craps', 'app', 'i', 'put', 'k', 'on', 'the', 'field', 'on', 'my', 'come', 'out', 'roll', 'rolled', 'seven', 'we', 'are', 'all', 'fucked', 'run', 'to', 'hills', 'lock', 'your', 'doors', 'get', 'your', 'guns', 'coin', 'rmo']",coin,3,1.0459523943778326,0.7504840643617885
"['i m', 'so', 'talented', 'that', 'i', 'sold', 'a', 'covered', 'call', 'at', 'the', 'bottom', 'on', 'aapl', 'yesterday', 'and', 'today', 'i m', 'still', 'down', 'on', 'the', 'cc', 'even', 'though', 'the', 'share', 'price', 'is', 'a', 'full', '', 'cents', 'lower', 'right', 'now', 'beat', 'that']",aapl,5,0.9615961604795944,1.0104538160419456
"['very', 'tempted', 'to', 'fd', 'call', 'spy']",spy,4,0.9749417231882449,0.9991001978822555
"['sold', 'spy', 'at', '', 'shorted', 'at', '', 'bought', 'back', 'at', '', 'i m', 'guh']",spy,4,0.9749417231882449,0.9991001978822555
"['tomorrow', 'open', 'is', 'spy', '', '']",spy,4,0.9749417231882449,0.9991001978822555
"['amc', 'weeeeeee']",amc,5,1.1061093010947118,1.2602194097545008
"['how', 'the', 'hell', 'is', 'nkla', 'up', 'today']",nkla,4,1.132432366021221,1.1101548834403974
"['drill', 'team', 'six', 'came', 'out', 'to', 'play', 'today', 'oh', 'man', 'for', 'you', 'permabulls', 'now', 'is', 'the', 'time', 'to', 'buy', 'leaps', 'if', 'you re', 'too', 'scared', 'to', 'get', 'into', 'puts', 'they re', 'cheap', 'as', 'fuck', 'stop', 'buying', 'weeklies', 'and', 'dte', 'there s', 'obviously', 'a', 'correction', 'get', 'in', 'before', 'spy', '']",spy,3,0.9749417231882449,0.9991001978822555
"['i', 'bought', 'a', 'spy', '', 'call', 'for', 'shits']",spy,3,0.9749417231882449,0.9991001978822555
"['gonna', 'try', 'to', 'time', 'the', 'spy', 'wish', 'me', 'luck', '']",spy,4,0.9749417231882449,0.9991001978822555
"['thoughts', 'on', 'amc', 'and', 'it s', 'future']",amc,4,1.1061093010947118,1.2602194097545008
"['spy', 'p', 'and', '', 'layer', 'dip', 'memes', 'please', 'bring', 'em', 'back']",spy,4,0.9749417231882449,0.9991001978822555
"['amc', 'baby']",amc,3,1.1061093010947118,1.2602194097545008
"['rip', 'to', 'those', 'who', 'bought', 'mara', 'or', 'riot', 'calls']",mara,4,0.6802619909994041,0.8736418008533101
"['i', 'can t', 'wait', 'for', 'the', 'dead', 'cat', 'bounce', 'that', 'sends', 'the', 'market', 'to', 'a', 'new', 'ath']",cat,4,0.9971428879168855,0.9817631322694196
"['tempted', 'to', 'yolo', 'weekly', 'spy', 'c s']",spy,3,0.9749417231882449,0.9991001978822555
"['spy', 'puts', 'are', 'the', 'play', 'or', 'is', 'that', 'too', 'obvious', '']",spy,4,0.9749417231882449,0.9991001978822555
"['i', 'thought', 'spy', 'couldn t', 'drop', 'any', 'further', 'today', 'so', 'i', 'bought', 'calls', 'spy', 'immediately', 'proceeds', 'further', 'down']",spy,4,0.9749417231882449,0.9991001978822555
"['idk', 'how', 'to', 'play', 'spy', 'today', 'or', 'this', 'week', 'should', 'i', 'load', 'up', 'on', 'calls', 'or', 'puts', 'eod']",spy,4,0.9749417231882449,0.9991001978822555
"['boiz', 'we', 'going', 'to', 'spy', '', 'nice', 'knowing', 'ya']",spy,4,0.9749417231882449,0.9991001978822555
"['tsla', 'doing', 'everything', 'it', 'can', 'to', 'not', 'be', 'spy']",spy,4,0.9749417231882449,0.9991001978822555
"['idk', 'like', 'the', 'record', 'to', 'show', 'full', 'market', 'sell', 'off', 'gme', 'still', 'fighting', 'green', 'and', 'not', '', 'dollars', 'a', 'share']",gme,4,0.9000994202210352,1.1587508947651461
"['amc', 'apes', '', '']",amc,3,1.1061093010947118,1.2602194097545008
"['anyone', 'buying', 'baba', 'into', 'earnings', 'fang', 'had', 'blowout', 'earnings', 'so', 'i', 'think', 'baba', 'should', 'as', 'well', 'regulatory', 'troubles', 'seem', 'to', 'be', 'clearing', 'up', 'also', 'if', 'we', 'get', 'wind', 'of', 'ant', 'ipo', 'we', 'can', 'see', 'a', '', 'handle', 'in', 'a', 'month', 'or', 'so', '', 'july', 'calls']",baba,3,0.9682532398639844,0.9457149955111025
"['okay', 'djia', 'close', '', 'spy', '', 'qqq', 'just', 'dont', 'die']",spy,4,0.9749417231882449,0.9991001978822555
"['okay', 'djia', 'close', '', 'spy', '', 'qqq', 'just', 'dont', 'die']",qqq,4,0.9638946503084432,1.0073696570296258
"['i ve', 'been', 'so', 'tempted', 'to', 'average', 'down', 'my', 'tlry', '', 'uwmc', 'but', 'i', 'can t', 'get', 'myself', 'throw', 'more', 'money', 'at', 'this', 'market', 'i ll', 'just', 'bag hold', '', 'wait']",tlry,4,0.9314102165170763,0.9772284040077155
"['ino', 'is', 'having', 'a', 'fire', 'sale', 'i m', 'adding', 'more', 'i m', 'going', 'to', 'yolo', 'an', 'old', 'k', 'that', 'i', 'haven t', 'kept', 'with', 'it s', 'a', 'no brainer', 'decision']",ino,5,0.9647779461433988,1.0410334322275252
"['it s', 'taking', 'everything', 'in', 'my', 'power', 'to', 'not', 'buy', 'spy', 'calls']",spy,4,0.9749417231882449,0.9991001978822555
"['spy', 'taking', 'its', 'final', 'nosedive', 'of', 'the', 'day']",spy,4,0.9749417231882449,0.9991001978822555
"['wonder', 'if', 'i', 'should', 'hold', 'these', '', '', 'spy', 'puts', 'overnight']",spy,4,0.9749417231882449,0.9991001978822555
"['doubled', 'down', 'on', 'my', 'uber', 'calls', 'time', 'for', 'a', 'joint']",uber,5,0.9053523853249485,1.0777777685434589
"['aapl', 'is', 'like', 'take', 'me', 'back', 'to', 'september', 'daddy', 'tim']",aapl,4,0.9615961604795944,1.0104538160419456
"['got', 'k', 'in', 'spy', 'calls', 'don t', 'fail', 'me', 'now']",spy,4,0.9749417231882449,0.9991001978822555
"['inflation', 'to', 'spy', 'tell', 'me', 'do', 'you', 'bleed', 'you', 'will']",spy,4,0.9749417231882449,0.9991001978822555
"['keep', 'drilling', 'sq', 'you re', 'right', 'where', 'i', 'want', 'you', 'get', 'below', '', 'and', 'it s', 'play', 'time', '']",sq,5,0.8786615886642919,0.9294472725216144
"['', 'spy', 'in', 'a', 'day', 'whats', 'the', 'record', 'outside', 'of', 'recessions', 'in', 'a', 'single', 'day']",spy,3,0.9749417231882449,0.9991001978822555
"['even', 'my', 'god', 'damn', 'dividend', 'portfolio', 'is', 'fucked', 'thank', 'fuck', 'for', 'fubo']",fubo,3,1.0955341195979797,0.9711992161679763
"['spy', 'puts', 'go', 'brrrrr']",spy,4,0.9749417231882449,0.9991001978822555
"['spy', 'to', '', 'eow']",spy,4,0.9749417231882449,0.9991001978822555
"['alright', 'somebody', 'must', 'have', 'made', 'dick', 'loads', 'of', 'money', 'on', 'spy', 'put', 'fds', 'this', 'week', 'let s', 'see', 'it']",spy,5,0.9749417231882449,0.9991001978822555
"['i', 'just', 'bought', 'some', 'july', 'spy', 'calls', 'am', 'i', 'gonna', 'be', 'mad', 'that', 'i', 'didnt', 'buy', 'more']",spy,3,0.9749417231882449,0.9991001978822555
"['ok', 'sell', 'weekly', 'spy', 'puts', 'at', 'close', 'or', 'let', 'them', 'ride', '']",spy,4,0.9749417231882449,0.9991001978822555
"['financials', 'and', 'gas', 'dipping', 'they', 'have', 'a', 'bit', 'more', 'to', 'sell', 'off', 'tomorrow', 'and', 'then', 'big', 'buyers', 'come', 'in', 'friday', 'and', 'spy', '', 'eow', 'and', 'next', 'week', 'huge', 'earnings', '', 'next', 'week']",spy,5,0.9749417231882449,0.9991001978822555
"['spy', 'gonna', 'hit', '', 'day', 'moving', 'average', 'then', 'jump']",spy,4,0.9749417231882449,0.9991001978822555
"['sell', 'ur', 'puts', 'then', 'buy', 'tsla', 'n', 'spy', 'dte', 'calls', 'eod', 'tmrw', 'to', 'make', 'ez', '', 'bagger', 'friday', 'morning']",spy,4,0.9749417231882449,0.9991001978822555
"['closed', 'my', 'spy', 'puts', 'scalping', 'a', 'spy', 'call', 'for', 'friday']",spy,3,0.9749417231882449,0.9991001978822555
"['meme', 'stocks', 'wont', 'save', 'you', 'market', 'going', 'down', 'hard', 'as', 'my', 'big', 'red', 'dick']",save,4,0.9450073009222072,1.0729135909543284
"['oh', 'shit', 'my', 'spy', 'p', 'might', 'print']",spy,5,0.9749417231882449,0.9991001978822555
"['remember', 'when', 'tesla', 'calls', 'were', 'free', 'money', '', 'pepperidge', 'farm', 'remembers']",tsla,3,0.8665168432139946,0.9352188934350002
"['meet', 'kevin', 'just', 'downed', 'a', 'bottle', 'of', 'tesla', 'tequila']",tsla,5,0.8665168432139946,0.9352188934350002
"['didn t', 'someone', 'buy', 'm', 'puts', 'for', 'spy', '', 'expiring', 'in', 'jan', '']",spy,4,0.9749417231882449,0.9991001978822555
"['im', 'sitting', 'here', 'at', 'jury', 'duty', 'with', 'my', 'butt', 'clenched', 'hoping', 'i', 'don t', 'fart', 'spray', 'away', 'the', '', 'gain', 'on', 'my', 'amc']",amc,3,1.1061093010947118,1.2602194097545008
"['i', 'buy', 'spy', 'today', 'and', 'tomorrow', 'what', 'happens', 'when', 'we', 'realize', 'this', 'inflation', 'stuff', 'is', 'transitory', 'like', 'my', 'brother', 'jpow', 'said', 'we', 'moon']",spy,4,0.9749417231882449,0.9991001978822555
"['you', 'know', 'its', 'serious', 'when', 'spy', 'went', 'more', 'down', 'than', 'the', 'qqq', 'damn']",spy,4,0.9749417231882449,0.9991001978822555
"['you', 'know', 'its', 'serious', 'when', 'spy', 'went', 'more', 'down', 'than', 'the', 'qqq', 'damn']",qqq,4,0.9638946503084432,1.0073696570296258
"['if', 'amzn', 'goes', 'below', '', 'tomorrow', '']",amzn,4,0.9638960065462538,1.014693892881672
"['hedge', 'spy', 'with', 'gme', 'gme', 'is', 'the', 'new', 'spy']",spy,3,0.9749417231882449,0.9991001978822555
"['hedge', 'spy', 'with', 'gme', 'gme', 'is', 'the', 'new', 'spy']",gme,3,0.9000994202210352,1.1587508947651461
"['anyone', 'else', 'see', 'spy', 'bouncing', 'between', '', 'and', '', 'is', 'my', 'phone', 'glitching']",spy,5,0.9749417231882449,0.9991001978822555
"['had', 'a', 'nice', 'little', 'jump', 'in', 'intel', 'calls', 'last', 'moment', 'which', 'stopped', 'my', 'margin', 'call', '']",intc,2,0.9470151879796206,1.0178341833349558
"['so', 'i', 'either', 'regret', 'selling', 'my', 'spy', 'puts', 'or', 'i m', 'happy', 'that', 'i', 'switched', 'to', 'calls', 'for', 'the', 'day']",spy,3,0.9749417231882449,0.9991001978822555
"['my', 'portfolio', 'is', 'only', 'down', 'half', 'as', 'much', 'as', 'spy', 'is', 'this', 'week', 'hmu', 'for', 'my', 'course', 'only', 'month']",spy,6,0.9749417231882449,0.9991001978822555
"['sq', 'goes', 'below', '', 'or', 'amd', 'goes', 'below', '', 'and', 'i m', 'getting', 'a', 'loan', 'from', 'the', 'bank', 'and', 'backing', 'up', 'the', 'truck', 'to', 'load', 'up']",sq,3,0.8210671326987802,0.9841979186630311
"['sq', 'goes', 'below', '', 'or', 'amd', 'goes', 'below', '', 'and', 'i m', 'getting', 'a', 'loan', 'from', 'the', 'bank', 'and', 'backing', 'up', 'the', 'truck', 'to', 'load', 'up']",amd,3,0.9281269376240079,1.0378938772611883
"['sndl', 'net', 'loss', 'of', 'm', 'cannabis', 'revenue', 'decline', 'fron', 'm', 'to', 'm', 'dont', 'buy', 'this', 'trash', 'its', 'probably', 'the', 'worst', 'weedstock', 'you', 'can', 'buy']",sndl,10,0.9213630386838044,0.9297573337312052
"['i', 'cant', 'wait', 'until', 'a', 'loaf', 'of', 'bread', 'costs', 'the', 'same', 'as', 'a', 'share', 'of', 'amzn']",amzn,10,0.9638960065462538,1.014693892881672
['gme'],gme,11,0.9000994202210352,1.1587508947651461
"['amc', 'to', 'the', 'mf', 'moon', 'get', 'onboard', 'retards', 'this', 'rocket', 'is', 'fueled', 'to', 'the', 'tits']",amc,10,1.1061093010947118,1.2602194097545008
"['market', 'dead', 'nkla', 'up', '', 'why', 'the', 'fuck', 'do', 'i', 'play', 'this', 'game']",nkla,10,1.132432366021221,1.1101548834403974
"['amc', 'is', 'up', '', 'cents', 'and', 'people', 'are', 'saying', 'it s', 'squeezing', 'fucking', 'hell']",amc,19,1.1061093010947118,1.2602194097545008
"['soon', 'usd', 'will', 'be', 'worthless', 'due', 'to', 'inflation', 'and', 'all', 'transactions', 'will', 'be', 'using', 'gme', 'shares']",gme,19,0.9000994202210352,1.1587508947651461
"['better', 'than', 'expected', 'inflation', 'data', 'at', '', 'turning', 'spy', '', 'by', 'open', '', 'my', 'entire', 'account', 'is', 'in', 'spy', 'calls', 'expiring', 'today', 'please', 'help', 'me']",spy,9,0.9749417231882449,0.9991001978822555
"['fuck', 'it', 'gonna', 'go', 'all', 'in', 'on', 'spy', 'calls']",spy,9,0.9749417231882449,0.9991001978822555
"['gme', 'is', 'a', 'hedge', 'against', 'a', 'bear', 'market']",gme,8,0.9000994202210352,1.1587508947651461
"['so', 'gme', 'is', 'green']",gme,9,0.9000994202210352,1.1587508947651461
"['uh', 'oh', 'gme', 'is', 'doing', 'that', 'thing', 'again']",gme,9,0.9000994202210352,1.1587508947651461
"['gme', 'c', 'c', 'lol']",gme,9,0.9000994202210352,1.1587508947651461
"['oh', 'say', 'can', 'you', 'see my', 'little', 'gme', '']",gme,10,0.9000994202210352,1.1587508947651461
"['reports', 'show', 'retail', 'shoppers', 'ready', 'to', 'spend', 'money', 'aso', 'going', 'to', '', '', 'gme', 'going', 'to', '', '']",gme,8,0.9000994202210352,1.1587508947651461
"['just', 'dumping', 'all', 'your', 'money', 'into', 'aapl', 'and', 'holding', 'for', 'the', 'next', '', 'years', 'will', 'probably', 'make', 'you', 'more', 'money', 'than', 'any', 'other', 'trade', 'you', 'think', 'will']",aapl,9,0.9615961604795944,1.0104538160419456
"['bought', 'some', 'amc', 'calls', 'let s', 'go']",amc,9,1.1061093010947118,1.2602194097545008
['amc'],amc,8,1.1061093010947118,1.2602194097545008
"['quick', 'buy', 'spy', 'short', 'squeeze', 'incoming', 'it s', 'not', 'too', 'late', 'to', 'get', 'a', 'ticket', '']",spy,10,0.9749417231882449,0.9991001978822555
"['cathie', 'says', 'commodities', 'in', 'for', 'a', 'big', 'correction', 'soon', 'and', 'also', 'said', 'tesla', 'is', 'a', 'steal', 'at', 'its', 'current', 'price', 'is', 'she', 'kidding']",tsla,9,0.8665168432139946,0.9352188934350002
"['amc', '', 'uwmc', 'keeping', 'green', 'on', 'a', 'sea', 'of', 'red']",amc,10,1.1061093010947118,1.2602194097545008
"['up', '', 'on', 'gme', 'weeklies', 'i', 'bought', 'at', 'the', 'bottom', 'today']",gme,10,0.9000994202210352,1.1587508947651461
"['what s', 'up', 'with', 'amc', '']",amc,8,1.1061093010947118,1.2602194097545008
"['okay', 'show', 'of', 'hands', 'who', 'fell', 'for', 'the', 'th', 'spy', 'bull', 'trap', 'today']",spy,9,0.9749417231882449,0.9991001978822555
"['gme', 'is', 'my', 'best', 'performer', 'today', 'at', '']",gme,13,0.9000994202210352,1.1587508947651461
['gme'],gme,12,0.9000994202210352,1.1587508947651461
"['gme', 'my', 'only', 'green']",gme,13,0.9000994202210352,1.1587508947651461
"['amc', 'amc', 'amc', 'amc', 'amc']",amc,12,1.1061093010947118,1.2602194097545008
['gme'],gme,12,0.9000994202210352,1.1587508947651461
"['buy', 'gme', 'hold', 'gme', 'vote', 'in', 'gme', 'shareholder', 'meeting']",gme,11,0.9000994202210352,1.1587508947651461
"['palantir', 'gave', 'almost', '', 'million', 'this', 'last', 'quarter', 'in', 'stock', 'rewards', 'what', 'the', 'actual', 'fuck', 'that s', 'a', 'ton', 'of', 'money']",pltr,8,0.898667886692242,1.0335000038146973
"['come', 'join', 'amc', 'if', 'you', 'wanna', 'see', 'green']",amc,8,1.1061093010947118,1.2602194097545008
"['spy', 'to', '', 'is', 'now', 'more', 'likely', 'than', 'spy', 'to', '', '']",spy,10,0.9749417231882449,0.9991001978822555
"['spy', 'i', 'heard', '', 'was', 'talking', 'shit', 'about', 'your', 'mom', 'why', 'don t', 'you', 'go', 'up', 'there', 'and', 'see', 'what', 'he', 'said']",spy,9,0.9749417231882449,0.9991001978822555
"['how', 'tf', 'is', 'amc', 'the', 'resilient', 'one']",amc,8,1.1061093010947118,1.2602194097545008
"['buy', 'tesla', 'here', 'at', '']",tsla,8,0.8665168432139946,0.9352188934350002
"['don t', 'worry', 'spy', 'will', 'recover', 'permabulls', 'dumb', 'af']",spy,8,0.9749417231882449,0.9991001978822555
"['gme', 'doing', 'the', 'green', 'thing', 'again', '']",gme,9,0.9000994202210352,1.1587508947651461
"['literally', 'cannot', 'make', 'this', 'up', 'i', 'sold', 'gme', 'at', '', 'and', 'a', 'few', 'seconds', 'later', 'it', 'jumps', 'to', 'green', 'god', 'fucking', 'hates', 'me']",gme,7,0.9000994202210352,1.1587508947651461
"['laughs', 'in', 'amc', 'being', 'green']",amc,9,1.1061093010947118,1.2602194097545008
"['amc', 'squeezing']",amc,8,1.1061093010947118,1.2602194097545008
"['amc', '']",amc,8,1.1061093010947118,1.2602194097545008
"['gamestop', 'corporate', 'interviewed', 'for', 'a', 'new', 'intern', 'to', 'man', 'their', 'twitter', 'after', 'a', 'long', 'day', 'and', 'many', 'qualified', 'candidates', 'one', 'last', 'person', 'comes', 'through', 'he', 'has', 'no', 'resume', 'his', 'shoes', 'are', 'velcro', 'instead', 'of', 'laced', 'before', 'the', 'interviewers', 'can', 'say', 'anything', 'he', 'says', 'to', 'the', 'panel', 'i', 'have', 'just', 'one', 'question', 'for', 'you', 'would', 'you', 'like', 'this', 'to', 'be', 'a', 'wendy s']",gme,9,0.9000994202210352,1.1587508947651461
"['do', 'i', 'yolo', 'spy', 'calls', 'at', '']",spy,8,0.9749417231882449,0.9991001978822555
['gme'],gme,15,0.9000994202210352,1.1587508947651461
"['after', 'googling', 'israeli', 'arms', 'suppliers', 'i', 'decided', 'to', 'give', 'lmt', 'a', 'whirl', 'for', 'today']",lmt,6,0.981004685044417,0.9937366508586751
"['baba', 'pltr', 'amc', '']",baba,7,0.9682532398639844,0.9457149955111025
"['baba', 'pltr', 'amc', '']",amc,7,1.1061093010947118,1.2602194097545008
"['fubo', '']",fubo,8,1.0955341195979797,0.9711992161679763
"['because', 'amc', 'has', 'nowhere', 'to', 'go', 'but', 'up', 'ive', 'been', 'saying', 'it', 'since', 'friday', 'retards']",amc,6,1.1061093010947118,1.2602194097545008
"['pulled', 'the', 'trigger', 'on', 'some', 'spy', 'calls', 'let s', 'gooooooo']",spy,8,0.9749417231882449,0.9991001978822555
"['there', 'goes', 'spy', 'trying', 'to', 'go', 'back', 'to', 's']",spy,7,0.9749417231882449,0.9991001978822555
"['ok', 'spy', 'puts', 'all', 'week', 'it', 'is']",spy,6,0.9749417231882449,0.9991001978822555
"['funny', 'thing', 'is', 'spy', 'could', 'end', 'week', 'at', '']",spy,6,0.9749417231882449,0.9991001978822555
['gme'],gme,6,0.9000994202210352,1.1587508947651461
"['if', 'spy', 'drops', 'below', '', 'i m', 'going', 'to', 'yolo']",spy,8,0.9749417231882449,0.9991001978822555
"['bro', 'i', 'can t', 'wait', 'for', 'spy', 'to', 'hit', '', 'again']",spy,6,0.9749417231882449,0.9991001978822555
"['gme', 'saw', 'its', 'shadow', 'so', 'now', '', 'more', 'weeks', 'of', 'bag', 'holding']",gme,7,0.9000994202210352,1.1587508947651461
"['amc', '']",amc,6,1.1061093010947118,1.2602194097545008
"['dead', 'cat', 'bounce', 'join', 'the', 'darkside', 'while', 'you', 'can', '', 'is', 'on', 'its', 'way']",cat,7,0.9971428879168855,0.9817631322694196
"['market', 'is', 'drowning', 'while', 'gme s', 'just', 'pushing', 'with', 'that', 'retard', 'strength', 'right', 'now', 'it s', 'like', 'that', 'scene', 'in', 'forrest', 'gump', 'citadels', 'in', 'a', 'truck', 'chasing', 'gme', 'but', 'it', 'just', 'keeps', 'run nang']",gme,7,0.9000994202210352,1.1587508947651461
"['amc', 'might', 'actually', 'do', 'the', 'thing']",amc,6,1.1061093010947118,1.2602194097545008
