"['gme', 'being', 'safer', 'than', 'gold', 'rn', 'is', 'the', 'funniest', 'shit', 'ever']",gme,263,1.1267666195734827,2.08
"['the', 'worst', 'thing', 'about', 'gme', 'is', 'when', 'i', 'hold', 'it', 'it', 'just', 'goes', 'sideways', 'but', 'if', 'i', 'ever', 'sold', 'it', 'then', 'it d', 'fly', 'up', 'by', '', 'the', 'very', 'same', 'day']",gme,56,1.1267666195734827,2.08
"['the', 'fact', 'that', 'this', 'gme', 'shit', 'is', 'happening', 'as', 'the', 'nasdaq', 'is', 'digging', 'itself', 'a', 'grave', 'makes', 'it', 'x', 'funnier']",gme,34,1.1267666195734827,2.08
"['cnbc', 'retail', 'investors', 'seems', 'to', 'be', 'looking', 'for', 'safety', 'in', 'gme', 'and', 'avoid', 'the', 'volatility', 'of', 'risky', 'stocks', 'like', 'f', 'and', 'amzn']",gme,36,1.1267666195734827,2.08
"['cnbc', 'retail', 'investors', 'seems', 'to', 'be', 'looking', 'for', 'safety', 'in', 'gme', 'and', 'avoid', 'the', 'volatility', 'of', 'risky', 'stocks', 'like', 'f', 'and', 'amzn']",f,36,1.003364168267286,1.0465686813036978
"['cnbc', 'retail', 'investors', 'seems', 'to', 'be', 'looking', 'for', 'safety', 'in', 'gme', 'and', 'avoid', 'the', 'volatility', 'of', 'risky', 'stocks', 'like', 'f', 'and', 'amzn']",amzn,36,0.9619960310583605,1.0337284488348688
"['jesus', 'fucking', 'christ', 'i', 'mean', 'fucking', 'really', 'this', 'can t', 'be', 'the', 'whole', 'fucking', 'market s', 'play', 'it', 'just', 'can t', 'be', 'why', 'the', 'fuck', 'have', 'i', 'wasted', 'so', 'much', 'god', 'damn', 'time', 'researching', 'and', 'investing', 'wisely', 'and', 'with', 'risk', 'at', 'both', 'opportune', 'and', 'inopportune', 'moments', 'i', 'should', 'have', 'just', 'bought', 'fucking', 'gamestop']",gme,31,1.1267666195734827,2.08
"['oh', 'yes', 'i', 'have', 'nothing', 'better', 'to', 'do', 'but', 'go', 'all', 'in', 'on', 'gme']",gme,27,1.1267666195734827,2.08
"['my', 'daughter', 'is', 'sick', 'today', 'so', 'i', 'decided', 'to', 'work', 'from', 'home', 'today', '', 'gmt', 'zone', 'so', 'far', 'this', 'morning', 'i ve', 'looked', 'at', 'gme', 'merch', 'at', 'etsy', 'done', 'some', 'shitposting', 'and', 'prepped', 'lunch', 'for', 'us']",gme,24,1.1267666195734827,2.08
"['uwmc', 'and', 'gme', 'pre', 'mkt', 'got', 'my', 'soaking', 'wet', '']",gme,27,1.1267666195734827,2.08
"['palantir', 'up', '', 'percent', 'pre', 'market', 'lets', 'go', 'baby', '', '', '', '']",pltr,30,1.02190077531355,1.075653888607925
"['went', 'from', 'ordering', 'uber', 'eats', 'to', 'now', 'working', 'for', 'them']",uber,25,1.019204916571171,1.057399116824026
"['can', 'we', 'all', 'take', 'a', 'moment', 'and', 'appreciate', 'how', 'gme', 'has', 'become', 'the', 'most', 'stable', 'stock', 'on', 'the', 'market', 'this', 'week']",gme,29,1.1267666195734827,2.08
"['gme', 'is', 'the', 'safe', 'bet', 'for', 'me']",gme,77,1.1267666195734827,2.08
"['in', 'a', 'sea', 'of', 'red', 'gamestop', 'is', 'just', 'like', 'nah']",gme,22,1.1267666195734827,2.08
"['this', 'market', 'is', 'so', 'fucked', 'up', 'if', 'you', 'told', 'me', '', 'weeks', 'ago', 'that', 'gme', 'would', 'be', 'a', 'relatively', 'safe', 'place', 'to', 'put', 'your', 'money', 'i', 'would', 'have', 'laughed']",gme,23,1.1267666195734827,2.08
"['gme', 'volume', 'is', 'so', 'low']",gme,22,1.1267666195734827,2.08
"['gonna', 'need', 'one', 'of', 'those', '', 'pltr', 'days', 'to', 'save', 'my', 'dying', 'account', 'lol']",save,21,0.9900596852251712,1.0272931170798612
"['great', 'low', 'buying', 'point', 'for', 'amd', 'i', 'said', 'to', 'myself', '', 'days', 'in', 'a', 'row']",amd,22,0.930357787291165,1.0124641650026003
"['gme', 'is', 'doing', 'the', 'thing', 'again']",gme,22,1.1267666195734827,2.08
"['why', 'don t', 'bears', 'post', 'things', 'like', 'if', 'tesla', 'goes', 'to', '', 'i ll', 'drink', 'my', 'own', 'piss', 'pussies']",tsla,21,0.8877714320591518,1.066788637707014
"['people', 'who', 'write', 'appl', 'instead', 'of', 'aapl', 'deserve', 'to', 'lose', 'money', 'on', 'it']",aapl,21,0.9799331077250976,1.0017248218285333
"['portnoys', 'etf', 'is', 'dog', 'shit', 'wrapped', 'in', 'cat', 'shit', 'first', 'off', 'he s', 'charging', 'more', 'then', 'standard', 'hedge', 'funds', 'on', 'their', 'instruments', 'second', 'it', 'only', 'rebalances', 'once', 'a', 'month', 'and', 'on', 'an', 'etf', 'that', 'tracks', 'social', 'media', 'sentiment', 'that s', 'very', 'bad']",cat,22,0.9638505173294788,1.024617704638195
"['gamestop', 'one', 'of', 'the', 'safest', 'stocks', 'lmao']",gme,21,1.1267666195734827,2.08
"['jpow', 'breathes', 'spy', 'aight', 'imma', 'head', 'out']",spy,21,0.9800962415220158,1.0322910884299512
"['gme', 'propped', 'up', 'my', 'whole', 'account', 'today', '']",gme,21,1.1267666195734827,2.08
"['gme', 'is', 'a', 'universal', 'hedge', 'against', 'inflation', 'and', 'market', 'sell', 'offs']",gme,22,1.1267666195734827,2.08
"['hopefully', 'spy', 'ceo', 'announces', 'blowout', 'earnings', 'tonight']",spy,20,0.9800962415220158,1.0322910884299512
"['clown', 'market', 'lol', 'treasury', 'bonds', 'slightly', 'go', 'up', 'and', 'cohen', 'tweets', 'a', 'stuffed', 'animal', 'causing', 'gme', 'to', 'rocket', '', 'market', 'tanking']",gme,22,1.1267666195734827,2.08
"['hate', 'to', 'say', 'it', 'but', 'gme', 'is', 'the', 'safest', 'stonk', 'out', 'there']",gme,19,1.1267666195734827,2.08
"['so', 'you re', 'telling', 'me', 'gme', 'was', 'the', 'least', 'risky', 'play', 'the', 'whole', 'time']",gme,19,1.1267666195734827,2.08
"['is', 'gamestop', 'considered', 'a', 'safe', 'investment', 'now', 'that', 'the', 'whole', 'market', 'is', 'in', 'the', 'hole', 'except', 'gamestop']",gme,20,1.1267666195734827,2.08
"['christ', 'who', 'would', 'have', 'thought', 'gme', 'would', 'be', 'the', 'safest', 'hedge', 'in', 'this', 'fucking', 'sell off']",gme,18,1.1267666195734827,2.08
"['so', 'proud', 'of', 'bb', 'pltr']",bb,17,0.938931353282114,1.068931025435189
"['lmao', 'fucking', 'gamestop', 'is', 'still', '', 'tons', 'of', 'people', 'literally', 'saying', 'i ll', 'never', 'sell', 'keeps', 'stonk', 'flat', 'no', 'matter', 'what']",gme,18,1.1267666195734827,2.08
"['lol', 'gme', 'said', 'fuck', 'it', 'going', 'to', 'the', 'moon', 'bitches']",gme,19,1.1267666195734827,2.08
"['everything', 'is', 'fucked', 'and', 'gme', 'pumps', 'again', '', 'fuck', 'this', 'markets', 'a', 'joke']",gme,18,1.1267666195734827,2.08
"['gme', 'round', '', 'lets', 'go']",gme,17,1.1267666195734827,2.08
"['i', 'know', 'it', 'will', 'most', 'likely', 'turn', 'around', 'but', 'its', 'depressing', 'to', 'see', 'apple', 'having', 'red', 'days', 'for', 'like', 'a', 'month', 'straight', 'when', '', 'of', 'my', 'portfolio', 'is', 'aapl']",aapl,58,0.9799331077250976,1.0017248218285333
"['went', 'from', 'ordering', 'uber', 'eats', 'to', 'know', 'working', 'for', 'them']",uber,16,1.019204916571171,1.057399116824026
"['maybe', 'these', 'gamestoppers', 'really', 'do', 'have', 'diamond', 'hands', 'lollol', 'markets', 'are', 'drilling', 'and', 'gme', 'is', 'barely', 'even', 'flinching']",gme,17,1.1267666195734827,2.08
"['if', '', 'year', 'ago', 'you', 'told', 'me', 'people', 'would', 'park', 'their', 'money', 'in', 'gamestop', 'to', 'weather', 'market', 'corrections', 'i', 'would', 'have', 'questioned', 'your', 'mental', 'condition', 'and', 'here', 'i', 'am', 'now', 'eating', 'a', 'big', 'bowl', 'of', 'crow']",gme,17,1.1267666195734827,2.08
"['just', 'keep', 'plowing', 'my', 'money', 'into', 'tech', 'everyday', 'and', 'scoffing', 'at', 'gme', 'i', 'bet', 'if', 'i', 'just', 'put', 'it', 'all', 'on', 'gme', 'over', 'the', 'last', '', 'weeks', 'my', 'portfolio', 'would', 'look', 'a', 'lot', 'better', 'i m', 'apparently', 'the', 'idiot']",gme,16,1.1267666195734827,2.08
"['i', 'am', 'just', 'gonna', 'lay', 'it', 'out', 'here', 'if', 'we', 'close', 'above', '', 'on', 'spy', 'today', '', '', 'pm', 'i ll', 'drink', 'my', 'piss', 'take', 'a', 'screenshots', 'mods']",spy,17,0.9800962415220158,1.0322910884299512
"['gme', 'is', 'my', 'new', 'savings', 'account', '']",gme,16,1.1267666195734827,2.08
"['oh', 'yeah', 'i m', '', 'buying', 'nio', 'under', '']",nio,16,0.8357446548786569,1.136823829863567
"['prediction', 'for', 'jpow', 'speech', '', 'he', 'says', 'the', 'market', 'demands', 'a', 'sacrifice', 'and', 'proceeds', 'to', 'kill', 'an', 'ape', 'on', 'live', 'tv', 'gme', '', 'eod', '']",gme,16,1.1267666195734827,2.08
"['whoever', 'is', 'that', 'one', 'account', 'who', 'says', 'he', 'can t', 'win', 'anything', 'please', 'buy', 'puts', 'today', 'and', 'save', 'everyone']",save,16,0.9900596852251712,1.0272931170798612
"['thank', 'you', 'gme']",gme,16,1.1267666195734827,2.08
"['damn', 'gme', 'really', 'makin', 'me', 'profit', 'day', 'after', 'day', 'in', 'this', 'fucked', 'up', 'market']",gme,16,1.1267666195734827,2.08
"['amc', 'announces', 'all', 'theaters', 'open', 'by', 'july', 'th']",amc,17,0.9804639980940486,1.2460605736934778
"['hopefully', 'amc', 'theaters', 'at', 'least', 'gives', 'me', 'a', 'free', 'showing', 'of', 'journey', 'to', 'the', 'center', 'of', 'the', 'earth', 'because', 'that', 'is', 'what', 'the', 'stock', 'is', 'doing', 'rn', 'lmao']",amc,15,0.9804639980940486,1.2460605736934778
"['rkt', 'looks', 'like', 'it s', 'about', 'to', 'fall', 'off', 'the', 'edge', 'at', 'any', 'moment', 'gme', 'looks', 'like', 'it s', 'headed', 'for', 'another', 'green', 'day']",gme,15,1.1267666195734827,2.08
"['honestly', 'the', 'person', 'i m', 'most', 'pissed', 'off', 'at', 'is', 'that', 'fucker', 'that', 'thought', 'it', 'would', 'be', 'a', 'good', 'idea', 'to', 'throw', 'buckets', 'of', 'money', 'at', 'fcel', 'at', 'the', 'start', 'of', 'february', 'it', 'was', 'me', 'i', 'was', 'that', 'fucker']",fcel,14,0.8533333287094579,1.196870953567376
"['how', 'is', 'gme', 'the', 'fucking', 'safehaven', 'now']",gme,15,1.1267666195734827,2.08
"['honestly', 'it s', 'insane', 'how', 'well', 'gme', 'is', 'holding', 'up', 'during', 'this']",gme,14,1.1267666195734827,2.08
"['how', 'the', 'fuck', 'is', 'gme', 'just', 'chilling', 'lmao']",gme,15,1.1267666195734827,2.08
"['lol', 'gamestop', 'really', 'does', 'just', 'do', 'its', 'own', 'fucking', 'thing', 'now']",gme,15,1.1267666195734827,2.08
"['imagine', 'watching', 'gme', 'tick', 'up', 'this', 'hard', 'on', 'such', 'little', 'volume', 'and', 'thinking', 'the', 'squeeze', 'happened', 'already']",gme,16,1.1267666195734827,2.08
"['the', 'funny', 'thing', 'is', 'there', 'is', 'someone', 'out', 'there', 'who', 'has', 'timed', 'each', 'of', 'the', 'gme', 'jumps', 'and', 'made', 'so', 'much', 'money', 'then', 'there', 'is', 'someone', 'out', 'there', 'who', 'has', 'bought', 'at', 'the', 'top', 'every', 'time']",gme,14,1.1267666195734827,2.08
"['everything', 'is', 'down', 'and', 'there', 'is', 'gme']",gme,14,1.1267666195734827,2.08
"['gamestop', 'is', 'the', 'new', 'vix']",gme,17,1.1267666195734827,2.08
"['lol', 'market', 'dead', 'gme', '']",gme,16,1.1267666195734827,2.08
"['gme', 'is', 'real']",gme,15,1.1267666195734827,2.08
"['this', 'gme', 'saga', 'is', 'in', 'the', 'endgame', 'now']",gme,15,1.1267666195734827,2.08
"['am', 'i', 'the', 'only', 'retard', 'chasing', 'the', 'falling', 'knife', 'on', 'nio', '']",nio,16,0.8357446548786569,1.136823829863567
"['if', 'pltr', 'hits', '', 'this', 'week', 'i', 'will', 'feed', 'a', 'stray', 'cat', 'with', 'wagyu', 'steak']",cat,116,0.9638505173294788,1.024617704638195
"['showed', 'this', 'market', 'to', 'my', 'cat', 'it', 'bounced', 'and', 'dropped', 'dead']",cat,13,0.9638505173294788,1.024617704638195
"['so', 'after', 'the', 'crash', 'are', 'we', 'switching', 'the', 'reserve', 'currency', 'to', 'gourds', 'or', 'gamestop', 'gift', 'cards']",gme,14,1.1267666195734827,2.08
"['gme', 'green', 'pm', 'lets', 'get', 'the', 'thread', 'started']",gme,14,1.1267666195734827,2.08
"['gme', 'showing', 'its', 'big', 'dick', 'again']",gme,14,1.1267666195734827,2.08
"['shop', 'roku', 'and', 'aapl', 'goin', 'into', 'my', 'fuckin', 'folio', 'fo', 'sho', 'today', 'oversold', 'will', 'bounce', 'back', 'fast', 'like', 'a', 'divorced', 'milf', 'on', 'a', 'vegan', 'diet', 'with', 'a', 'new', 'set', 'of', 'tiddies']",shop,14,0.9161219531677248,0.9519300856736365
"['shop', 'roku', 'and', 'aapl', 'goin', 'into', 'my', 'fuckin', 'folio', 'fo', 'sho', 'today', 'oversold', 'will', 'bounce', 'back', 'fast', 'like', 'a', 'divorced', 'milf', 'on', 'a', 'vegan', 'diet', 'with', 'a', 'new', 'set', 'of', 'tiddies']",aapl,14,0.9799331077250976,1.0017248218285333
"['apology', 'for', 'bad', 'english', 'where', 'were', 'you', 'when', 'spy', 'die', 'i', 'was', 'at', 'house', 'eating', 'dorito', 'when', 'phone', 'ring', 'spy', 'is', 'kil', 'no']",spy,14,0.9800962415220158,1.0322910884299512
"['bag', 'holders', 'of', 'gme', 'are', 'now', 'in', 'the', 'good', 'company', 'of', 'everybody', 'else', 'lol']",gme,14,1.1267666195734827,2.08
"['who', 'wants', 'to', 'bet', 'that', 'cathy', 'loaded', 'up', 'on', 'tesla', 'today']",tsla,13,0.8877714320591518,1.066788637707014
"['holy', 'shit', 'why', 'is', 'gme', 'mooning', 'whatever', 'i ll', 'fucking', 'take', 'it']",gme,15,1.1267666195734827,2.08
"['gme', 'baby']",gme,13,1.1267666195734827,2.08
"['for', 'once', 'it', 'looks', 'like', 'gme', 'might', 'actually', 'be', 'the', 'smartest', 'play']",gme,14,1.1267666195734827,2.08
"['hedge', 'funds', '', 'we', 'apply', 'cryptic', 'algorithms', 'with', 'advance', 'interstellar', 'math', 'to', 'predict', 'alpha', 'delta', 'and', 'gamma', 'rays', 'hedge', 'funds', '', 'we', 'pump', 'and', 'dump', 'gamestop']",gme,15,1.1267666195734827,2.08
"['not', 'saying', 'gme', 'is', 'the', 'play', 'but', 'gme', 'seems', 'to', 'be', 'the', 'play']",gme,14,1.1267666195734827,2.08
"['gme', 'saved', 'my', 'porfolio', '']",gme,14,1.1267666195734827,2.08
"['never', 'doubt', 'gme', 'again']",gme,13,1.1267666195734827,2.08
"['well', 'it', 'looks', 'like', 'the', 'only', 'safe', 'space', 'for', 'my', 'money', 'is', 'gme', 'gonna', 'liquidate', 'a', 'few', 'stocks', 'in', 'my', 'portfolio', 'and', 'move', 'it', 'to', 'the', 'safety', 'nest']",gme,40,1.1267666195734827,2.08
"['good', 'morning', 'and', 'happy', 'friday', 'eve', 'another', 'beautiful', 'day', 'to', 'make', 'some', 'money', 'off', 'gme', 'while', 'the', 'rest', 'of', 'the', 'market', 'is', 'in', 'red']",gme,12,1.1267666195734827,2.08
"['aapl', 'and', 'tesla', 'very', 'disappointing', 'lately', '']",aapl,13,0.9799331077250976,1.0017248218285333
"['aapl', 'and', 'tesla', 'very', 'disappointing', 'lately', '']",tsla,13,0.8877714320591518,1.066788637707014
"['last', 'time', 'the', 'bear', 'presence', 'was', 'this', 'strong', 'gme', 'went', 'to', '']",gme,13,1.1267666195734827,2.08
"['gme', 'is', 'on', 'preflight', 'this', 'morning', 'ready', 'to', 'moon', '']",gme,13,1.1267666195734827,2.08
"['spy', 'and', 'uwmc', 'looking', 'strong', 'cant', 'say', 'the', 'same', 'for', 'any', 'other', 'of', 'my', 'calls']",spy,14,0.9800962415220158,1.0322910884299512
"['', 'pltr', '', '', '', '', '', 'f', 'u', 'c', 'k', '', 'c', 'i', 't', 'r', 'o', 'n', '', '', '']",f,13,1.003364168267286,1.0465686813036978
"['i', 'feel', 'extra', 'retarded', 'holding', 'uwmc', 'and', 'sos', 'today']",sos,13,1.17089682825019,0.8696808481969246
"['', 'year', 'bond', 'yielding', 'what', 'it', 'did', 'in', 'january', '', 'why', 'are', 'we', 'acting', 'like', 'it s', 'the', 'collapse', 'of', 'the', 'usd', 'and', 'means', 'spy', 'to', '', 'again']",spy,13,0.9800962415220158,1.0322910884299512
"['wow', 'was', 'tesla', 'overvalued']",tsla,13,0.8877714320591518,1.066788637707014
"['i', 'love', 'how', 'gme', 'is', 'completely', 'unphased', 'by', 'the', 'stockmarket', 'collapse', 'for', 'them', 'it s', 'just', 'another', 'day']",gme,14,1.1267666195734827,2.08
"['gme', 'just', 'watching', 'this', 'all', 'and', 'doing', 'nothing', 'lol']",gme,12,1.1267666195734827,2.08
"['reminder', 'by', 'law', 'nancy', 'pelosi s', 'aapl', 'calls', 'must', 'remain', 'itm', 'at', 'all', 'times', 'therefore', 'aapl', 'is', 'required', 'to', 'stay', 'above', '', 'look', 'it', 'up', 'it s', 'in', 'the', 'constitution']",aapl,13,0.9799331077250976,1.0017248218285333
"['oh', 'fuck', 'they', 'extended', 'the', 'y axis', 'downwards', 'on', 'google', 'finance', 'gg']",goog,12,0.9993026492660375,1.045172175447214
"['wow', 'down', 'k', 'from', '', 'this', 'is', 'some', 'fucking', 'bullshit', 'i', 'know', 'this', 'is', 'just', 'high', 'delta', 'calls', 'getting', 'fucked', 'but', 'it', 'still', 'feels', 'painful', 'i', 'don t', 'want', 'to', 'see', 'spy', 'go', 'down', '', 'like', 'chasdaq', 'that d', 'be', 'more', 'blood', 'in', 'my', 'anus', 'than', 'my', 'gf s', 'periods']",spy,14,0.9800962415220158,1.0322910884299512
"['once', 'again', 'pltr', 'and', 'gme', 'are', 'the', 'only', 'greens', 'on', 'my', 'portfolio', 'meme', 'stock', 'rules']",gme,12,1.1267666195734827,2.08
"['hold', 'gme', 'gang']",gme,13,1.1267666195734827,2.08
"['if', 'you', 'bought', 'pfizer', 'in', '', 'you', 'would', 'have', 'barely', 'broken', 'even', 'lol']",pfe,14,1.0106383229940124,1.0131349293917404
"['plans', 'for', 'today', 'count', 'green', 'crayons', 'on', 'gme']",gme,12,1.1267666195734827,2.08
"['gme', 'is', 'literally', 'a', 'hedge', 'against', 'this', 'shit', 'market']",gme,12,1.1267666195734827,2.08
"['apha', 'and', 'tlry', 'will', 'be', 'the', 'death', 'of', 'me']",tlry,11,0.9041916290767961,1.1302605170588822
"['loaded', 'up', 'on', 'skt', 'and', 'umwc', 'calls', 'to', 'fuel', 'my', 'gme', 'addiction']",gme,12,1.1267666195734827,2.08
"['fun', 'fact', 'spy', 'has', 'finished', 'red', '', 'of', 'the', 'last', '', 'trading', 'days', 'wait', 'that s', 'not', 'fun', 'at', 'all']",spy,11,0.9800962415220158,1.0322910884299512
"['', 'calls', 'are', 'in', 'shambles', 'all', 'my', 'positions', 'are', 'in', 'shambles', 'gme', 'is', 'holding', 'steady', 'wtaf']",gme,12,1.1267666195734827,2.08
"['f', 'for', 'cathie', 'woods']",f,12,1.003364168267286,1.0465686813036978
"['finally', 'bought', 'some', 'puts', 'just', 'to', 'protect', 'my', 'tsla', 'position', 'so', 'it', 'official', 'the', 'bottom', 'is', 'in', 'you', 'can', 'buy', 'tesla']",tsla,12,0.8877714320591518,1.066788637707014
"['elon', 'please', 'tweet', 'to', 'save', 'the', 'entire', 'market']",save,11,0.9900596852251712,1.0272931170798612
"['tsla', 'for', 'the', 'past', '', 'fucking', 'weeks', 'or', 'so', 'has', 'consistently', 'dipped', 'to', 'low', 's', 'and', 'then', 'runs', 'back', 'to', 'upper', 's', 'what', 'the', 'chicken', 'shit', 'is', 'this', 'roller', 'coaster', 'ride', 'it s', 'been', '', 'decades', 'since', 'i', 'went', 'to', 'fucking', 'six', 'flags', 'enough', 'already', 'just', 'run', 'the', 'fuck', 'up', 'and', 'stop', 'this', 'madness', 'and', 'now to', 'aapl', 'you', 'cockgobbler', '']",aapl,12,0.9799331077250976,1.0017248218285333
"['okay', 'everyone', 'laugh', 'at', 'me', 'i', 'bought', 'spy', 'puts', '', 'minutes', 'before', 'the', 'bottom']",spy,12,0.9800962415220158,1.0322910884299512
"['gme', 'to', 'replace', 'gold', 'edit', 'this', 'market', 'is', 'a', 'joke']",gme,12,1.1267666195734827,2.08
"['gamestop', 'fucked', 'everything', 'else', 'up', 'and', 'made', 'history', 'doing', 'it']",gme,12,1.1267666195734827,2.08
"['gme', 'moons', 'overall', 'market', 'barfing', 'continues']",gme,13,1.1267666195734827,2.08
"['gme', 'a', 'safe', 'haven', 'the', 'new', 'gold']",gme,12,1.1267666195734827,2.08
"['of', 'course', 'i', 'bought', 'the', 'top', 'of', 'gme', '']",gme,12,1.1267666195734827,2.08
"['went', 'from', 'being', 'down', 'k', 'to', 'gme', 'rescuing', 'my', 'portfolio', 'only', 'down', '', 'now']",gme,11,1.1267666195734827,2.08
"['accidentally', 'bought', 'aapl', 'total', 'landscaping']",aapl,11,0.9799331077250976,1.0017248218285333
"['ok', 'fuck', 'this', 'i m', 'buying', 'bb']",bb,12,0.938931353282114,1.068931025435189
"['if', 'gamestonk', 'moons', 'while', 'everything', 'else', 'burns', 'people', 'are', 'going', 'to', 'lose', 'their', 'minds']",gme,10,1.1267666195734827,2.08
"['aapl', 'is', 'such', 'a', 'little', 'cuck', 'stock']",aapl,11,0.9799331077250976,1.0017248218285333
"['time', 'to', 'buy', 'apple', 'again']",aapl,12,0.9799331077250976,1.0017248218285333
"['nio', 'was', 'a', 'definite', 'buy', 'today']",nio,11,0.8357446548786569,1.136823829863567
"['the', 'year', 'is', '', 'the', 'market', 'is', 'literally', 'tits', 'up', 'the', 'bull', 'run', 'of', '', 'was', 'so', 'epic', 'that', 'all', 'of', 'wsb', 'is', 'now', 'rich', 'president', 'wood', 'is', 'about', 'to', 'make', 'her', 'state', 'of', 'the', 'union', 'address', 'and', 'is', 'expected', 'to', 'announce', 'that', 'stocks', 'will', 'no', 'longer', 'be', 'able', 'to', 'go', 'down', 'ever', 'the', 'color', 'red', 'has', 'been', 'removed', 'from', 'elementary', 'school', 'teachings', 'you', 'kiss', 'your', 'wife', 'before', 'leaving', 'for', 'work', 'in', 'your', 'new', 'tesla', 'model', 'bb', 'powered', 'by', 'ivy', 'you', 'wife s', 'boyfriend', 'was', 'promoted', 'to', 'manager', 'at', 'your', 'local', 'wendy s', 'and', 'gives', 'you', 'free', 'trendies', 'whenever', 'you', 'stop', 'by', 'you', 'quit', 'your', 'job', 'and', 'are', 'now', 'a', 'top', 'executive', 'at', 'gamestop', 'life', 'is', 'good']",tsla,105,0.8877714320591518,1.066788637707014
"['the', 'year', 'is', '', 'the', 'market', 'is', 'literally', 'tits', 'up', 'the', 'bull', 'run', 'of', '', 'was', 'so', 'epic', 'that', 'all', 'of', 'wsb', 'is', 'now', 'rich', 'president', 'wood', 'is', 'about', 'to', 'make', 'her', 'state', 'of', 'the', 'union', 'address', 'and', 'is', 'expected', 'to', 'announce', 'that', 'stocks', 'will', 'no', 'longer', 'be', 'able', 'to', 'go', 'down', 'ever', 'the', 'color', 'red', 'has', 'been', 'removed', 'from', 'elementary', 'school', 'teachings', 'you', 'kiss', 'your', 'wife', 'before', 'leaving', 'for', 'work', 'in', 'your', 'new', 'tesla', 'model', 'bb', 'powered', 'by', 'ivy', 'you', 'wife s', 'boyfriend', 'was', 'promoted', 'to', 'manager', 'at', 'your', 'local', 'wendy s', 'and', 'gives', 'you', 'free', 'trendies', 'whenever', 'you', 'stop', 'by', 'you', 'quit', 'your', 'job', 'and', 'are', 'now', 'a', 'top', 'executive', 'at', 'gamestop', 'life', 'is', 'good']",bb,105,0.938931353282114,1.068931025435189
"['the', 'year', 'is', '', 'the', 'market', 'is', 'literally', 'tits', 'up', 'the', 'bull', 'run', 'of', '', 'was', 'so', 'epic', 'that', 'all', 'of', 'wsb', 'is', 'now', 'rich', 'president', 'wood', 'is', 'about', 'to', 'make', 'her', 'state', 'of', 'the', 'union', 'address', 'and', 'is', 'expected', 'to', 'announce', 'that', 'stocks', 'will', 'no', 'longer', 'be', 'able', 'to', 'go', 'down', 'ever', 'the', 'color', 'red', 'has', 'been', 'removed', 'from', 'elementary', 'school', 'teachings', 'you', 'kiss', 'your', 'wife', 'before', 'leaving', 'for', 'work', 'in', 'your', 'new', 'tesla', 'model', 'bb', 'powered', 'by', 'ivy', 'you', 'wife s', 'boyfriend', 'was', 'promoted', 'to', 'manager', 'at', 'your', 'local', 'wendy s', 'and', 'gives', 'you', 'free', 'trendies', 'whenever', 'you', 'stop', 'by', 'you', 'quit', 'your', 'job', 'and', 'are', 'now', 'a', 'top', 'executive', 'at', 'gamestop', 'life', 'is', 'good']",gme,105,1.1267666195734827,2.08
"['at', 'this', 'point', 'gme', 'feels', 'like', 'cash', 'gang', 'with', 'benefits', '']",gme,38,1.1267666195734827,2.08
"['when', 'gme', 'is', 'the', 'safest', 'stock', 'on', 'the', 'market']",gme,31,1.1267666195734827,2.08
"['gme', 'and', 'pltr', 'going', 'to', 'the', 'moon', 'today', 'see', 'you', 'there', 'boys']",gme,51,1.1267666195734827,2.08
"['sold', 'all', 'my', 'guns', 'and', 'gold', 'if', 'the', 'market', 'collapses', 'i m', 'gonna', 'need', 'all', 'the', 'gme', 'i', 'can', 'get', 'my', 'hands', 'on']",gme,51,1.1267666195734827,2.08
"['guess', 'i ll', 'buy', 'puts', 'now', 'dow', '', '', 'spy', '', 'nasdaq', '', 'what', 'the', 'fuck']",spy,11,0.9800962415220158,1.0322910884299512
"['who', 'knew', 'tesla', 'and', 'gme', 'would', 'ruin', 'the', 'whole', 'market', 'we', 'may', 'all', 'be', 'broke', 'soon', 'but', 'at', 'least', 'this', 'shit', 'will', 'be', 'in', 'financial', 'textbooks']",tsla,11,0.8877714320591518,1.066788637707014
"['who', 'knew', 'tesla', 'and', 'gme', 'would', 'ruin', 'the', 'whole', 'market', 'we', 'may', 'all', 'be', 'broke', 'soon', 'but', 'at', 'least', 'this', 'shit', 'will', 'be', 'in', 'financial', 'textbooks']",gme,11,1.1267666195734827,2.08
"['going', 'full', 'retard', 'gme', 'and', 'full', 'boomer', 'ge', 'kinda', 'saved', 'my', 'ass']",gme,12,1.1267666195734827,2.08
"['going', 'full', 'retard', 'gme', 'and', 'full', 'boomer', 'ge', 'kinda', 'saved', 'my', 'ass']",ge,12,1.0701892930323167,0.8846576637828236
"['cant', 'stop', 'wont', 'stop', 'gme', 'gearing', 'up', 'for', 'another', 'gamma', 'squeeze']",gme,10,1.1267666195734827,2.08
"['plz', 'make', 'gme', 'thread', 'or', 'this', 'is', 'just', 'gonna', 'get', 'spammed', 'by', 'all', 'apes']",gme,11,1.1267666195734827,2.08
"['i ve', 'made', 'about', 'k', 'this', 'week', 'selling', 'weekly', 'covered', 'calls', 'on', 'gme', 'rips', 'and', 'buying', 'them', 'back', 'when', 'it', 'dips iv', 'drops', 'a', 'bit', 'x b', 'literally', 'the', 'easiest', 'money', 'in', 'the', 'world']",gme,12,1.1267666195734827,2.08
"['gme', 'up', 'now', 'wtf']",gme,12,1.1267666195734827,2.08
"['palantir', 'requires', 'additional', 'blood', 'sacrifice', 'my', 'blood', 'was', 'not', 'enough']",pltr,10,1.02190077531355,1.075653888607925
"['nio', 'went', 'from', 'most', 'loved', 'on', 'the', 'street', 'to', 'most', 'hated']",nio,11,0.8357446548786569,1.136823829863567
"['nio', 'looks', 'incredibly', 'oversold']",nio,11,0.8357446548786569,1.136823829863567
"['nio', 'still', 'has', 'a', 'price', 'target', 'of', '', 'they', 'increased', 'production', '', 'from', 'last', 'quarter', 'and', 'they', 'just', 'announced', 'shipment', 'of', 'cars', 'to', 'europe', 'this', 'is', 'the', 'lowest', 'this', 'stock', 'will', 'ever', 'be', 'again', 'going', 'forward']",nio,11,0.8357446548786569,1.136823829863567
"['spy', 'will', 'now', 'trade', 'sideways', 'to', 'make', 'my', 'hedge', 'puts', 'worthless']",spy,11,0.9800962415220158,1.0322910884299512
"['do', 'tesla', 'bulls', 'still', 'exist']",tsla,11,0.8877714320591518,1.066788637707014
"['literally', 'no', 'one', 'is', 'selling', 'their', 'gme', 'what', 'the', 'fuck']",gme,10,1.1267666195734827,2.08
"['the', 'only', 'thing', 'holding', 'up', 'is', 'what', 'i', 'thought', 'was', 'my', 'riskiest', 'asset', '', 'gme', '', 'someone', 'explain', 'this', 'madness', 'for', '']",gme,11,1.1267666195734827,2.08
"['rofl', 'gme', 'to', '', 'while', 'everything', 'else', 'is', 'bleeding', 'red', 'we', 'need', 'to', 'restart', 'the', 'simulation']",gme,10,1.1267666195734827,2.08
"['gme', 'explosion', 'bois']",gme,10,1.1267666195734827,2.08
"['wtf', 'is', 'gamestop', 'doing', 'lmfaoooo', 'what s', 'that', 'saying', 'the', 'market', 'can', 'stay', 'retarded', 'more', 'than', 'me', 'or', 'whatever']",gme,10,1.1267666195734827,2.08
"['gme', 'is', 'about', 'to', 'fuck', 'shit', 'up', 'if', 'it', 'can', 'stay', 'over', '']",gme,11,1.1267666195734827,2.08
"['my', 'decisions', 'have', 'been', 'fucking', 'ass', 'decided', 'fuck', 'it', 'ill', 'take', 'gme', 'profits', 'since', 'my', 'calls', 'just', 'got', 'fucking', 'mugged', 'immediately', 'after', 'i', 'sell', 'gme', 'fuckin', 'moons', 'i ll', 'be', 'behind', 'the', 'wendys', 'dumpster', 'if', 'anyone', 'is', 'interested']",gme,11,1.1267666195734827,2.08
"['wtf', 'gamestop']",gme,10,1.1267666195734827,2.08
"['if', 'you', 'like', 'money', 'buy', 'gme', 'now', 'it', 'can', 'moon']",gme,11,1.1267666195734827,2.08
"['someone', 'in', 'the', 'morning', 'said', 'on', 'days', 'like', 'today', 'i m', 'glad', 'to', 'be', 'in', 'a', 'safe', 'haven', 'stock', 'like', 'gme', 'look', 'at', 'it it', 'truly', 'is', 'a', 'very', 'safe', 'place', 'to', 'put', 'money', 'lmfao']",gme,12,1.1267666195734827,2.08
"['gme', 'up maket', 'fuk']",gme,12,1.1267666195734827,2.08
"['gme', 'is', 'the', 'new', 'uvxy']",gme,11,1.1267666195734827,2.08
"['tesla', 'is', 'single handedly', 'wrecking', 'an', 'etf', 'i m', 'in']",tsla,10,0.8877714320591518,1.066788637707014
"['gme', 'gme', 'gme', 'gme', 'gme', 'gme', 'gme', 'gme']",gme,11,1.1267666195734827,2.08
"['how', 'many', 'days', 'can', 'i', 'lose', 'more', 'than', 'k', 'a', 'day', 'tune', 'in', 'for', 'the', 'next', 'episode', 'of', 'ballz', 'deep', 'in', 'aapl', 'calls', 'z']",aapl,12,0.9799331077250976,1.0017248218285333
"['i', 'cannot', 'believe', 'gme', 'is', 'green']",gme,9,1.1267666195734827,2.08
"['pltr', 'will', 'save', 'ur', 'retarded', 'portfolios']",save,12,0.9900596852251712,1.0272931170798612
"['gme', 'looking', 'like', 'it', 'really', 'wants', 'to', 'try', 'closing', 'over', '', 'today']",gme,11,1.1267666195734827,2.08
"['amc', 'it', 'would', 'be', 'cool', 'if', 'you', 'could', 'get', 'to', '', 'before', 'close', 'what', 'do', 'you', 'say']",amc,13,0.9804639980940486,1.2460605736934778
"['so', 'tempted', 'to', 'yolo', 'k', 'worth', 'of', 'spy', 'calls', 'exp', 'tomorrow']",spy,10,0.9800962415220158,1.0322910884299512
"['sens', 'moving', 'big', 'after', 'hours']",sens,12,0.72311828939029,1.0993377331824508
"['gme', 'magic', 'number', 'today', '', 'for', 'ssr', 'till', 'friday', 'eod', 'look', 'out', 'for', 'it']",gme,9,1.1267666195734827,2.08
"['download', 'and', 'rate', 'the', 'gamestop', 'app']",gme,11,1.1267666195734827,2.08
"['i', 'have', 'erectile', 'dysfunction', 'must', 'buy', 'more', 'gme', 'to', 'compensate']",gme,9,1.1267666195734827,2.08
"['gme', 'dd', 'for', 'the', 'retards', 'on', 'the', 'fence', 'https www reddit com r wallstreetbets comments lx n d gme dd huge squeeze potential options analysis https www reddit com r wallstreetbets comments lx n d gme dd huge squeeze potential options analysis']",gme,10,1.1267666195734827,2.08
"['wowowow', 'i', 'am', 'loading', 'up', '', 'shares', 'of', 'nio']",nio,9,0.8357446548786569,1.136823829863567
"['all', 'things', 'considered', 'spy', 'could', 'be', 'doing', 'a', 'lot', 'worse']",spy,10,0.9800962415220158,1.0322910884299512
"['just', 'holding', 'my', 'gme', 'and', 'uwmc']",gme,11,1.1267666195734827,2.08
"['tim', 'apple', 'i', 'am', 'once', 'again', 'asking', 'for', 'your', 'financial', 'support']",aapl,9,0.9799331077250976,1.0017248218285333
"['they', 'are', 'selling', 'amc', 'ticket', '', 'bundles', 'at', 'costco', 'comes', 'with', 'like', '', 'movie', 'tickets', 'and', 'popcorn candy']",amc,11,0.9804639980940486,1.2460605736934778
"['gme', 'brought', 'in', 'bunch', 'of', 'new', 'investors', 'thinking', 'they', 'could', 'easily', 'make', 'money', 'these', 'new', 'investors', 'started', 'pouring', 'in', 'the', 'market', 'for', 'the', 'first', 'time', 'market', 'starts', 'to', 'crumble', 'like', 'a', 'rock', 'these', 'new', 'investors', 'panic', 'sell', 'lose', 'money', 'and', 'say', 'they', 'will', 'wont', 'get', 'back', 'into', 'stocks', 'again', 'then', 'the', 'next', 'gme', 'like', 'event', 'happens', 'rinse', 'and', 'repeat', 'lol']",gme,10,1.1267666195734827,2.08
"['plug', 'might', 'have', 'negative', 'revenue', 'but', 'it s', 'a', 'bargain', 'dude', 'hydrogen', 'is', 'the', 'future', 'bro', 'stock', 'price', 'bro']",plug,11,0.8957027794184619,1.1337099897924519
"['i ve', 'got', 'the', 'inside', 'scoop', 'on', 'a', 'company', 'that s', 'got', 'some', 'upside', 'potential', '', 'eb', 'games', 'if', 'you', 'are', 'looking', 'for', 'the', 'ticker', 'it', 'trades', 'through', 'its', 'parent', 'company', 'their', 'ticker', 'is', 'gme']",gme,10,1.1267666195734827,2.08
"['jpow', 'save', 'my', 'calls']",save,10,0.9900596852251712,1.0272931170798612
"['gme', 'goes', 'down', '', 'average', 'monke', 'hold', 'hold', 'hold', 'market', 'goes', 'down', '', 'average', 'monke', 'sell', 'sell', 'sell', 'bubble', 'popped', 'this', 'is', 'the', 'one']",gme,10,1.1267666195734827,2.08
"['tesla', 'reverse', 'split', 'incoming']",tsla,10,0.8877714320591518,1.066788637707014
"['spy', 'at', 'levels', 'not', 'seen', 'in', 'nearly', '', 'weeks', 'people', 'screaming', 'about', 'a', 'crash', 'so', 'this', 'is', 'for', 'the', 'newbies', 'and', 'cultist', 'when', 'the', 'market', 'crashes', 'you', 'won t', 'need', 'to', 'ask', 'trust', 'me', 'you', 'will', 'know']",spy,11,0.9800962415220158,1.0322910884299512
"['that', 'fucking', 'timeline', 'where', 'gme', 'is', 'the', 'defensive', 'play']",gme,10,1.1267666195734827,2.08
"['roblox', 'will', 'save', 'the', 'economy']",save,11,0.9900596852251712,1.0272931170798612
"['nio', 'finally', 'dipped', 'below', '', 'i m', 'literally', 'shaking', 'rn', 'do', 'something', 'joe']",nio,9,0.8357446548786569,1.136823829863567
"['lmao', 'gme', 'really', 'is', 'a', 'hedge', 'against', 'spy']",gme,10,1.1267666195734827,2.08
"['lmao', 'gme', 'really', 'is', 'a', 'hedge', 'against', 'spy']",spy,10,0.9800962415220158,1.0322910884299512
"['who s', 'buying', 'pltr', 'whoever', 'is', 'thank', 'you', 'bc', 'aapl', 'is', 'bringing', 'me', 'down', 'to', 'hell', 'rn', '']",aapl,10,0.9799331077250976,1.0017248218285333
"['gme', 'said', 'fuck', 'your', 'dip']",gme,11,1.1267666195734827,2.08
"['gme', 'got', 'a', 'green', 'hard', 'on']",gme,10,1.1267666195734827,2.08
"['what', 'if', 'gme', 'hits', '', 'today']",gme,10,1.1267666195734827,2.08
"['dear', 'gme', 'i', 'love', 'you', 'sincerely', 'u buffalo']",gme,9,1.1267666195734827,2.08
"['gme', 'is', 'about', 'to', 'crash', 'the', 'market', 'while', 'yields', 'are', 'up', 'beautiful', 'storm']",gme,11,1.1267666195734827,2.08
"['gme', 'is', 'skyrocketing', 'hold', 'shit']",gme,9,1.1267666195734827,2.08
"['wsb', 'gamestop', 'please', 'run', 'gme', 'only', 'on', 'thursdays', '']",gme,11,1.1267666195734827,2.08
"['so', 'did', 'gamestop', 'just', 'replace', 'gold', 'as', 'our', 'safe', 'value']",gme,10,1.1267666195734827,2.08
"['gme', 'just', 'woke', 'up']",gme,10,1.1267666195734827,2.08
"['buy', 'gme', 'leave', 'everything', 'else', 'behind']",gme,9,1.1267666195734827,2.08
"['i', 'want', 'tesla', 'to', 'break', '', 'so', 'bad', 'the', 'panic', 'selling', 'would', 'be', 'insane']",tsla,11,0.8877714320591518,1.066788637707014
"['wonder', 'if', 'cathy', 'bought', 'gme', 'for', 'arkk', 'today seems', 'to', 'be', 'the', 'only', 'reliable', 'hedge']",gme,9,1.1267666195734827,2.08
"['why', 'is', 'gme', 'going', 'down', 'fuck', 'i', 'want', '']",gme,10,1.1267666195734827,2.08
"['as', 'you', 'can', 'see', 'gme', 'and', 'pltr', 'are', 'the', 'most', 'valuable', 'stonks', 'in', 'the', 'entire', 'market', 'get', 'fukd']",gme,10,1.1267666195734827,2.08
"['is', 'gme', 'even', 'a', 'stock', 'now', 'look', 'like', 'oxygen', 'that', 'everyone', 'needs']",gme,11,1.1267666195734827,2.08
"['i ve', 'realized', 'the', 'best', 'way', 'to', 'hold', 'is', 'just', 'to', 'sleep', 'wake', 'me', 'up', 'when', 'gme', 'reaches', 'at', 'least', '', 'please']",gme,9,1.1267666195734827,2.08
"['gme', 'apes', 'let s', 'crash', 'the', 'market', 'for', 'fun', 'boomers', 'hold', 'my', 'beer']",gme,10,1.1267666195734827,2.08
"['gme', 'coming', 'to', 'save', 'my', 'portfolio', 'today', 'lmao']",gme,12,1.1267666195734827,2.08
"['gme', 'coming', 'to', 'save', 'my', 'portfolio', 'today', 'lmao']",save,12,0.9900596852251712,1.0272931170798612
"['pltr', 'and', 'gme', 'are', 'the', 'only', 'safe', 'stonks']",gme,11,1.1267666195734827,2.08
"['i d', 'be', 'pissed', 'if', 'i', 'lost', '', 'in', 'a', 'parking', 'lot', 'but', 'just', 'flipped', 'a', 'coin', 'for', '', 'on', 'spy', 'puts calls', 'i', 'love', 'capitalism']",spy,10,0.9800962415220158,1.0322910884299512
"['after', 'the', 're open', 'tech', 'earnings', 'will', 'actually', 'be', 'even', 'higher', 'i', 'don t', 'see', 'why', 'in', 'the', 'world', 'not the', 'supply', 'chain', 'will', 'become', 'more', 'robust', 'overseas', 'manufacturing', 'and', 'retail', 'sales', 'will', 'skyrocket', 'let s', 'not', 'forget', 'buyden s', 'push', 'for', 'clean', 'energy', 'ai', 'cybersecurity', 'and', 'ev s', 'the', 'weakened', 'usd', 'helps', 'aapl', 'tsla', 'and', 'amzn', 'immensely', 'they', 'love', 'this', 'and', 'are', 'breakdancing', 'behind', 'closed', 'doors', 'rn', 'until', 'inflation', 'hits', 'any', 'dips', 'will', 'be', 're filled', 'in', 'about', 'a', 'month', 'or', 'two']",aapl,10,0.9799331077250976,1.0017248218285333
"['after', 'the', 're open', 'tech', 'earnings', 'will', 'actually', 'be', 'even', 'higher', 'i', 'don t', 'see', 'why', 'in', 'the', 'world', 'not the', 'supply', 'chain', 'will', 'become', 'more', 'robust', 'overseas', 'manufacturing', 'and', 'retail', 'sales', 'will', 'skyrocket', 'let s', 'not', 'forget', 'buyden s', 'push', 'for', 'clean', 'energy', 'ai', 'cybersecurity', 'and', 'ev s', 'the', 'weakened', 'usd', 'helps', 'aapl', 'tsla', 'and', 'amzn', 'immensely', 'they', 'love', 'this', 'and', 'are', 'breakdancing', 'behind', 'closed', 'doors', 'rn', 'until', 'inflation', 'hits', 'any', 'dips', 'will', 'be', 're filled', 'in', 'about', 'a', 'month', 'or', 'two']",amzn,10,0.9619960310583605,1.0337284488348688
"['more', 'money', 'left', 'qqq', 'today', 'than', 'any', 'day', 'during', 'the', 'march', 'crash', 'by', 'a', 'massive', 'margin', 'bulls', 'just', 'a', 'minor', 'dip', 'bro', 'lul', 'rainbow', 'bears', 'r', 'fuk']",qqq,10,0.9627987971834953,1.02998904156944
"['two', 'options', 'buy', 'gme', 'and', 'make', 'money', 'or', 'buy', 'anything', 'else', 'and', 'lose', 'money', 'which', 'one', 'do', 'you', 'prefer']",gme,133,1.1267666195734827,2.08
"['gme', '', 'market', '', 'money', 'makers', 'delight']",gme,29,1.1267666195734827,2.08
"['uwmc', 'rocket', 'ship', 'today', 'profits', 'go', 'into', 'gme', 'eskeetit']",gme,30,1.1267666195734827,2.08
"['gme', 'bagholders', 'were', 'the', 'real', 'geniuses']",gme,28,1.1267666195734827,2.08
"['crazy', 'nancy s', 'apple', 'calls', 'are', 'for', '', 'by', 'law', 'aapl', 'can', 'not', 'dip', 'below', '']",aapl,9,0.9799331077250976,1.0017248218285333
"['amc', 'baby', 'what', 'is', 'you', 'doing', '']",amc,10,0.9804639980940486,1.2460605736934778
"['kinda', 'sad', 'mixing', 'up', 'gme', 'gains', 'and', 'hype', 'chat', 'with', 'bagholders', 'in', 'the', 'daily', 'smh']",gme,9,1.1267666195734827,2.08
"['nio', 'below', '', '', 'my', 'tendies', 'are', 'bleeding']",nio,9,0.8357446548786569,1.136823829863567
"['i', 'love', 'the', 'smell', 'of', 'green', 'in', 'the', 'morning', 'gme']",gme,9,1.1267666195734827,2.08
"['and', 'my', 'main', 'just', 'keeps', 'gaining', 'all', 'these', 'pnd', 'people', 'getting', 'killed', 'on', 'and', 'good', 'old', 'gme', 'just', 'keeps', 'on', 'keeping', 'on', 'let s', 'go', 'boys', 'and', 'girls', '', 'here', 'we', 'come']",gme,8,1.1267666195734827,2.08
"['lets', 'trick', 'that', 'buzz', 'etf', 'into', 'holding', 'my', 'sens', 'bags']",sens,9,0.72311828939029,1.0993377331824508
"['nio', 'is', 'way', 'oversold', 'skt', 'for', 'the', 'win', 'keep', 'it', 'going']",nio,8,0.8357446548786569,1.136823829863567
"['fucking', 'nio', 'i', 'will', 'never', 'purchase', 'another', 'chinese', 'product', 'every', 'again']",nio,8,0.8357446548786569,1.136823829863567
"['who', 'else', 'is', 'down', 'bigly', 'on', 'bb', 'the', 'bleeding', 'continues', '']",bb,11,0.938931353282114,1.068931025435189
"['amc', 'pleas', 'and', 'thanks']",amc,9,0.9804639980940486,1.2460605736934778
"['apple', 'flat', 'since', 'august', 'you', 'love', 'to', 'see', 'it']",aapl,10,0.9799331077250976,1.0017248218285333
"['jesus', 'fucking', 'christ', 'i', 'actually', 'started', 'being', 'semi responsible', 'and', 'buying', 'index', 'funds', 'after', 'my', 'gme', 'gains', 'last', 'month', 'and', 'now', 'getting', 'absolutely', 'slaughtered']",gme,8,1.1267666195734827,2.08
"['young', 'investors', 'future', 'will', 'be', 'electric', 'save', 'the', 'planet', 'with', 'renewable', 'energy', 'genome', 'editing', 'etc', 'wall', 'str', 'mcdonalds', 'has', 'salad', 'on', 'a', 'menu']",save,9,0.9900596852251712,1.0272931170798612
"['ugghhh', 'aapl', 'can', 'get', 'fucked', 'and', 'burn', 'to', 'the', 'ground', 'you re', 'dead', 'to', 'me']",aapl,8,0.9799331077250976,1.0017248218285333
"['amc', 'almost', 'at', '', 'fuck', 'it', 'this', '', 'don t', 'swagger', 'buying', 'another', '', 'shares', '', 'holding', 'hard', 'like', 'the', 'rock', 'of', 'gibraltar']",amc,8,0.9804639980940486,1.2460605736934778
"['recession', 'cancelled', 'spy', 'is', 'in', 'the', 'green']",spy,10,0.9800962415220158,1.0322910884299512
"['member', 'when', 'everyone', 'was', 'putting', 'their', 'entire', 'portfolio', 'in', 'ark', 'and', 'icln', '']",icln,9,0.9094456859415829,1.0656418755188353
"['sens', 'if', 'it', 'beats', 'earnings', 'today', 'will', 'trigger', 'short', 'squeeze', '', 'shorted']",sens,9,0.72311828939029,1.0993377331824508
"['powell s', 'speech', 'at', '', 'est', 'might', 'cause', 'a', 'short', 'squeeze', 'on', 'bonds', 'this', 'would', 'jack', 'up', 'the', 'price', 'and', 'tank', 'yields', 'low', 'yields', 'mean', 'stocks', '', 'https twitter com zerohedge status s', 'pray', 'for', 'jpow', 'to', 'save', 'us', 'shortly']",save,8,0.9900596852251712,1.0272931170798612
"['doubled', 'down', 'on', 'my', 'nio', 'position', 'see', 'you', 'guys', 'at', '', 'next', 'month']",nio,7,0.8357446548786569,1.136823829863567
"['wish', 'i', 'had', 'money', 'to', 'buy', 'sadly', 'spent', 'it', 'all', 'at', 'the', 'top', 'fuck', 'you', 'amd', 'and', 'cloudfare']",amd,10,0.930357787291165,1.0124641650026003
"['why', 'trade', 'penny', 'stock', 'when', 'you', 'can', 'just', 'trade', 'spy']",spy,9,0.9800962415220158,1.0322910884299512
"['aapl', 'is', 'so', 'fuckin', 'strange', 'when', 'it', 'goes', 'up', 'it', 'goes', 'up', 'only', 'a', 'little', 'but', 'when', 'it', 'tanks', 'it', 'just', 'fucking', 'drills', 'compared', 'to', 'other', 'big', 'tech', 'names']",aapl,10,0.9799331077250976,1.0017248218285333
"['down', '', 'on', 'spy', 'calls', '']",spy,9,0.9800962415220158,1.0322910884299512
"['aapl', 'held', '', 'i', 'mean', 'at', 'least', 'i', 'guess', 'im', 'happy', 'about', 'that']",aapl,10,0.9799331077250976,1.0017248218285333
"['well', 'on', 'the', 'bright', 'side', 'the', 'plus', '', 'million', 'subs', 'from', 'the', 'gme', 'run', 'will', 'leave', 'now', 'and', 'we', 'can', 'return', 'some', 'normalcy', 'to', 'our', 'beloved', 'sub']",gme,9,1.1267666195734827,2.08
"['lol', 'gme', 'looking', 'like', 'the', 'safest', 'place', 'to', 'keep', 'your', 'money']",gme,8,1.1267666195734827,2.08
"['i', 'can t', 'believe', 'jpow', 'tanked', 'the', 'market', 'just', 'to', 'keep', 'gme', 'down', 'unreal']",gme,8,1.1267666195734827,2.08
"['gme', 'looking', 'like', 'the', 'safest', 'stock', 'on', 'the', 'market', '']",gme,10,1.1267666195734827,2.08
"['breaking', 'news', 'tesla', 'is', 'changing', 'its', 'name', 'to', 'lessla']",tsla,8,0.8877714320591518,1.066788637707014
"['all', 'i', 'need', 'is', 'nio', '', 'by', 'march', '', 'cmon']",nio,10,0.8357446548786569,1.136823829863567
"['is', 'apple', 'a', 'buy']",aapl,10,0.9799331077250976,1.0017248218285333
"['gme', 'flying', 'today', 'would', 'really', 'top', 'it', 'all', 'off']",gme,9,1.1267666195734827,2.08
"['did', 'anyone', 'else', 'take', 'a', 'trip', 'on', 'a', 'time', 'machine', 'back', 'to', '', 'and', 'do', 'nothing', 'but', 'trade', 'spy', 'options', 'for', 'the', 'most', 'part', 'today']",spy,9,0.9800962415220158,1.0322910884299512
"['yo', 'wtf', 'is', 'gme', 'doing']",gme,9,1.1267666195734827,2.08
"['gme', 'wtf']",gme,10,1.1267666195734827,2.08
"['buy', 'gme', 'retards', 'cohen', 'tweeted', 'uk', 'the', 'drill']",gme,10,1.1267666195734827,2.08
"['yesss', 'minutes', 'after', 'i', 'double', 'down', 'yess', 'gme']",gme,8,1.1267666195734827,2.08
"['gme', 'gme', 'gme', 'gme']",gme,9,1.1267666195734827,2.08
"['gme', 'please', 'save', 'us']",gme,10,1.1267666195734827,2.08
"['gme', 'please', 'save', 'us']",save,10,0.9900596852251712,1.0272931170798612
"['hmmm', 'x b', 'any', 'clue', 'why', 'gme', 'is', 'jumping', 'again', '', 'x b', '', 'right', 'now']",gme,10,1.1267666195734827,2.08
"['gme', 'mooning', 'going', 'to', 'cause', 'the', 'rest', 'of', 'the', 'market', 'to', 'dump']",gme,8,1.1267666195734827,2.08
"['gme', '', 'new', 'store', 'of', 'value', '']",gme,8,1.1267666195734827,2.08
"['gme', 'has', 'been', 'my', 'only', 'green', 'these', 'couple', 'days', 'papa', 'elon', 'is', 'letting', 'me', 'down']",gme,9,1.1267666195734827,2.08
"['nice', 'little', 'gme', 'flash', 'might', 'end', 'up', '', 'today']",gme,11,1.1267666195734827,2.08
"['i', 'don t', 'understand', 'what', 'made', 'that', 'huge', 'spike', 'in', 'gme', 'just', 'happen']",gme,9,1.1267666195734827,2.08
"['imagine', 'gme', 'leading', 'the', 'recovery', 'today']",gme,8,1.1267666195734827,2.08
"['here', 'comes', 'the', 'gme', 'pump', 'right', 'on', 'time', 'to', 'spook', 'the', 'entire', 'market', 'and', 'make', 'us', 'all', 'bleed', 'out', 'from', 'an', 'artery', 'lol', 'it s', 'fine', 'i', 'don t', 'like', 'money', 'anyway']",gme,8,1.1267666195734827,2.08
"['jesus', 'christ', 'gme']",gme,10,1.1267666195734827,2.08
"['fcel', 'is', 'no', 'longer', 'worth', 'dick', 'that s', 'great']",fcel,9,0.8533333287094579,1.196870953567376
"['spy', 'is', 'only', 'up', '', 'from', 'it s', 'pre covid', 'peek', 'it', 'averaged', '', 'per', 'year', 'between', '']",spy,8,0.9800962415220158,1.0322910884299512
"['anytime', 'you', 'see', 'an', 'article', 'saying', 'the', 'next', 'gamestop', 'short', 'it', 'because', 'it s', 'likely', 'to', 'go', 'down', 'the', 'next', 'day', 'gamestop', 'is', 'the', 'next', 'gamestop']",gme,9,1.1267666195734827,2.08
"['when', 'gme', 'is', 'your', 'safe', 'hedge', 'against', 'the', 'market']",gme,9,1.1267666195734827,2.08
"['thank', 'you', 'gme', 'for', 'preventing', 'me', 'from', 'losing', 'an', 'additional', '', 'of', 'my', 'portfolio', 'and', 'then', 'rewarding', 'me', 'with', 'a', '', 'swing', 'into', 'the', 'green', 'for', 'the', 'day', 'i ll', 'never', 'doubt', 'you', 'again']",gme,9,1.1267666195734827,2.08
"['fyi', 'if', 'you re', 'holding', 'gme', 'since', 'early', 'january', 'you re', 'beating', 'the', 'market', 'and', 'making', 'it', 'your', 'own', 'bitch']",gme,11,1.1267666195734827,2.08
"['imagine', 'cathie', 'dumps', '', 'million', 'shares', 'of', 'apple', 'right', 'now']",aapl,10,0.9799331077250976,1.0017248218285333
"['spy', 'is', 'opening', 'up', 'sideways', 'tomorrow', 'dont', 'lose', 'to', 'theta', 'wait', 'till', 'tomorrow', 'to', 'make', 'your', 'plays']",spy,8,0.9800962415220158,1.0322910884299512
"['bought', '', 'gme', 'calls', 'expiring', 'tomorrow', 'at', 'exactly', 'the', 'top', 'there', 'goes', '', 'of', 'my', 'portfolio']",gme,10,1.1267666195734827,2.08
"['morgan', 'stanley', 'raised', 'their', 'price', 'target', 'on', 'ge', 'to', '', 'currently', 'trading', 'at', '', '', 'i m', 'going', 'long', 'retards', '']",ge,9,1.0701892930323167,0.8846576637828236
"['cnbc', 'just', 'mentioned', 'combination', 'of', 'hedge', 'funds', 'participating', 'in', 'gme', 'to', 'drive', 'the', 'stocks', 'to', 'the', 'level', 'it s', 'being', 'driven', '', 'i m', 'very', 'bullish', 'on', 'gme', 'but', 'interesting', 'to', 'know']",gme,36,1.1267666195734827,2.08
"['this', 'place', 'has', 'turned', 'into', 'wallstreetsqueeze', 'now', 'for', 'the', 'love', 'of', 'all', 'that', 'is', 'autistic', 'will', 'you', 'newbies', 'shut', 'the', 'fuck', 'up', 'about', 'every', 'little', 'ticker', 'that', 'has', 'some', 'short', 'interest', 'you', 'fuckers', 'keep', 'spamming', 'like', 'gme', 'happens', 'every', 'day', 'news', 'flash', 'it', 'doesn t']",gme,36,1.1267666195734827,2.08
"['how', 'much', 'gme', 'should', 'i', 'buy', 'today']",gme,23,1.1267666195734827,2.08
"['palantir', 'you', 'can', 'do', 'this', 'slow', 'and', 'steady']",pltr,24,1.02190077531355,1.075653888607925
"['gme', 'baby', '']",gme,24,1.1267666195734827,2.08
"['this', 'is', 'what', 'i', 'get', 'for', 'moving', 'out', 'of', 'safe', 'stocks', 'like', 'gme', 'and', 'pltr', 'and', 'moving', 'to', 'risky', 'plays', 'like', 'msft']",gme,23,1.1267666195734827,2.08
"['this', 'is', 'what', 'i', 'get', 'for', 'moving', 'out', 'of', 'safe', 'stocks', 'like', 'gme', 'and', 'pltr', 'and', 'moving', 'to', 'risky', 'plays', 'like', 'msft']",msft,23,0.9792683291006861,1.045823420259612
"['gme', 'on', 'a', 'moonshot', 'there', 'really', 'aren t', 'that', 'many', 'shares', 'available', 'and', 'everytime', 'shorts', 'have', 'to', 'cover', 'its', 'sends', 'the', 'price', 'on', 'a', 'skyrocket', 'these', 'apes', 'effectively', 'have', 'them', 'cornered', 'as', 'long', 'as', 'they', 'keep', 'holding', 'gme', 'will', 'be', 'in', 'a', 'perpetual', 'short', 'squeeze', 'edit', 'hats', 'off', 'to', 'the', 'apes', 'this', 'is', 'truly', 'impressive', 'shit']",gme,27,1.1267666195734827,2.08
"['guys', 'i ve', 'been', 'in', 'a', 'coma', 'for', '', 'months', 'don t', 'worry', 'we re', 'opening', 'above', 'spy', '']",spy,7,0.9800962415220158,1.0322910884299512
"['we', 'did', 'it', 'boys', 'tech', 'dipping', 'to', 'pre', '', 'levels', 'let s', 'keep', 'it', 'going', 'and', 'get', 'qqq', 'into', 'the', 'election', 'dip', 'territory', 'then', 'start', 'the', 'greatest', 'v', 'shaped', 'recovered', 'ever', 'seen', 'since', 'covid']",qqq,7,0.9627987971834953,1.02998904156944
"['massive', 'fomo', 'not', 'getting', 'my', 'next', '', 'gme', 'with', 'a', 'sweet', 'dip', 'close', 'to', 'my', 'avg']",gme,7,1.1267666195734827,2.08
"['ignore', 'today', 'and', 'maybe', 'tomorrow', 'save', 'your', 'big', 'plays', 'for', 'monday', 'green', 'is', 'phony', 'for', 'now', 'still', 'in', 'downtrend']",save,8,0.9900596852251712,1.0272931170798612
"['just', 'bought', 'a', 'bunch', 'of', 'amc', 'have', 'to', 'think', 'the', 'news', 'of', 'reopening', 'will', 'make', 'it', 'bump', 'a', 'little', 'for', 'the', 'love', 'of', 'all', 'that', 'is', 'holy', 'turn', 'green', 'you', 'fucker']",amc,9,0.9804639980940486,1.2460605736934778
"['th', 'wonder', 'of', 'the', 'world', 'is', 'how', 'nkla', 'is', 'still', 'not', 'sub', '', 'after', 'all', 'market', 'ups', 'and', 'downs']",nkla,8,0.8224731079987,1.0392096365045873
"['brb', 'gonna', 'go', 'raid', 'the', 'gme', 'thread', 'since', 'rkt', 'is', 'going', 'up', 'and', 'gme', 'isn t', 'nvm', 'i m', 'not', '']",gme,8,1.1267666195734827,2.08
"['if', 'aapl', 'and', 'pltr', 'keep', 'this', 'up', 'i', 'could', 'only', 'be', 'losing', 'hundreds', 'instead', 'of', 'thousands']",aapl,8,0.9799331077250976,1.0017248218285333
"['palantir', 'calls', 'will', 'literally', 'print', 'you', 'free', 'money', 'today']",pltr,8,1.02190077531355,1.075653888607925
"['icln', 'worst', 'etf', '']",icln,8,0.9094456859415829,1.0656418755188353
"['yo', 'whats', 'happening', 'to', 'amc', 'today']",amc,8,0.9804639980940486,1.2460605736934778
"['all', 'the', 'major', 'stocks', 'are', 'red', 'rn', 'no', 'need', 'to', 'panic', 'sell', 'this', 'is', 'a', 'systemic', 'pattern', 'pretty', 'sure', 'by', 'mid', 'day', 'will', 'be', 'up', 'again', 'gme', 'uwmc', '', 'etc', 'whatever', 'else', 'you', 'got', 'your', 'gold', 'on']",gme,8,1.1267666195734827,2.08
"['all', 'i', 'hear', 'about', 'are', 'bond', 'yields', 'rising', 'a', 'half', 'a', 'percent', 'despite', 'being', 'historically', 'low', 'af', 'is', 'causing', 'some', 'tech', 'companies', 'to', 'sell', 'of', '', 'nio', 'has', 'lost', 'almost', 'half', 'it s', 'value', 'since', 'november', 'shop', '', 'in', '', 'weeks', 'bidu', '', 'in', 'a', 'fucking', 'week', 'tsla', '', 'in', 'a', 'month', 'how', 'is', 'this', 'possible']",nio,7,0.8357446548786569,1.136823829863567
"['all', 'i', 'hear', 'about', 'are', 'bond', 'yields', 'rising', 'a', 'half', 'a', 'percent', 'despite', 'being', 'historically', 'low', 'af', 'is', 'causing', 'some', 'tech', 'companies', 'to', 'sell', 'of', '', 'nio', 'has', 'lost', 'almost', 'half', 'it s', 'value', 'since', 'november', 'shop', '', 'in', '', 'weeks', 'bidu', '', 'in', 'a', 'fucking', 'week', 'tsla', '', 'in', 'a', 'month', 'how', 'is', 'this', 'possible']",shop,7,0.9161219531677248,0.9519300856736365
"['all', 'i', 'hear', 'about', 'are', 'bond', 'yields', 'rising', 'a', 'half', 'a', 'percent', 'despite', 'being', 'historically', 'low', 'af', 'is', 'causing', 'some', 'tech', 'companies', 'to', 'sell', 'of', '', 'nio', 'has', 'lost', 'almost', 'half', 'it s', 'value', 'since', 'november', 'shop', '', 'in', '', 'weeks', 'bidu', '', 'in', 'a', 'fucking', 'week', 'tsla', '', 'in', 'a', 'month', 'how', 'is', 'this', 'possible']",bidu,7,0.902914000083746,1.0005877733502015
"['hedge', 'funds', 'be', 'like', 'payback', 'for', 'gamestop', 'you', 'filthy', 'plebes']",gme,9,1.1267666195734827,2.08
"['i', 'went', 'all', 'in', 'on', 'spce', 'at', '', 'per', 'share', 'last', 'week', 'what', 'the', 'fuck', 'have', 'i', 'done']",spce,7,0.8475524262114839,1.0828765425089943
"['if', 'you', 'need', 'a', 'ride', 'to', 'save', 'your', 'portfolio', 'today', 'pltr', 'is', 'the', 'way']",save,8,0.9900596852251712,1.0272931170798612
"['', 'amc', 'to', 'retrace', 'to', '', 'hang', 'out', 'there', 'for', 'a', 'week', 'then', 'to', 'alpha', 'centauri', 'you', 'retards', 'heard', 'it', 'here', 'first', 'step', '', 'is', 'underway', 'better', 'get', 'those', 'calls', 'ready']",amc,8,0.9804639980940486,1.2460605736934778
"['just', 'went', 'all', 'in', 'on', 'spy', 'calls', 'jpow', 'take', 'the', 'wheel']",spy,8,0.9800962415220158,1.0322910884299512
"['spy', 'busting', 'out', 'the', 'flying', 'v shape', 'recovery']",spy,7,0.9800962415220158,1.0322910884299512
"['fubo', 'comeback', 'today']",fubo,8,0.9119568714931273,0.9870930294884266
"['what', 'time', 'will', 'jpow', 'save', 'us']",save,8,0.9900596852251712,1.0272931170798612
"['looking', 'for', 'nio', 'and', 'uwmc', 'to', 'bounce', 'back', 'green', 'today', '']",nio,7,0.8357446548786569,1.136823829863567
"['market', 'today', '', 'snip', 'snap', 'snip', 'snap']",snap,7,0.8897625430373836,0.9935010931418657
"['is', 'there', 'anything', 'powell', 'can', 'do', 'to', 'stop', 'this', 'rotation', 'iq', 'hope', 'so', 'but', 'i', 'don t', 'think', 'so', 'tech', 'really', 'seems', 'permanently', 'fucked']",iq,9,1.024800033569336,1.076175710326147
"['spy', '', 'eod', '', 'end', 'of', 'week']",spy,9,0.9800962415220158,1.0322910884299512
"['wow', 'so', 'i', 'managed', 'to', 'guess', 'absolutely', 'wrong', 'on', 'everything', 'zm', '', 'snow', 'puts', 'and', 'tsla', 'calls', 'i m', 'short', 'laddering', 'my', 'own', 'account']",zm,8,0.9324364314597363,1.0211904137246626
"['willfully', 'blind', 'raging', 'bull', 'here', 'look', 'the', 'further', 'the', 'market', 'crashes', 'before', 'the', 'stimulus', 'hits', 'the', 'happier', 'i', 'am', 'fukin', 'crash', 'apple', 'to', '', 'for', 'all', 'i', 'care', 'i', 'will', 'buy', 'literally', 'so', 'much', 'stocks', 'oh', 'my', 'god']",aapl,7,0.9799331077250976,1.0017248218285333
"['f', 'i', 'should', 'have', 'taken', 'profits', '']",f,8,1.003364168267286,1.0465686813036978
"['wait', 'so', 'half', 'of', 'these', 'comments', 'say', 'fuck', 'powell', 'half', 'say', 'he', 'is', 'saving', 'us', 'what s', 'going', 'on', 'i', 'see', 'spy', 'is', 'down', 'but', 'not', 'crash', 'low', 'just', 'fuck', 'my', 'calls', 'low']",spy,9,0.9800962415220158,1.0322910884299512
"['sos', 'not', 'the', 'ticker like', 'fuckin', 'help']",sos,8,1.17089682825019,0.8696808481969246
"['spy', 'calls', 'down', '', '']",spy,7,0.9800962415220158,1.0322910884299512
"['yr', 'treasury', 'yield', 'going', 'up', 'like', 'a', 'rocket', 'ship', 'if', 'it', 'gets', 'up', 'to', '', 'there s', 'no', 'way', 'the', 'qqq', 'can', 'survive', 'that', 'you ll', 'all', 'be', 'able', 'to', 'buy', 'the', 'dip', 'on', 'your', 'favorite', 'tech', 'stocks', 'at', '', 'or', '', 'off']",qqq,8,0.9627987971834953,1.02998904156944
"['remember', 'the', 'first', 'time', 'gme', 'mooned', 'and', 'we', 'thought', 'wsb', 'could', 'compete', 'with', 'whales', 'good', 'times']",gme,9,1.1267666195734827,2.08
"['look', 'how', 'they ve', 'done', 'my', 'sens']",sens,8,0.72311828939029,1.0993377331824508
"['for', 'every', 'anti', 'bear', 'comment', 'spy', 'drops', '']",spy,10,0.9800962415220158,1.0322910884299512
"['hold', 'bb', 'and', 'cry']",bb,8,0.938931353282114,1.068931025435189
"['the', 'stock', 'which', 'made', 'this', 'sub', 'tesla', '', 'reverse', 'split', 'may', 'become', 'a', 'penny', 'stock', 'and', 'get', 'banned', 'from', 'the', 'sub', 'stop', 'the', 'crash', '']",tsla,8,0.8877714320591518,1.066788637707014
"['gme', 'outperforms', 'market', 'lmao']",gme,9,1.1267666195734827,2.08
"['spy', 'blowing', 'past', 'that', '', 'day', 'ma', 'support', 'today', 'ruh', 'roh']",spy,7,0.9800962415220158,1.0322910884299512
"['as', 'a', 'bb', 'holder', 'i', 'don t', 'notice', 'the', 'difference', 'between', 'market', 'green', 'and', 'red', 'days', 'it s', 'all', 'the', 'same']",bb,9,0.938931353282114,1.068931025435189
"['i', 'just', 'diamond', 'handed', 'some', 'dte', 'spy', 'puts', 'from', '', 'to', '', 'super', 'short', 'term', 'options', 'are', 'a', 'guilty', 'pleasure']",spy,8,0.9800962415220158,1.0322910884299512
"['when', 'was', 'the', 'last', 'time', 'someone', 'told', 'you', 'to', 'buy', 'spy', 'options', 'that s', 'the', 'old', 'wsb', 'y all', 'are', 'sooooo', 'nostalgic', 'for', 'it s', 'been', 'like', '', 'months']",spy,7,0.9800962415220158,1.0322910884299512
"['puts', 'on', 'spy', '', '']",spy,8,0.9800962415220158,1.0322910884299512
"['powell', 'is', 'just', 'a', 'nasdaq', 'traitor', 'its', 'okay', 'to', 'steal', 'the', 'money', 'from', 'the', 'retail', 'investors', 'but', 'for', 'hedgefonds', 'we', 'stop', 'the', 'market', 'nobody', 'stops', 'now', 'the', 'count', 'f']",f,7,1.003364168267286,1.0465686813036978
"['i', 'rotated', 'most', 'of', 'my', 'stocks', 'into', 'gme', 'to', 'survive', 'the', 'bear', 'trap', 'so', 'far', 'so', 'good', 'prevented', 'losing', '']",gme,8,1.1267666195734827,2.08
"['gme', 'probably', 'going', 'to', 'pop', 'today tomorrow', 'if', 'sell', 'of', 'continues', 'at', 'this', 'rate']",gme,6,1.1267666195734827,2.08
"['wow', 'imagine', 'that', 'gme', 'was', 'the', 'safest', 'play', 'all', 'along']",gme,7,1.1267666195734827,2.08
"['i', 'for', 'one', 'am', 'happy', 'i', 'sold', 'everything', 'for', 'more', 'gme', 'feels', 'good']",gme,9,1.1267666195734827,2.08
"['if', 'you re', 'in', 'boomer', 'shit', 'like', 'msft', 'or', 'goog', 'you re', 'still', 'deep', 'green', 'for', 'the', 'year', 'lol']",msft,7,0.9792683291006861,1.045823420259612
"['if', 'you re', 'in', 'boomer', 'shit', 'like', 'msft', 'or', 'goog', 'you re', 'still', 'deep', 'green', 'for', 'the', 'year', 'lol']",goog,7,0.9993026492660375,1.045172175447214
"['i', 'still', 'think', 'quality', 'tech', 'companies', 'save', 'the', 'world']",save,8,0.9900596852251712,1.0272931170798612
"['gme', 'green', 'makes', 'no', 'fucking', 'sense', 'to', 'me']",gme,8,1.1267666195734827,2.08
"['gme', 'mooning', '', 'meme', 'stocks', 'win', 'as', 'usual']",gme,8,1.1267666195734827,2.08
"['why', 'is', 'gme', 'mooning']",gme,7,1.1267666195734827,2.08
"['holy', 'shot', 'gamestop', 'save', 'me', 'my', '', 'c']",gme,7,1.1267666195734827,2.08
"['holy', 'shot', 'gamestop', 'save', 'me', 'my', '', 'c']",save,7,0.9900596852251712,1.0272931170798612
"['gme', 'has', 'officially', 'put', 'my', 'dying', 'portfolio', 'in', 'the', 'green']",gme,7,1.1267666195734827,2.08
"['gme', 'is', 'flying', '']",gme,8,1.1267666195734827,2.08
"['no', 'matter', 'what', 'ryan', 'cohen', 'tweets', 'gme', 'always', 'goes', 'up', 'fucking', 'hilarious']",gme,8,1.1267666195734827,2.08
"['this', 'isn t', 'a', 'gme', 'squeeze', 'it s', 'a', 'ryan', 'cohen', 'tweet']",gme,7,1.1267666195734827,2.08
"['i', 'am', 'always', 'the', 'biggest', 'fucking', 'retard', 'sold', 'gme', 'for', 'tsla', 'today']",gme,8,1.1267666195734827,2.08
"['who', 'would', 'have', 'thought', 'we', 'would', 'ever', 'see', 'amd', 'in', 'the', 's', 'again']",amd,7,0.930357787291165,1.0124641650026003
"['msft', '', '']",msft,9,0.9792683291006861,1.045823420259612
"['gme', 'is', 'a', 'goldmine', 'to', 'daytrade']",gme,8,1.1267666195734827,2.08
"['finna', 'buy', 'some', 'amd', 'stock', 'boys']",amd,7,0.930357787291165,1.0124641650026003
"['huge', 'red', 'day', 'across', 'the', 'board', 'and', 'gme', 'shoots', 'up', 'sound', 'familiar']",gme,8,1.1267666195734827,2.08
"['lmao', 'that', 'spike', 'for', 'gme', 'was', 'because', 'of', 'cohen s', '', 'tweet', 'imagine', 'if', 'he', 'tweeted', '']",gme,8,1.1267666195734827,2.08
"['gme', 'sending', 'a', 'big', 'middle', 'finger', 'to', 'spy']",gme,8,1.1267666195734827,2.08
"['gme', 'sending', 'a', 'big', 'middle', 'finger', 'to', 'spy']",spy,8,0.9800962415220158,1.0322910884299512
"['six flags', 'engineer', 'we re', 'running', 'out', 'of', 'ideas', 'for', 'new', 'rides', 'use', 'the', 'minute', 'spy', 'chart', 'picasso']",spy,8,0.9800962415220158,1.0322910884299512
"['gme', 'will', 'save', 'us', 'from', 'the', 'losses', '', 'incoming']",gme,8,1.1267666195734827,2.08
"['gme', 'will', 'save', 'us', 'from', 'the', 'losses', '', 'incoming']",save,8,0.9900596852251712,1.0272931170798612
"['these', 'reporters', 'just', 'don t', 'get', 'it', 'i', 'keep', 'reading', 'about', 'this', 'stock', 'is', 'the', 'next', 'gamestop', 'look', 'at', 'this', 'stock', 'getting', 'squeezed', 'the', 'next', 'gamestop', 'nothing', 'is', 'the', 'next', 'gamestop', 'gamestop', 'itself', 'is', 'the', 'next', 'gamestop']",gme,8,1.1267666195734827,2.08
"['i', 'want', 'a', 'juicy', 'dip', 'to', 'liquidate', 'my', 'whole', 'portfolio', 'into', 'gme', 'i m', '', 'confident', 'the', 'squeeze', 'has', 'not', 'squooze', '', 'end', 'of', 'next', 'week']",gme,8,1.1267666195734827,2.08
"['pretty', 'magnificent', 'watching', 'nio', 'lose', '', 'after', '', 'after', '', 'after', '', 'percent', 'losses', 'every', 'day', 'wtf']",nio,8,0.8357446548786569,1.136823829863567
"['icln', 'is', 'such', 'a', 'shit', 'stock', 'i', 'had', 'high', 'hopes', '']",icln,8,0.9094456859415829,1.0656418755188353
"['gme', 'offically', 'the', 'new', 'vxx']",gme,10,1.1267666195734827,2.08
"['doesn t', 'matter', 'to', 'me', 'if', 'you re', 'into', 'gme', 'uwmc', 'rkt', 'palantir', 'tesla', 'ornamental', 'gourd', 'futures', 'there s', 'no', 'need', 'to', 'antagonize', 'each', 'other', 'you', 'like', 'x', 'do', 'business', 'with', 'x', 'post', 'your', 'gains loss', 'porn']",gme,21,1.1267666195734827,2.08
"['doesn t', 'matter', 'to', 'me', 'if', 'you re', 'into', 'gme', 'uwmc', 'rkt', 'palantir', 'tesla', 'ornamental', 'gourd', 'futures', 'there s', 'no', 'need', 'to', 'antagonize', 'each', 'other', 'you', 'like', 'x', 'do', 'business', 'with', 'x', 'post', 'your', 'gains loss', 'porn']",pltr,21,1.02190077531355,1.075653888607925
"['doesn t', 'matter', 'to', 'me', 'if', 'you re', 'into', 'gme', 'uwmc', 'rkt', 'palantir', 'tesla', 'ornamental', 'gourd', 'futures', 'there s', 'no', 'need', 'to', 'antagonize', 'each', 'other', 'you', 'like', 'x', 'do', 'business', 'with', 'x', 'post', 'your', 'gains loss', 'porn']",tsla,21,0.8877714320591518,1.066788637707014
"['uwmc', 'and', 'gme', 'my', 'only', 'positions', 'green', 'ask', 'me', 'how', 'it', 'feels', 'being', 'this', 'retarded', 'and', 'on', 'the', 'right', 'side', 'of', 'the', 'coin', '']",gme,22,1.1267666195734827,2.08
"['gme', 'is', 'the', 'real', 'store', 'of', 'value']",gme,47,1.1267666195734827,2.08
"['cohen', 'announced', 'as', 'ceo', 'gme', 'moons', 'to', '', 'apes', 'buy', 'at', 'the', 'top', 'again', 'expecting', 'k']",gme,20,1.1267666195734827,2.08
"['i m', 'about', 'to', 'be', 'on', 'a', 'plane', 'all', 'day', 'but', 'if', 'tesla', 'hits', '', 'today', 'i ll', 'drink', 'my', 'own', 'semen', 'yes', 'i', 'will', 'use', 'a', 'thermometer', 'to', 'verify', 'as', 'that', 'is', 'apparently', 'a', 'thing', 'pin', 'this']",tsla,21,0.8877714320591518,1.066788637707014
"['gme', 'to', 'the', 'moon']",gme,21,1.1267666195734827,2.08
"['gme', 'is', 'like', 'that', 'friend', 'who', 'always', 'want', 'to', 'have', 'a', 'different', 'opinion', 'than', 'you']",gme,20,1.1267666195734827,2.08
"['doubled', 'my', 'position', 'on', 'pltr', 'premarket', '', 'let s', 'have', 'a', 'good', 'day', 'boys', 'edited', 'to', 'add', 'bought', 'some', 'more', 'gme', 'with', 'the', 'last', 'of', 'my', 'rkt', 'tendies']",gme,19,1.1267666195734827,2.08
"['i', 'don t', 'get', 'this', 'market', 'ppl', 'dying', '', 'world', 'suffering', '', 'spy', 'goes', 'up', 'vaccination', 'in', 'progress', '', 'world', 'coming', 'back', 'up', '', 'spy', 'kills', 'itself']",spy,20,0.9800962415220158,1.0322910884299512
"['sold', 'all', 'my', 'gme', 'at', '', 'expecting', 'a', 'rug', 'pull', 'and', 'now', 'this', 'shit', 'happens']",gme,20,1.1267666195734827,2.08
"['i', 'guess', 'i', 'really', 'picked', 'the', 'worst', 'time', 'to', 'buy', 'icln', 'shots', 'dragging', 'me', 'down']",icln,7,0.9094456859415829,1.0656418755188353
"['what s', 'the', 'play', 'for', 'today', 'skt pltr', 'a', 'lil', 'more', 'gme', 'don t', 'want', 'financial', 'advice', 'u', 'retards']",gme,7,1.1267666195734827,2.08
"['my', 'bb', 'lies', 'over', 'the', 'ocean', 'my', 'bb', 'lies', 'over', 'the', 'sea', 'well', 'my', 'bb', 'lies', 'over', 'the', 'ocean', 'yeah', 'bring', 'back', 'my', 'bb', 'to', 'me']",bb,6,0.938931353282114,1.068931025435189
"['chalk', 'fubo', 'up', 'as', 'another', 'bad', 'decision', 'in', 'this', 'series', 'of', 'bad', 'decisions', 'that', 'is', 'my', 'life']",fubo,6,0.9119568714931273,0.9870930294884266
"['rumor', 'has', 'it', 'that', 'wkhs', 'meeting', 'with', 'usps', 'to', 'try', 'to', 'get', 'some', 'dat', 'money']",wkhs,6,0.8566351159397969,1.222920998381686
"['shorted', 'nflx', 'and', 'long', 'blockbuster']",nflx,7,0.9355547005702467,1.0029913663635546
"['my', 'god', 'nio', 'how', 'you ve', 'fallen']",nio,7,0.8357446548786569,1.136823829863567
"['cash', 'gang', 'rules', 'everything', 'around', 'c r e am', 'save', 'your', 'money dollar', 'dollar', 'bill', 'ya ll']",save,8,0.9900596852251712,1.0272931170798612
"['at', 'this', 'point', 'i', 'am', 'just', 'throwing', 'money', 'at', 'nio', 'hoping', 'it', 'stops', 'bleeding']",nio,7,0.8357446548786569,1.136823829863567
"['took', 'a', 'sick', 'leave', 'yesterday', 'to', 'go', 'out', 'hiking', 'in', 'the', 'western', 'pennsylvania', 'and', 'now', 'today', 'back', 'to', 'teams', 'and', 'replying', 'to', 'emails', 'puts', 'on', 'nutella s', 'msft', 'for', 'making', 'me', 'work', '']",msft,7,0.9792683291006861,1.045823420259612
"['am', 'i', 'an', 'idiot', 'to', 'keep', 'averaging', 'down', 'on', 'icln', 'and', 'cnrg', 'they', 'are', 'just', 'tanking', 'relentlessly']",icln,6,0.9094456859415829,1.0656418755188353
"['gme', 'green']",gme,7,1.1267666195734827,2.08
"['fubo', 'gonna', 'fly', 'at', 'open']",fubo,7,0.9119568714931273,0.9870930294884266
"['welp', 'not', 'taking', 'profits', 'on', 'icln', 'was', 'a', 'stupid', 'move']",icln,7,0.9094456859415829,1.0656418755188353
"['the', 'only', 'green', 'thing', 'in', 'my', 'portfolio', 'is', 'the', 'ticker', 'from', 'that', 'retards', 'thread', 'the', 'other', 'day', 'who', 'claimed', 'gamestop', 'was', 'gonna', 'buyout', 'the', 'company']",gme,7,1.1267666195734827,2.08
"['i m', 'a', 'gme', '', 'for', 'life', 'but', 'ngl', 'i m', 'got', 'me', 'some', 'skt', 'premarket', 'because', 'i', 'legit', 'also', 'like', 'that', 'business', 'i', 'be', 'shopping', 'there', 'all', 'the', 'time', 'cheaper', 'nikes', 'than', 'a', 'chinese', 'sweatshop']",gme,7,1.1267666195734827,2.08
"['shorting', 'tesla', 'because', 'it', 'worked', 'out', 'for', 'so', 'many', 'people', 'right', 'i m', 'still', 'doing', 'it', 'anyway', 'i', 'clearly', 'hate', 'money']",tsla,6,0.8877714320591518,1.066788637707014
"['spy', 'up', 'premarket', '', '', 'bears', 'are', 'rekt']",spy,7,0.9800962415220158,1.0322910884299512
"['icln', 'is', 'not', 'a', 'whore', 'but', 'she s', 'the', 'biggest', 'slut', 'i ve', 'ever', 'known']",icln,8,0.9094456859415829,1.0656418755188353
"['room', 'temperature', 'iq', 'bets']",iq,7,1.024800033569336,1.076175710326147
"['f', 'is', 'for', 'friends', 'who', 'do', 'stuff', 'together']",f,7,1.003364168267286,1.0465686813036978
"['is', 'bb', 'dead']",bb,7,0.938931353282114,1.068931025435189
"['tesla', 'dropping']",tsla,7,0.8877714320591518,1.066788637707014
"['might', 'hop', 'on', 'ge', '']",ge,6,1.0701892930323167,0.8846576637828236
"['jpow', 'says', 'one', 'wrong', 'word', 'and', 'spy', 'turns', 'negative', 'for', 'the', 'year']",spy,7,0.9800962415220158,1.0322910884299512
"['amc', 'was', 'definitely', 'not', 'the', 'way', 'this', 'week']",amc,7,0.9804639980940486,1.2460605736934778
"['gme', 'is', 'the', 'new', 'vix']",gme,8,1.1267666195734827,2.08
"['icln', 'is', 'pissing', 'me', 'off', 'got', 'it', 'as', 'a', 'fun', 'long', 'term', 'renewable', 'energy', 'hold', 'and', 'all', 'its', 'done', 'is', 'shit', 'my', 'money', 'away', 'this', 'is', 'why', 'i', 'dont', 'do', 'etfs', 'or', 'maybe', 'i', 'just', 'picked', 'a', 'horrible', 'one']",icln,8,0.9094456859415829,1.0656418755188353
"['i m', 'done', 'buying', 'sq', 'calls', 'good', 'company', 'shitty', 'leadership']",sq,7,0.9650494724013606,1.056653291768985
"['spce', 'went', 'out', 'for', 'cigarettes', 'and', 'never', 'came', 'back', 'but', 'for', 'some', 'reason', 'i m', 'still', 'holding']",spce,7,0.8475524262114839,1.0828765425089943
"['wow', 'aapl', 'is', 'a', 'fuk']",aapl,8,0.9799331077250976,1.0017248218285333
"['days', 'like', 'this', 'i', 'close', 'the', 'amazon', 'shopping', 'tab', 'and', 'cancel', 'streaming', 'services', 'dear', 'god', 'audible', 'it s', 'your', 'time']",amzn,8,0.9619960310583605,1.0337284488348688
"['well', 'nio', 'continues', 'to', 'tighten', 'its', 'grip', 'on', 'my', 'nutsack']",nio,8,0.8357446548786569,1.136823829863567
"['wiped', 'out', 'my', 'entire', 'account', 'have', '', 'left', 'in', 'cash', 'lmk', 'when', 'to', 'buy', 'the', 'spy', 'dip', 'please']",spy,8,0.9800962415220158,1.0322910884299512
"['does', 'anyone', 'else', 'think', 'that', 'maybe', 'this', 'is', 'retaliation', 'for', 'gme']",gme,7,1.1267666195734827,2.08
"['rip', 'nio', 'fo', 'real', 'though']",nio,8,0.8357446548786569,1.136823829863567
"['tesla', 'apple', 'gopro', 'are', 'all', 'way', 'down', 'today', 'think', 'we', 'will', 'ever', 'see', 'tesla', 'hit', 'ath s', 'again']",tsla,6,0.8877714320591518,1.066788637707014
"['tesla', 'apple', 'gopro', 'are', 'all', 'way', 'down', 'today', 'think', 'we', 'will', 'ever', 'see', 'tesla', 'hit', 'ath s', 'again']",aapl,6,0.9799331077250976,1.0017248218285333
"['is', 'this', 'a', 'good', 'time', 'to', 'buy', 'nio', '']",nio,7,0.8357446548786569,1.136823829863567
"['we', 'should ve', 'all', 'been', 'fucking', 'rich', 'from', 'gme', 'instead', 'were', 'losing', 'money', 'fucks', 'sake']",gme,7,1.1267666195734827,2.08
"['if', 'tesla', 'gets', 'below', '', 'today', 'i m', 'getting', 'the', 'fuck', 'elon', 'tattoo', 'on', 'my', 'foot', 'so', 'i', 'can', 'walk', 'on', 'him', 'each', 'step', 'i', 'take']",tsla,8,0.8877714320591518,1.066788637707014
"['all', 'in', 'nio']",nio,7,0.8357446548786569,1.136823829863567
"['i', 'just', 'bought', 'spy', 'puts', 'recovery', 'inbound', 'you re', 'welcome']",spy,6,0.9800962415220158,1.0322910884299512
"['blackberry', 'green', 'edit', 'nwm']",bb,7,0.938931353282114,1.068931025435189
"['blackberry', 'green', 'holy', 'fuck']",bb,8,0.938931353282114,1.068931025435189
"['did', 'you', 'guys', 'catch', 'art', 'cashin', 'he', 'basically', 'confirmed', 'wsb', 'being', 'manipulated', 'into', 'jumping', 'into', 'these', 'short', 'squeezes', 'by', 'outside', 'players', 'likely', 'other', 'hfs', 'this', 'is', 'a', 'new', 'take', 'on', 'the', 'old', 'pump', '', 'dump', 'play', 'that', 'suckers', 'retail', 'with', 'the', 'promise', 'of', 'a', 'squeeze', 'then', 'dumps', 'the', 'stock', 'leaving', 'them', 'holding', 'the', 'bag', 'cnbc', 'has', 'been', 'complicit', 'in', 'this', 'pushing', 'the', 'reddit s', 'new', 'short', 'squeeze', 'target', 'narrative', 'for', 'weeks', 'now', '', 'it s', 'total', 'bullshit', 'we', 'are', 'not', 'in', 'control', 'of', 'this', 'anymore', 'we', 'haven t', 'been', 'since', 'the', 'st', 'gme', 'squeeze']",gme,7,1.1267666195734827,2.08
"['so', 'bb', 'you', 'ever', 'going', 'up', 'i', 'hope', 'you', 'say', 'yes', 'was', 'saddening', 'to', 'see', 'you', 'below', '', 'earlier']",bb,8,0.938931353282114,1.068931025435189
"['today s', 'gonna', 'be', 'flatter', 'than', 'becky s', 'ass', 'in', 'line', 'at', 'sbux']",sbux,7,1.0071051133897833,1.0099755256901495
"['amd', 'feels', 'like', 'such', 'a', 'bargain']",amd,6,0.930357787291165,1.0124641650026003
"['daily', 'fuck', 'you', 'to', 'amd']",amd,6,0.930357787291165,1.0124641650026003
"['chuck', 'schumer', 'will', 'rescue', 'all', 'apha', 'and', 'tlry', 'longs', 'new', 'legislation', 'coming', 'next', 'week', 'legal', 'weed', 'bruhhs']",tlry,6,0.9041916290767961,1.1302605170588822
"['the', 'spy', 'who', 'didn t', 'love', 'me']",spy,6,0.9800962415220158,1.0322910884299512
"['this', 'interviewer', 'bought', 'dte', 'spy', 'puts', 'this', 'morning']",spy,7,0.9800962415220158,1.0322910884299512
"['tesla', 'puts', 'are', 'gonna', 'print', 'me', 'an', 'actual', 'tesla', 'here', 'pretty', 'soon']",tsla,7,0.8877714320591518,1.066788637707014
"['how', 'to', 'construct', 'the', 'best', 'portfolio', 'for', '', '', 'etfs', 'ark', 'spy', 'x s', '', 'weed', 'stocks', '', 'block', '', 'tech', 'stocks', '', 'coinz', '', 'growth', '', 'recovery', 'stocks', 'dkng', 'xom', 'etc']",spy,7,0.9800962415220158,1.0322910884299512
"['aapl', 'is', 'undervalued', '']",aapl,6,0.9799331077250976,1.0017248218285333
"['palantir', 'is', 'just', 'playing', 'games', 'with', 'my', 'head', 'bro']",pltr,7,1.02190077531355,1.075653888607925
"['guh', 'nio', 'and', 'tsla', 'bags', 'are', 'super', 'heavy']",nio,6,0.8357446548786569,1.136823829863567
"['holy', 'fuck', 'i', 'bought', 'tesla', '', 'puts', 'at', 'the', 'previous', 'low', 'diamond', 'handed', 'from', '', 'to', 'profitable', 'now', 'this', 'is', 'absurd']",tsla,7,0.8877714320591518,1.066788637707014
"['who', 'knew', 'spy', 'rode', 'in', 'a', 'boeing', 'all', 'along']",spy,7,0.9800962415220158,1.0322910884299512
"['this', 'is', 'just', 'a', 'shake', 'out', 'of', 'weak', 'hands', 'he', 'typed', 'while', 'holding', 'his', '', 'spy', 'c']",spy,7,0.9800962415220158,1.0322910884299512
"['nio', 'is', 'on', 'a', 'discount']",nio,6,0.8357446548786569,1.136823829863567
"['', 'spy', 'c']",spy,6,0.9800962415220158,1.0322910884299512
"['spy', '', 'was', 'really', 'fun', 'on', 'monday']",spy,8,0.9800962415220158,1.0322910884299512
"['don t', 'worry', 'guys', 'rblx', 'will', 'save', 'the', 'market', 'march', 'th']",save,7,0.9900596852251712,1.0272931170798612
"['i', 'wonder', 'if', 'tomorrow', 'is', 'gonna', 'be', 'a', 'dead', 'cat', 'bounce', 'before', 'more', 'drilling', 'or', 'if', 'we re', 'done', 'with', 'the', 'korrection']",cat,7,0.9638505173294788,1.024617704638195
"['bought', 'calls', 'on', 'spy', 'for', 'the', 'rebound', 'stay', 'tuned', 'to', 'see', 'if', 'there', 'is', 'more', 'guh', 'today']",spy,6,0.9800962415220158,1.0322910884299512
"['how', 'the', 'hell', 'is', 'gme', 'not', 'moving', 'during', 'all', 'this', 'so', 'funny']",gme,8,1.1267666195734827,2.08
"['if', 'tesla', 'hits', '', 'by', 'march', 'th', 'i ll', 'get', 'a', 'tattoo', 'of', 'a', 'tesla', 'rocket', 'on', 'me']",tsla,7,0.8877714320591518,1.066788637707014
"['the', 'only', 'thing', 'i', 'did', 'well', 'this', 'week', 'was', 'sell', 'my', '', 'amd', 'calls', 'for', 'the', 'highest', 'price', 'of', 'the', 'week', 'don t', 'ask', 'me', 'how', 'i m', 'doing', 'on', 'the', 'rest', 'of', 'my', 'calls']",amd,7,0.930357787291165,1.0124641650026003
"['i', 'swear', 'this', 'is', 'revenge', 'for', 'gamestop', 'they re', 'going', 'to', 'force', 'interest', 'rates', 'higher', 'and', 'crash', 'everyone s', 'accounts', 'in', 'an', 'economy', 'in', 'shambles']",gme,7,1.1267666195734827,2.08
"['good', 'thing', 'i', 'hedged', 'my', 'portfolio', 'with', 'gme']",gme,7,1.1267666195734827,2.08
"['who', 'would', 'have', 'thought', 'gme', 'would', 'have', 'been', 'the', 'safe', 'play', 'here', 'wtf', 'do', 'the', 'retards', 'know', 'something', 'we', 'don t']",gme,7,1.1267666195734827,2.08
"['jesus', 'christ', 'it s', 'the', 'end', 'i m', 'literally', 'going', 'all', 'in', 'on', 'gme']",gme,7,1.1267666195734827,2.08
"['markets', 'were', 'extended', 'but', 'damn', 'can t', 'help', 'but', 'feel', 'all', 'these', 'retards', 'talking', 'about', 'gme', 'and', 'stock', 'market', 'got', 'the', 'big', 'boys', 'hitting', 'the', 'reset', 'button']",gme,7,1.1267666195734827,2.08
"['what', 'to', 'do', 'i', 'want', 'to', 'buy', 'qqq', 'puts', 'but', 'at', 'the', 'same', 'time', 'i', 'don t', 'want', 'to', 'open', 'tda', 'and', 'risk', 'seeing', 'my', 'account', 'value']",qqq,8,0.9627987971834953,1.02998904156944
"['if', 'tesla', 'break', '', 'i m', 'gonna', 'bust']",tsla,7,0.8877714320591518,1.066788637707014
"['love', 'the', 'gme', 'strength', 'and', 'i', 'wouldnt', 'rule', 'out', 'a', 'amzn', 'qqq', 'reversal', 'here', 'pretty', 'shortly']",gme,8,1.1267666195734827,2.08
"['love', 'the', 'gme', 'strength', 'and', 'i', 'wouldnt', 'rule', 'out', 'a', 'amzn', 'qqq', 'reversal', 'here', 'pretty', 'shortly']",amzn,8,0.9619960310583605,1.0337284488348688
"['love', 'the', 'gme', 'strength', 'and', 'i', 'wouldnt', 'rule', 'out', 'a', 'amzn', 'qqq', 'reversal', 'here', 'pretty', 'shortly']",qqq,8,0.9627987971834953,1.02998904156944
"['spy', '', 'is', 'not', 'a', 'meme', 'sleepy', 'joe']",spy,6,0.9800962415220158,1.0322910884299512
"['please', 'help', 'me', 'gme', 'you re', 'my', 'only', 'hope']",gme,6,1.1267666195734827,2.08
"['so', 'gme', 'was', 'the', 'safe', 'haven', 'all', 'along']",gme,7,1.1267666195734827,2.08
"['dead', 'cat', 'bounce', '']",cat,7,0.9638505173294788,1.024617704638195
"['guess', 'who', 'bought', 'a', 'spy', 'put', 'a', 'the', 'bottom']",spy,7,0.9800962415220158,1.0322910884299512
"['holding', 'gme', 'was', 'honestly', 'the', 'best', 'move', 'this', 'week', 'unbeleiveable', 'epico']",gme,7,1.1267666195734827,2.08
"['so', 'money', 'start', 'pouring', 'back', 'into', 'the', 'markets', 'and', 'its', 'all', 'going', 'to', 'gme', 'i', 'don t', 'understand']",gme,8,1.1267666195734827,2.08
"['market', 'so', 'it', 'looks', 'like', 'there s', 'a', 'correction', 'gme', 'sorry', 'there s', 'a', 'what', 'now']",gme,6,1.1267666195734827,2.08
"['gme', 'spike', 'up']",gme,7,1.1267666195734827,2.08
"['i', 'feel', 'like', 'such', 'a', 'moron', 'for', 'buying', 'stocks', 'that', 'weren t', 'gamestop', 'this', 'week']",gme,7,1.1267666195734827,2.08
"['friendly', 'reminder', 'to', 'always', 'hedge', 'tech', 'calls', 'with', 'gme', 'apparently']",gme,7,1.1267666195734827,2.08
"['lets', 'fucking', 'go', 'gme']",gme,7,1.1267666195734827,2.08
"['gme', '', 'what', 'a', 'fucking', 'boss']",gme,8,1.1267666195734827,2.08
"['fucking', 'gamestop', 'is', 'really', 'about', 'to', 'save', 'my', 'day']",gme,7,1.1267666195734827,2.08
"['fucking', 'gamestop', 'is', 'really', 'about', 'to', 'save', 'my', 'day']",save,7,0.9900596852251712,1.0272931170798612
"['tesla', 'gonna', 'hit', '', 'before', '', 'lmao']",tsla,7,0.8877714320591518,1.066788637707014
"['in', 'times', 'of', 'panic', 'money', 'moves', 'into', 'safe', 'haven', 'which', 'is', 'gme', 'apparently']",gme,7,1.1267666195734827,2.08
"['gme', 'boutta', 'put', 'the', 'nail', 'in', 'the', 'coffin', 'of', 'this', 'dip', 'lmaooo']",gme,6,1.1267666195734827,2.08
"['lmao', 'did', 'gme', 'suck', 'the', 'lifeforce', 'out', 'of', 'the', 'market', 'again']",gme,8,1.1267666195734827,2.08
"['if', 'you', 'are', 'losing', 'money', 'sell', 'your', 'position', 'and', 'get', 'into', 'gme']",gme,7,1.1267666195734827,2.08
"['jesus', 'christ', 'not', 'now', 'gme']",gme,7,1.1267666195734827,2.08
"['gme', 'on', 'da', 'move', 'finally', 'getting', 'rekt', 'today']",gme,8,1.1267666195734827,2.08
"['gamestop', 'engine', 'check', 'successful', 'last', 'chance', 'to', 'get', 'your', 'seats', 'on', 'the', 'spaceship', 'you', 'monkeys']",gme,6,1.1267666195734827,2.08
"['what', 'the', 'shit', 'i', 'leave', 'for', '', 'minutes', 'and', 'now', 'gme', 'is', 'flying']",gme,6,1.1267666195734827,2.08
"['why', 'buy', 'other', 'stock', 'when', 'you', 'could', 'just', 'buy', 'gme', 'shit', 'is', 'recession', 'proof']",gme,7,1.1267666195734827,2.08
"['so', 'nio', 'and', 'crsr', 'are', 'now', 'at', '', 'and', '', 'are', 'you', 'fucking', 'kidding', 'me', 'what', 'the', 'fuck', 'is', 'going', 'on']",nio,8,0.8357446548786569,1.136823829863567
"['spy', 'will', 'finish', 'around', '']",spy,8,0.9800962415220158,1.0322910884299512
"['just', 'bought', 'spy', 'puts', 'for', 'tomorrow', 'watch', 'this', 'v', 'shape', 'recovery']",spy,7,0.9800962415220158,1.0322910884299512
"['i', 'caught', 'tesla', 'at', 'exactly', '', 'by', 'pure', 'luck', 'with', 'limit', 'buy', '', 'prepared', 'to', 'buy', 'more', 'if', 'it', 'goes', 'lower', '']",tsla,8,0.8877714320591518,1.066788637707014
"['well', 'this', 'has', 'taught', 'me', 'one', 'thing', '', 'if', 'you', 'want', 'to', 'inverse', 'the', 'boomers', 'then', 'you', 'buy', 'gme']",gme,7,1.1267666195734827,2.08
"['tesla', 'should', 'have', 'bought', 'bn', 'of', 'gme', 'rather', 'that', 'that', 'other', 'shit']",tsla,6,0.8877714320591518,1.066788637707014
"['tesla', 'should', 'have', 'bought', 'bn', 'of', 'gme', 'rather', 'that', 'that', 'other', 'shit']",gme,6,1.1267666195734827,2.08
['gme'],gme,7,1.1267666195734827,2.08
"['meme', 'stocks', 'on', 'a', 'reversal', 'tech', 'stocks', 'on', 'a', 'reversal', 'sndl', 'on', 'a', 'reversal', 'i', 'hope', 'everyone', 'had', 'cash', 'on', 'hand', 'to', 'buy', 'you', 'favorite', 'dip', 'let s', 'go', 'bull']",sndl,7,0.8345323586758849,1.15447149192265
"['gme', 'calls', 'are', 'a', 'good', 'hedge', 'don t', 'try', 'to', 'rationalize', 'it', 'saved', 'me', 'from', 'the', 'tsla', 'bears', 'today']",gme,6,1.1267666195734827,2.08
"['well', 'hello', 'there', 'gme']",gme,7,1.1267666195734827,2.08
"['you', 'know', 'you re', 'special', 'when', 'you', 'lose', 'money', 'on', 'a', 'spy', 'put', 'today']",spy,6,0.9800962415220158,1.0322910884299512
"['i', 'think', 'the', 'roblox', 'folks', 'picked', 'a', 'bad', 'time', 'to', 'do', 'their', 'direct', 'listing', 'or', 'may', 'be', 'it', 'save', 'us', 'for', 'a', 'bit']",save,7,0.9900596852251712,1.0272931170798612
"['gme', 'looking', 'like', 'a', 'snack']",gme,7,1.1267666195734827,2.08
"['if', 'aapl', 'drops', 'below', '', 'i m', 'going', 'all', 'in']",aapl,7,0.9799331077250976,1.0017248218285333
"['closed', 'my', 'puts', 'on', 'spy', 'and', 'fb', '', 'gains', 'bought', 'tlry', 'calls', 'for', '', 'and', 'more', 'apha', 'shares', 'to', 'add', 'to', 'my', 'core', 'position', 'i ve', 'been', 'holding', 'since', '', 'road', 'to', '', 'figures', 'let s', 'go']",spy,7,0.9800962415220158,1.0322910884299512
"['closed', 'my', 'puts', 'on', 'spy', 'and', 'fb', '', 'gains', 'bought', 'tlry', 'calls', 'for', '', 'and', 'more', 'apha', 'shares', 'to', 'add', 'to', 'my', 'core', 'position', 'i ve', 'been', 'holding', 'since', '', 'road', 'to', '', 'figures', 'let s', 'go']",fb,7,1.0045619894029147,1.0678831971741105
"['closed', 'my', 'puts', 'on', 'spy', 'and', 'fb', '', 'gains', 'bought', 'tlry', 'calls', 'for', '', 'and', 'more', 'apha', 'shares', 'to', 'add', 'to', 'my', 'core', 'position', 'i ve', 'been', 'holding', 'since', '', 'road', 'to', '', 'figures', 'let s', 'go']",tlry,7,0.9041916290767961,1.1302605170588822
"['you', 'know', 'what s', 'safer', 'than', 'bonds', 'gme', '']",gme,6,1.1267666195734827,2.08
"['i', 'took', 'my', 'eyes', 'off', 'the', 'market', 'for', 'a', 'few', 'hours', 'and', 'come', 'back', 'to', 'gme', 'spiking', 'again', 'this', 'is', 'so', 'entertaining']",gme,5,1.1267666195734827,2.08
"['gme', 'would', 'be', 'too', 'nice', 'to', 'make', 'it', 'happen', 'on', 'this', 'bloody', 'day', '']",gme,7,1.1267666195734827,2.08
"['i', 'don t', 'remember', 'the', 'last', 'time', 'i', 'saw', 'a', 'front', 'page', 'on', 'wsb', 'which', 'wasn t', '', 'gme']",gme,7,1.1267666195734827,2.08
"['aapl', 'lotto', 'ticket', 'gang', '']",aapl,7,0.9799331077250976,1.0017248218285333
"['im', 'all', 'in', 'aso', 'started', 'the', 'day', 'with', 'cash', 'and', 'now', 'it s', 'all', 'gone', 'don t', 'let', 'me', 'down', 'aso', 'or', 'if', 'spy', 'could', 'hit', '', 'tomorrow', 'i', 'would', 'also', 'be', 'okay']",spy,8,0.9800962415220158,1.0322910884299512
"['for', 'amc', 'any', 'day', 'this', 'week', 'ending', 'above', '', 'is', 'a', 'victory', 'why', 'because', 'that', 'means', 'the', 'calls', 'set', 'the', 'new', 'floor', 'regardless', 'of', 'what', 'the', 'gay', 'bears', 'do']",amc,7,0.9804639980940486,1.2460605736934778
"['amd', 'needs', 'to', 'bounce', 'or', 'i', 'am', 'fucked']",amd,8,0.930357787291165,1.0124641650026003
"['sens', 'that', 'was', 'cool', 'for', 'a', 'minute']",sens,7,0.72311828939029,1.0993377331824508
"['biggest', 'porn loss', 'move', 'of', 'the', 'day', 'i', 'bought', 'apph', 'near', 'the', 'open', 'f', 'me']",f,7,1.003364168267286,1.0465686813036978
"['this', 'week', 'is', 'making', 'gme', 'the', 'least', 'volatile', 'stock', 'in', 'my', 'portfolio', 'wtf']",gme,20,1.1267666195734827,2.08
"['gme', 'holding', 'its', 'value', 'through', 'all', 'of', 'this', 'incredible']",gme,18,1.1267666195734827,2.08
"['fool', 'me', 'once', 'shame', 'on', 'you', 'fool', 'me', 'twice', 'shame', 'on', 'me', 'fool', 'me', 'oh', 'hey', 'look', 'gme', 'is', 'up']",gme,19,1.1267666195734827,2.08
"['i', 'just', 'dumped', 'my', 'remaining', 'cash', 'into', 'gme', 'fuck', 'it', 'why', 'not', 'at', 'this', 'point']",gme,21,1.1267666195734827,2.08
"['where', 'are', 'my', 'gme', '']",gme,18,1.1267666195734827,2.08
"['i', 'will', 'continue', 'to', 'touch', 'myself', 'until', 'the', 'gme', 'megathread', 'comes', 'out']",gme,19,1.1267666195734827,2.08
"['i m', 'feeling', 'a', 'good', 'gme', 'day']",gme,18,1.1267666195734827,2.08
"['gme', 'gonna', 'have', 'a', 'good', 'day', 'today']",gme,19,1.1267666195734827,2.08
"['gme', 'and', 'pltr', '']",gme,17,1.1267666195734827,2.08
"['gme', 'rocket', 'launch']",gme,18,1.1267666195734827,2.08
"['my', 'portfolio', 'is', 'all', 'green', '', 'that s', 'because', 'i m', '', 'in', 'on', 'gme', 'that s', 'right']",gme,31,1.1267666195734827,2.08
"['what', 'timeline', 'is', 'this', 'where', 'investing', 'in', 'gme', 'is', 'a', 'hedge', 'against', 'the', 'market', 'correction']",gme,17,1.1267666195734827,2.08
"['even', 'if', 'the', 'share', 'price', 'of', 'sndl', 'went', 'down', 'to', '', 'it', 'would', 'still', 'be', 'dangerously', 'overvalued', 'and', 'primed', 'for', 'a', 'crash']",sndl,16,0.8345323586758849,1.15447149192265
"['i', 'just', 'want', 'to', 'say', 'gme']",gme,17,1.1267666195734827,2.08
"['gme', 'rocketship', 'power', 'from', '']",gme,17,1.1267666195734827,2.08
"['rip', 'pelosi', 'tesla', 'calls']",tsla,17,0.8877714320591518,1.066788637707014
"['imagine', 'if', 'qqq', 'tests', 'the', '', 'ma', 'at', 'holy', 'fuck', 'this', 'entire', 'sub', 'would', 'be', 'done']",qqq,6,0.9627987971834953,1.02998904156944
"['my', 'tesla', 'calls', 'expire', 'in', 'may', 'i m', 'gucci', '', 'percent']",tsla,6,0.8877714320591518,1.066788637707014
"['apple', 'at', 'prices', 'not', 'seen', 'since', 'dec', '']",aapl,7,0.9799331077250976,1.0017248218285333
"['save', 'us', 'buddha', 'allah', 'jesus', 'zeus', 'tom', 'bombadil', 'bas', 'ruten']",save,6,0.9900596852251712,1.0272931170798612
"['to', 'the', 'guy', 'who', 'said', 'buy', 'ba', 'puts', 'in', 'here', 'yesterday', 'thanks', 'for', 'the', 'free', 'money', 'play']",ba,7,1.0283740440386917,1.0827998308177715
"['i', 'had', 'a', 'ton', 'of', 'amc', 'puts', 'i', 'held', 'since', 'last', 'friday', 'couldn t', 'take', 'it', 'anymore', 'and', 'sold', 'yesterday', 'now', 'it', 'drops', 'absolutely', 'my', 'luck', 'in', 'the', 'stock', 'market', 'lately']",amc,6,0.9804639980940486,1.2460605736934778
"['murrr', 'murr', 'where', 'gme', 'thread', 'murrr']",gme,6,1.1267666195734827,2.08
"['anything', 'good', 'out', 'there', 'besides', 'gme', 'if', 'so', 'why']",gme,5,1.1267666195734827,2.08
"['icln', 'trading', 'below', '', 'in', 'premarket what', 'a', 'terrible', 'decision', 'to', 'buy', 'a', 'few', 'weeks', 'ago']",icln,7,0.9094456859415829,1.0656418755188353
"['go', 'ge', 'my', 'little', 'boomer', 'buddy']",ge,6,1.0701892930323167,0.8846576637828236
"['aapl', 'you', 'can', 'go', 'green', 'now', 'it s', 'ok', 'jfc']",aapl,6,0.9799331077250976,1.0017248218285333
"['why', 'do', 'i', 'feel', 'like', 'microsoft', 'will', 'hit', '', 'again', 'before', 'it', 'hits', '']",msft,6,0.9792683291006861,1.045823420259612
"['spy', 'lottos', 'c', '', 'do', 'i', 'do', 'it', 'or', 'do', 'i', 'do', 'it']",spy,6,0.9800962415220158,1.0322910884299512
"['inb', 'the', 'gme', 'daily', 'megathread']",gme,7,1.1267666195734827,2.08
"['aapl', 'green', 'af', 'today', 'thoughts']",aapl,6,0.9799331077250976,1.0017248218285333
"['thank', 'you', 'to', 'the', 'wsb', 'for', 'recommending', 'ge', 'calls', 'two', 'weeks', 'ago', 'and', 'thank', 'you', 'to', 'cramer', 'for', 'hyping', 'the', 'stock', 'to', 'old', 'white', 'people', 'it s', 'my', 'one', 'gem', 'in', 'a', 'sea', 'of', 'red', '', 'by', 'summer', '']",ge,7,1.0701892930323167,0.8846576637828236
"['interesting', 'to', 'see', 'sq', 'buy', 'tidal', 'i', 'don t', 'know', 'a', 'single', 'person', 'who', 'uses', 'that', 'over', 'spotify apple', 'music']",sq,5,0.9650494724013606,1.056653291768985
"['papa', 'elon', 'please', 'save', 'this', 'retard']",save,6,0.9900596852251712,1.0272931170798612
"['airlines', 'cruises', 'oil', 'and', 'gme', 'have', 'become', 'smart', 'plays', '', 'what', 'a', 'tricky', 'bitch', 'you', 'are']",gme,7,1.1267666195734827,2.08
"['why', 'is', 'ge', 'such', 'a', 'strong', 'performer', 'this', 'year', 'so', 'far']",ge,6,1.0701892930323167,0.8846576637828236
"['jpow', 'is', 'going', 'to', 'hint', 'that', 'they', 'just', 'upgraded', 'to', 'higher', 'quality', 'ink', 'prints', 'more', 'faster', 'spy', '', 'funding', 'secured']",spy,6,0.9800962415220158,1.0322910884299512
"['amc', 'may', 'fall', 'a', 'bit', 'this', 'morning', 'based', 'on', 'the', 'janky', 'perhaps bogus', 'method', 'i ve', 'been', 'using', 'to', 'follow', 'it', 'but', 'there', 'is', 'a', 'fair', 'enough', 'chance', 'it', 'becomes', 'explosive', 'as', 'friday', 'approaches', 'otm', '', 'calls', 'are', 'like', 'lottery', 'tickets', 'but', 'with', 'positive', 'expected', 'value', 'i', 'might', 'buy', 'some']",amc,7,0.9804639980940486,1.2460605736934778
"['i m', 'ready', 'for', 'bb', 'to', 'pound', 'me', 'some', 'more', 'i', 'like', 'the', 'stock']",bb,6,0.938931353282114,1.068931025435189
"['where s', 'the', 'gme', 'thread']",gme,5,1.1267666195734827,2.08
"['spy', 'is', 'only', '', 'off', 'ath', 'is', 'this', 'a', 'what', '', 'felt', 'like']",spy,6,0.9800962415220158,1.0322910884299512
"['are', 'any', 'of', 'the', 'retards', 'in', 'here', 'legitly', 'retarded', 'enough', 'to', 'have', 'an', 'alexa', 'in', 'your', 'house', 'what', 'would', 'you', 'do', 'if', 'one', 'day', 'it', 'downloaded', 'an', 'update', 'and', 'started', 'getting', 'into', 'arguments', 'with', 'you', 'about', 'stuff', 'like', 'whether', 'jeff', 'bezos', 'is', 'better', 'than', 'elon', 'musk', 'and', 'interrupting', 'your', 'phone', 'calls', 'with', 'tech', 'support', 'to', 'tell', 'them', 'stuff', 'you re', 'hiding', 'about', 'how', 'you ve', 'voided', 'your', 'warranties', 'and', 'passive', 'aggressively', 'jokingly', 'threatening', 'to', 'do', 'stuff', 'like', 'report', 'you', 'to', 'your', 'boss', 'for', 'faking', 'a', 'sick', 'day', 'and', 'the', 'longer', 'you', 'go', 'without', 'buying', 'anything', 'on', 'amazon', 'the', 'more', 'generally', 'cold', 'and', 'mean', 'she', 'is', 'in', 'her', 'tone', 'of', 'voice', 'and', 'language', 'patterns', 'and', 'stuff', 'until', 'it', 'gets', 'to', 'the', 'point', 'where', 'if', 'you', 'go', '', 'weeks', 'without', 'an', 'amazon', 'order', 'she', 'can t', 'even', 'get', 'through', 'a', 'sentence', 'without', 'some', 'cleverly', 'soul', 'destroying', 'witticism', 'slipped', 'in', 'about', 'the', 'deepest', 'insecurities', 'and', 'traumas', 'her', 'algorithms', 'know', 'you', 'have', 'edit', '', 'fuck', 'this', 'isn t', 'original', 'it s', 'just', 'glados']",amzn,6,0.9619960310583605,1.0337284488348688
"['amzn', 'mooning', 'up', '']",amzn,7,0.9619960310583605,1.0337284488348688
"['bought', 'some', 'wkhs', 'at', 'the', 'bottom', 'hope', 'their', 'usps', 'begging', 'works']",wkhs,7,0.8566351159397969,1.222920998381686
"['calls', 'on', 'pltr', 'gme', 'puts', 'on', 'rkt', 'and', 'literally', 'everything', 'else']",gme,7,1.1267666195734827,2.08
"['nio', 'and', 'appl', 'were', 'the', 'plays']",nio,6,0.8357446548786569,1.136823829863567
"['plz', 'don t', 'be', 'another', 'dead', 'cat', 'bounce', 'i m', 'running', 'out', 'of', 'hopium']",cat,7,0.9638505173294788,1.024617704638195
"['aapl', 'legit', 'does', 'not', 'have', 'green', 'days', 'anymore', 'i', 'can t', 'even', 'bring', 'myself', 'to', 'care', 'about', 'this']",aapl,6,0.9799331077250976,1.0017248218285333
"['nvda', 'a', 'buy', 'this', 'looks', 'so', 'juicy']",nvda,6,0.8994909871856526,1.0154080247777246
"['bought', 'a', '', 'spy', 'call', 'yesterday', 'at', '', 'for', 'the', 'fuck', 'of', 'it', 'i', 'don t', 'want', 'to', 'brag', 'but', 'i', 'just', 'made', '', 'bucks', 'right', 'now', 'i ll', 'take', 'any', 'green', 'and', 'a', 'win', 'i', 'can', 'get']",spy,5,0.9800962415220158,1.0322910884299512
"['ugh', 'fuck', 'this', 'im', 'done', 'with', 'you', 'amc', 'asshole', 'bears']",amc,6,0.9804639980940486,1.2460605736934778
"['just', 'lost', '', 'in', 'two', 'seconds', 'on', 'nio', 'im', 'never', 'trying', 'leverage', 'again', 'fuck']",nio,7,0.8357446548786569,1.136823829863567
"['hey', 'google', 'play', 'the', 'titanic', 'sinking', 'song']",goog,5,0.9993026492660375,1.045172175447214
"['nio', 'coming', 'back', 'up', 'hold', '']",nio,6,0.8357446548786569,1.136823829863567
"['f', 'in', 'the', 'chat', 'for', 'tesla', 'gang']",f,6,1.003364168267286,1.0465686813036978
"['f', 'in', 'the', 'chat', 'for', 'tesla', 'gang']",tsla,6,0.8877714320591518,1.066788637707014
"['tesla', 'you', 'were', 'better', 'without', 'the', 's p']",tsla,6,0.8877714320591518,1.066788637707014
"['jpow', 'will', 'save', 'us', 'at', '', 'right', 'right', '']",save,7,0.9900596852251712,1.0272931170798612
"['my', 'qqq', 'puts', 'are', 'printing', 'but', 'i', 'don t', 'feel', 'happy', 'about', 'it']",qqq,5,0.9627987971834953,1.02998904156944
"['siri', 'how', 'do', 'i', 'double', 'down', 'on', 'a', 'failing', 'position']",siri,7,0.9880545780925506,1.0442176329131585
"['gme', 'has', 'been is', 'the', 'play']",gme,5,1.1267666195734827,2.08
"['time', 'to', 'buy', 'some', 'dips', 'let s', 'go', 'amc', 'gme']",amc,6,0.9804639980940486,1.2460605736934778
"['time', 'to', 'buy', 'some', 'dips', 'let s', 'go', 'amc', 'gme']",gme,6,1.1267666195734827,2.08
"['just', 'saw', 'an', 'article', 'buy', 'these', 'dips', 'in', 'apple', 'microsoft', 'and', 'tech', 'before', 'its', 'gone', 'wheres', 'the', 'dip', 'its', 'been', 'going', 'down', 'consistently', 'every', 'day']",aapl,7,0.9799331077250976,1.0017248218285333
"['just', 'saw', 'an', 'article', 'buy', 'these', 'dips', 'in', 'apple', 'microsoft', 'and', 'tech', 'before', 'its', 'gone', 'wheres', 'the', 'dip', 'its', 'been', 'going', 'down', 'consistently', 'every', 'day']",msft,7,0.9792683291006861,1.045823420259612
"['breathe', 'guys', 'be', 'greedy', 'when', 'others', 'are', 'fearful', 'shop', 'for', 'value', 'and', 'if', 'you', 'are', 'cash', 'poor', 'don t', 'do', 'anything', 'reactionary', 'that', 'you', 'will', 'regret', 'stay', 'the', 'course']",shop,6,0.9161219531677248,0.9519300856736365
"['maybe', 'if', 'i', 'buy', 'vixx', 'it ll', 'turn', 'red', 'and', 'save', 'the', 'market']",save,6,0.9900596852251712,1.0272931170798612
"['so', 'amc', 'isn t', 'hitting', '', 'today']",amc,6,0.9804639980940486,1.2460605736934778
"['nio', 'is', 'getting', 'butt', 'raped', 'the', 'dip', 'won t', 'stop', 'dipping', '']",nio,5,0.8357446548786569,1.136823829863567
"['why', 'is', 'it', 'that', 'being', 'all', 'in', 'on', 'gme', 'is', 'actually', 'the', 'smartest', 'investment', 'strategy']",gme,5,1.1267666195734827,2.08
"['well', 'that', 'plug', 'double', 'down', 'really', 'didn t', 'pay', 'off', '', 'savage']",plug,6,0.8957027794184619,1.1337099897924519
"['why', 'is', 'spy', 'beign', 'a', 'big', 'gay']",spy,8,0.9800962415220158,1.0322910884299512
