"['things', 'will', 'improve', 'when', 'palantir', 'announces', 'their', 'electric', 'vehicle', 'line']",pltr,26,0.8231772223198627,1.0539523598393903
"['gme', 'short', 'squeeze', 'started', 'on', 'the', 'ugandan', 'stock', 'exchange', 'melvin', 'capital', 'covered', 'for', '', 'goats', 'and', 'an', 'ak']",gme,24,0.8094791380717269,0.931052659687243
"['trading', 'has', 'definitely', 'caused', 'a', 'downtrend', 'in', 'my', 'impulsive', 'amazon', 'purchases']",amzn,20,0.9976925118386036,0.9733027373614297
"['lotto', 'plays', 'i', 'took', 'yesterday', 'played', 'out', 'perfectly', '', '', 'butterfly', 'tsla', '', 'weeklys', '', 'dec', '', '', 'put', '', '', '', 'butterfly', 'amzn', '', 'weeklys', '', 'dec', '', '', 'put', '', '', 'bot', '', 'butterfly', 'tsla', '', 'weeklys', '', 'dec', '', '', 'call', '', 'risked', '', 'to', 'make', '', 'was', 'really', 'annoyed', 'because', 'tos', 'closed', 'my', 'positions', 'even', 'though', 'i', 'told', 'them', 'i', 'was', 'managing', 'them', 'and', 'would', 'close', 'them', 'myself', 'had', 'they', 'waited', 'another', '', 'minutes', 'until', 'tsla', 'dipped', 'between', 'my', 'short', 'strikes', 'of', '', 'i', 'would ve', 'made', 'another', 'k', 'but', 'can t', 'be', 'greedy', 'made', '', 'while', 'doing', 'heavy', 'deadlifts', 'in', 'my', 'garage']",amzn,14,0.9976925118386036,0.9733027373614297
"['where', 'that', 'dude', 'that', 'said', 'if', 'spy', 'closed', 'above', '', 'by', 'this', 'time', 'he', 'will', 'get', 'a', 'tattoo', 'on', 'his', 'ass', 'saying', 'don t', 'fight', 'the', 'fed', 'i m', 'gonna', 'need', 'to', 'see', 'some', 'booty', 'ink', 'asap']",spy,15,0.9920644306797637,1.0158535883040214
"['biden', 'going', 'to', 'give', 'out', 'reparations', 'in', 'the', 'form', 'of', 'aapl', 'stock']",aapl,12,0.9658183669218873,0.9889903006437986
"['my', '', 'year', 'old', 'brother', 'now', 'knows', 'of', 'nio', 'because', 'he', 'found', 'them', 'through', 'a', 'tik', 'tok', 'video', 'that', 'said', 'they', 'are', 'the', 'best', 'stock', 'to', 'buy', 'in', 'january', 'the', 'top', 'is', 'in', 'go', '', 'and', 'buy', 'puts']",nio,13,1.1461325000449558,1.150781197089237
"['early', 'voting', 'allows', 'democrats', 'to', 'take', 'the', 'senate', '', 'months', 'of', '', 'survival', 'checks', 'spy', 'to', '', 'eoy']",spy,11,0.9920644306797637,1.0158535883040214
"['why', 'would', 'i', 'ever', 'use', 'my', 'savings', 'account', 'which', 'earns', '', 'interest year', 'again', 'when', 'i', 'can', 'just', 'buy', 'spy', 'shares']",spy,11,0.9920644306797637,1.0158535883040214
"['can t', 'wait', 'to', 'watch', 'nio', 'dominate', '']",nio,10,1.1461325000449558,1.150781197089237
"['cant', 'wait', 'for', 'nio', 'day', 'this', 'year', 'nio', 'should', 'get', 'to', '', 'i', 'mean', 'china', 'is', 'the', 'only', 'economy', 'currently', 'fully', 'functioning']",nio,11,1.1461325000449558,1.150781197089237
"['thank', 'god', 'i m', 'by', 'myself', 'in', 'this', 'thread', 'now', 'i', 'can', 'jerk', 'to', 'my', 'zm', '', 'average', 'shares', 'in', 'private']",zm,39,0.9718682962152847,1.027056379612859
"['nio', 'gonna', 'have', 'a', '', 'day', 'on', 'monday', 'trust', 'me', 'i m', 'retarded']",nio,10,1.1461325000449558,1.150781197089237
"['my', 'dudes', 'lululemon', 'shorts', 'and', 'underwear', 'is', 'worth', 'it']",lulu,10,1.0034066033580935,1.0392128344777896
"['we re', 'in', 'a', 'bubble we re', 'in', 'a', 'bubble', 'no it s', '', 'and', 'you', 'can', 'trade', 'stocks', 'from', 'a', 'magic', 'portable', 'computer', 'boomer', 'nio', '', 'pm', 'monday']",nio,11,1.1461325000449558,1.150781197089237
"['what s', 'your', 'new', 'year s', 'resolution', 'mine', 'is', 'for', 'gme', 'to', 'reach', '', 'a', 'share']",gme,10,0.8094791380717269,0.931052659687243
"['my', 'new', 'year s', 'resolution', 'is', 'to', 'set', 'up', 'a', 'long', 'term', 'account', 'that', 'i', 'will', 'never', 'touch', 'and', 'only', 'add', 'to', 'currently', 'planning', 'on', 'buying', 'a', 'bunch', 'of', 'ark', 'k g etc', 'psth', 'amd', 'and', 'looking', 'for', 'some', 'other', 'long', 'term', 'high', 'growth', 'stonks']",amd,10,0.9932207333331636,1.0268157768356974
"['i', 'am', 'loaded', 'to', 'the', 'tits', 'with', 'icln', 'c', '', 'shit', 'better', 'party', 'hardy', 'under', 'big', 'joe']",icln,9,1.0001576861864852,1.1406948811669955
"['i', 'need', 'baba', 'to', 'moon', 'next', 'week', 'thanks', 'this', 'has', 'been', 'my', 'ted', 'talk']",baba,9,1.0505809709227487,1.0427814677324778
"['all', 'in', 'on', 'apple', 'calls']",aapl,8,0.9658183669218873,0.9889903006437986
"['i', 'just', 'rubbed', 'the', 'bulls', 'balls', 'and', 'whispered', 'palantir', 'into', 'its', 'ear']",pltr,16,0.8231772223198627,1.0539523598393903
"['rememeber', 'when', 'bb', 'was', 'the', 'future', 'and', 'was', 'almost', 'a', 'fully', 'flesged', 'meme', 'stonk', 'rememeber', 'when', 'i', 'bought', '', 'shares', 'at', '', 'buy', 'high', 'sell', 'low', 'this', 'is', 'the', 'way']",bb,8,0.9267605650829337,1.1283582325368349
"['apparently', 'the', 'chinese', 'tesla', 'site', 'went', 'down', 'due', 'to', 'traffic', 'and', 'k', 'reservations', 'made', 'after', 'they', 'announced', '', 'price', 'cut', 'for', 'made', 'in', 'china', 'models', 'over', 'there', 'bullish']",tsla,9,1.081926152266927,1.2231673653226225
"['the', 'bears', 'are', 'crying', 'on', 'twtr', 'over', 'yellen', 'speaking', 'fees', 'from', 'wall', 'st', 'get', 'ready', 'for', 'the', 'biggest', 'bull', 'run', 'of', 'all', 'time', 'baby']",twtr,7,0.9914545232599432,0.9447604690124289
"['dis', 'and', 'sq', 'calls']",dis,9,1.0109814661495378,0.9804126403323479
"['dis', 'and', 'sq', 'calls']",sq,9,0.951717010995153,1.0851929357829875
"['ive', 'decided', 'im', 'putting', '', 'of', 'my', 'portfolio', 'in', 'the', 'arks', 'and', 'icln', 'and', '', 'in', 'stocks', 'i', 'pick', 'we', 'will', 'see', 'how', 'it', 'ends', 'up']",icln,7,1.0001576861864852,1.1406948811669955
"['what s', 'the', 'gayest', 'thing', 'you ve', 'ever', 'done', 'i ll', 'go', 'first', '', 'spy', 'p', '']",spy,15,0.9920644306797637,1.0158535883040214
"['spy', 'really', 'gonna', 'open', 'at', '', 'on', 'monday', 'isn t', 'it', '']",spy,7,0.9920644306797637,1.0158535883040214
"['amzn', 'to', 'partner', 'with', 'pltr', 'to', 'wash', 'their', 'employees', 'dirty', 'buttholes']",amzn,7,0.9976925118386036,0.9733027373614297
"['damn', 'tsla', 'just', 'announced', 'that', 'they', 'lowered', 'the', 'mode', 'y', 'price', 'by', '', 'in', 'china', 'bad', 'for', 'nio', 'and', 'xpev']",nio,7,1.1461325000449558,1.150781197089237
"['damn', 'tsla', 'just', 'announced', 'that', 'they', 'lowered', 'the', 'mode', 'y', 'price', 'by', '', 'in', 'china', 'bad', 'for', 'nio', 'and', 'xpev']",xpev,7,1.0552763222777402,0.996710576399103
"['tesla', 'in', 'china', 'is', 'now', 'priced', 'the', 'same', 'as', 'nio xpev', 'papa', 'musk', 'taking', 'over', 'china']",tsla,7,1.081926152266927,1.2231673653226225
"['lol', 'woke', 'up', 'hungover', 'this', 'morning', 'to', 'a', 'bunch', 'of', 'messages', 'from', 'my', 'bank', 'about', 'fraudulent', 'purchases', 'on', 'my', 'card', 'at', 'gamestop', 'and', 'grubhub', '']",gme,6,0.8094791380717269,0.931052659687243
"['buying', 'nio', '', 'puts', 'at', 'nio s', 'top', 'on', 'friday', 'we', 'all', 'know', 'there', 'are', 'post', 'announcement', 'dips', 'after', 'the', 'hype', 'high', 'thank', 'me', 'in', '', 'weeks']",nio,7,1.1461325000449558,1.150781197089237
"['trying', 'to', 'find', 'bargains', 'in', 'this', 'market', 'isn t', 'easy', 'i', 'do', 'like', 'crm', '', 'cvs', 'and', 'have', 'been', 'adding', 'to', 'my', 'position', 'on', 'dips', 'both', 'imo', 'have', 'room', 'to', 'upside', 'and', 'we re', 'sold', 'off', 'unwarrantedly']",cvs,6,1.0256447371438564,1.0899825191129158
"['i', 'love', 'you', 'tesla', '']",tsla,6,1.081926152266927,1.2231673653226225
"['bought', '', 'spy', 'calls', 'at', 'open', 'yesterday', '']",spy,5,0.9920644306797637,1.0158535883040214
"['aapl', '', 'end', 'of', 'this', 'year', 'buy', 'the', 'dips']",aapl,5,0.9658183669218873,0.9889903006437986
"['technology', 'is', 'pretty', 'nifty', 'airplay', 'some', 'nflx', 'from', 'my', 'aapl', 'to', 'my', 'sne', 'because', 'i m', 'too', 'lazy', 'to', 'reach', 'the', 'remote', 'calls', 'on', 'technology']",nflx,5,1.0124508505837655,0.9469387641864274
"['technology', 'is', 'pretty', 'nifty', 'airplay', 'some', 'nflx', 'from', 'my', 'aapl', 'to', 'my', 'sne', 'because', 'i m', 'too', 'lazy', 'to', 'reach', 'the', 'remote', 'calls', 'on', 'technology']",aapl,5,0.9658183669218873,0.9889903006437986
"['i', 'just', 'applied', 'to', 'a', 'job', 'a', 'tesla', 'lemme', 'get', 'that', 'espp']",tsla,5,1.081926152266927,1.2231673653226225
"['every', 'fucken', 'year', 'there', 'are', 'always', 'stocks', 'that', 'either', 'double', 'or', 'return', '', 'and', 'are', 'right', 'in', 'front', 'of', 'us', 'and', 'super', 'obvious', 'which', 'one', 'will', 'that', 'be', 'this', 'time', '', 'i', 'say', 'arkg', 'and', 'fuck', 'even', 'tesla', 'dude', '', 'fastly', 'and', 'tattoed', 'chef', 'i', 'have', 'leaps', 'for', '', '']",tsla,11,1.081926152266927,1.2231673653226225
"['my', 'broker', 'gives', 'me', 'access', 'to', 'shares', 'from', 'around', 'the', 'world', 'and', 'apparently', 'the', 'b', 'f', 't', 'stock', 'i', 'bought', 'is', 'some', 'fucking', 'polish', 'loyalty', 'card', 'and', 'not', 'the', 'spac', 'thats', 'not', 'even', 'retarded', 'the', 'retarded', 'part', 'is', 'me', 'not', 'realizing', 'it', 'since', 'monday']",f,11,0.9551569938218584,1.0215663531593302
"['will', 'women', 'want', 'to', 'date', 'me', 'if', 'i', 'put', 'all', 'my', 'money', 'in', 'gme', 'calls', '']",gme,11,0.8094791380717269,0.931052659687243
"['my', 'vaccine', 'is', 'zinc', 'vitamin', 'd', 'and', 'cum', 'sorry', 'pfizer', 'and', 'moderna']",pfe,10,0.9852785490683788,1.0070518023475834
"['my', 'vaccine', 'is', 'zinc', 'vitamin', 'd', 'and', 'cum', 'sorry', 'pfizer', 'and', 'moderna']",mrna,10,0.9307730965077089,1.0514780982025351
"['itt', 'intel', 'bag', 'holders', 'pumping', '', 'by', 'end', 'of', 'quarter', '']",intc,6,1.0525535136079596,1.0352777073983428
"['last', 'time', 'i', 'checked', 'it', 'wasn t', 'chinese', 'new', 'year', 'so', 'why', 'is', 'baba', 'not', 'trading', '']",baba,5,1.0505809709227487,1.0427814677324778
"['baba', 'better', 'fucking', 'run', 'next', 'week', 'or', 'i m', 'going', 'to', 'be', 'very', 'upset', 'with', 'you', 'retards']",baba,5,1.0505809709227487,1.0427814677324778
"['im', 'getting', 'a', 'bad', 'feeling', 'about', 'my', '', 'c', 'baba', 'my', 'intuition', 'generally', 'lets', 'me', 'know', 'how', 'fucked', 'i', 'am', 'and', 'my', 'autism', 'doesnt', 'allow', 'me', 'to', 'exit', 'trades', 'just', 'average', 'down', 'until', 'i', 'cant', 'sleep']",baba,5,1.0505809709227487,1.0427814677324778
"['nio', '', 'by', 'nio', 'day', '']",nio,6,1.1461325000449558,1.150781197089237
"['virgin', 'first', 'flew', 'back', 'in', '', 'winning', 'the', 'x', 'prize', 'and', 'have', 'yet', 'to', 'reach', 'orbit', 'puts', 'on', 'spce']",spce,5,0.8872323860800296,1.052587657638868
"['might', 'buy', 'puts', 'on', 'nflx', 'now', 'that', 'they ve', 'officially', 'lost', 'the', 'office']",nflx,4,1.0124508505837655,0.9469387641864274
"['tesla', 'china made', 'model', 'y', 'surpassed', 'k', 'orders', 'within', 'hrs', 'of', 'new', 'pricing', 'tsla']",tsla,5,1.081926152266927,1.2231673653226225
"['i', 'told', 'my', 'mom', 'i', 'wanted', 'to', 'use', 'my', 'profits', 'to', 'start', 'a', 'business', 'and', 'she', 'asked', 'me', 'if', 'i', 'was', 'going', 'to', 'source', 'cheap', 'later', 'from', 'the', 'third', 'world', 'to', 'save', 'money']",save,5,0.923878217619317,0.9878788187046244
"['i', 'had', 'a', 'nightmare', 'snap', 'went', 'down', 'by', 'like', '', 'in', 'one', 'day', 'last', 'week', 'why', 'i', 'don t', 'know', 'i', 'only', 'own', 'one', 'share', 'i', 'got', 'for', 'free', 'when', 'i', 'opened', 'an', 'account']",snap,4,0.9767579221087965,1.0454004951997509
"['rip', 'adbe', 'flash', 'player', '', '']",adbe,5,0.9599098324777394,0.9696182649203999
"['baba', 'posts', 'volume', 'too', 'low', 'imo']",baba,5,1.0505809709227487,1.0427814677324778
"['when', 'i', 'used', 'to', 'work', 'in', 'finance', 'my', 'friend', 'and', 'i', 'used', 'to', 'jump', 'around', 'and', 'look', 'into', 'random', 'boomer', 'accounts', 'on', 'down', 'days', 'for', 'fun', 'lot', 'of', 'them', 'were', 'in', 'the', 'millions', 'and', 'held', 'lot', 'of', 'typical', 'boomer', 'stocks bonds', 'but', 'there', 'was', 'this', 'one', 'particular', 'account', 'that', 'caught', 'our', 'eye', 'because', 'he', 'only', 'had', 'two', 'holdings', 'with', 'one', 'being', 'amzn', 'he', 'held', '', 'or', 'some', 'shares', 'with', 'like', 'a', '', 'average', 'per', 'cost', 'when', 'we', 'checked', 'his', 'history', 'man', 'legit', 'opened', 'the', 'account', 'a', 'month', 'or', 'two', 'before', 'the', 'ipo', 'and', 'bought', '', 'shares', 'and', 'diamond', 'handed or', 'forgot', 'i', 'don t', 'work', 'there', 'anymore', 'but', 'i', 'always', 'wonder', 'on', 'random', 'days', 'if', 'the', 'guy', 'ever', 'checked', 'his', 'account', 'or', 'is', 'even', 'alive', 'probably', 'will', 'give', 'it', 'to', 'his', 'son', 'with', 'a', 'step', 'up', 'rule', 'if', 'i', 'was', 'him']",amzn,14,0.9976925118386036,0.9733027373614297
"['my', 'new', 'year s', 'resolution', 'is', 'to', 'listen', 'to', 'tesla', 'while', 'driving', 'a', 'tesla']",tsla,10,1.081926152266927,1.2231673653226225
"['honorable', 'mention', 'to', 'tsla', 'pltr', 'gme', 'and', 'spy', 'for', '', 'i', 'know', 'some', 'of', 'you', 'guys', 'are', 'bag', 'holding', 'pltr', 'right', 'now', 'but', 'it', 'did', 'a', 'have', 'a', 'great', 'run', 'right', 'after', 'earnings']",gme,9,0.8094791380717269,0.931052659687243
"['honorable', 'mention', 'to', 'tsla', 'pltr', 'gme', 'and', 'spy', 'for', '', 'i', 'know', 'some', 'of', 'you', 'guys', 'are', 'bag', 'holding', 'pltr', 'right', 'now', 'but', 'it', 'did', 'a', 'have', 'a', 'great', 'run', 'right', 'after', 'earnings']",spy,9,0.9920644306797637,1.0158535883040214
"['why', 'are', 'people', 'still', 'pushing', 'palantir', 'the', 'pump', 'is', 'over', 'it', 'my', 'be', 'a', 'good', 'long', 'term', 'play', 'but', 'you', 'guys', 'need', 'to', 'stop', 'forcing', 'this', 'meme']",pltr,16,0.8231772223198627,1.0539523598393903
"['fuck', 'i', 'hate', 'my', 'family', 'goddamn', 'ignorant', 'dipshits', 'telling', 'a', 'fucking', 'contractor engineer teacher', 'i', 'don t', 'know', 'anything', 'add', 'that', 'to', 'my', 'hip', 'aching', 'in', 'an', 'odd', 'way', 'i ve', 'never', 'experienced', 'before', 'and', '', 'is', 'already', 'off', 'to', 'a', 'specfuckingtacular', 'start', 'calls', 'on', 'aapl']",aapl,8,0.9658183669218873,0.9889903006437986
"['well', 'boys', 'i ve', 'got', 'one', 'of', 'the', 'good', 'hangovers', 'and', 'my', 'vape', 'pen', 'tell', 'me', 'some', 'good', 'movies', 'to', 'watch', 'on', 'netflix', 'tsla', '', '']",nflx,5,1.0124508505837655,0.9469387641864274
"['robin', 'hood', 'won t', 'sent', 'shit', 'until', 'march', 'then', 're', 'correct', 'it', 'and', 'send', 'a', '', 'revised', 'in', 'february', 'so', 'save', 'up', 'for', 'that', 'bull']",save,4,0.923878217619317,0.9878788187046244
"['i', 'just', 'opened', 'up', 'a', 'roth', 'ira', 'for', 'the', 'first', 'time', 'what s', 'a', 'good', 'etf', 'for', 'the', 'long', 'term', 'i', 'was', 'thinking', 'about', 'icln', 'maybe', 'qqqj']",icln,5,1.0001576861864852,1.1406948811669955
"['what', 'does', 'spy', 'open', 'at', 'on', 'monday', '', 'or', '']",spy,4,0.9920644306797637,1.0158535883040214
"['stimmy', 'check', '', 'moar', 'gme', 'shares', '']",gme,3,0.8094791380717269,0.931052659687243
"['are', 'nio', 'production', 'number', 'coming', 'out', 'monday', '']",nio,4,1.1461325000449558,1.150781197089237
"['saw', 'a', 'random', 'video', 'that', 'tesla', 'wants', 'to', 'create', 'home', 'hvac', 'systems']",tsla,4,1.081926152266927,1.2231673653226225
"['pepsico', 'and', 'ge', 'owned', 'some', 'weird', 'shit', 'in', 'the', 'past']",ge,3,0.9785046840225443,1.0413223158140683
"['jan', 'th', 'alex', 'karp', 'has', 'a', 'palantir', 'covid', 'special', 'event', 'with', 'washington', 'post', 'columnist', 'david', 'ignatius', 'at', 'the', 'outset', 'of', 'the', 'coronavirus', 'pandemic', 'u s', 'data', 'analytics', 'company', 'palantir', 'technologies', 'was', 'tapped', 'by', 'over', 'a', 'dozen', 'governments', 'around', 'the', 'world', 'including', 'the', 'u s', 'government', 'to', 'use', 'its', 'software', 'to', 'manage', 'the', 'data', 'about', 'the', 'spread', 'of', 'covid', 'analyze', 'trends', 'and', 'anticipate', 'various', 'needs', 'across', 'the', 'supply', 'chain', 'alexander', 'karp', 'is', 'ceo', 'and', 'one', 'of', 'several', 'co founders', 'of', 'palantir', 'on', 'thursday', 'jan', '', 'at', '', 'a m', 'et', 'karp', 'will', 'join', 'washington', 'post', 'columnist', 'david', 'ignatius', 'to', 'talk', 'about', 'the', 'challenges', 'faced', 'by', 'governments', 'around', 'the', 'world', 'in', 'relying', 'on', 'technology', 'and', 'software', 'to', 'respond', 'to', 'the', 'pandemic', 'register', 'at', 'https karp splashthat com https karp splashthat com', 'x b', 'jan', 'th', 'palantir s', 'first', 'ever', 'demo', 'day', 'join', 'us', 'to', 'see', 'our', 'platforms', 'in', 'action', 'and', 'hear', 'about', 'our', 'product', 'development', 'roadmap', 'register', 'at', 'https palantir events livedemoday https palantir events livedemoday']",pltr,9,0.8231772223198627,1.0539523598393903
"['it', 'may', 'be', 'a', 'new', 'year', 'but', 'icln', 'leaps', 'are', 'still', 'free', 'money']",icln,7,1.0001576861864852,1.1406948811669955
"['if', 'we', 'could', 'collectively', 'pump', 'pltr', 'ostk', 'fubo', 'and', 'tsla', 'on', 'monday', 'that d', 'be', 'great']",fubo,7,0.608739325888766,0.9674105529149057
"['just', 'woke', 'up', 'and', 'my', 'account', 'is', '', 'bigger', 'my', 'dick', 'got', 'a', 'bit', 'hard', 'because', 'i', 'know', 'where', 'i m', 'putting', 'it', 'all', 'gme']",gme,8,0.8094791380717269,0.931052659687243
"['flying', 'down', 'the', 'freeway', 'right', 'now', 'about', '', 'cops', 'behind', 'me', 'and', 'im', 'running', 'out', 'of', 'gas', 'and', 'i', 'couldnt', 'care', 'less', 'because', 'i', 'have', 'icln', 'leaps', '']",icln,9,1.0001576861864852,1.1406948811669955
"['as', 'a', 'rule', 'if', 'i m', 'bullish', 'on', 'a', 'sector', 'like', 'ev', 'i', 'go', 'with', 'the', 'best', '', 'pure', 'play', '', 'visionary', 'pioneer', 'of', 'that', 'sector', 'and', 'not', 'companies', 'riding', 'their', 'coattails', 'see', 'nkla', 'qs', 'xpev', 'etc', 'when', 'the', 'china', 'ev', 'stocks', 'were', 'skyrocketing', 'in', 'november', 'and', 'tsla', 'was', 'just', 'going', 'down', '', 'remaining', 'flat', 'i', 'thought', 'to', 'myself', 'this', 'isn t', 'right', 'and', 'bought', 'a', 'fuck', 'ton', 'on', 'c', 'and', 'c', 'options', 'on', 'tsla', 'expiring', 'in', 'jan', 'in', 'hindsight', 'this', 'proved', 'to', 'be', 'the', 'right', 'move']",nkla,6,1.1626898056697215,1.1451612903225807
"['as', 'a', 'rule', 'if', 'i m', 'bullish', 'on', 'a', 'sector', 'like', 'ev', 'i', 'go', 'with', 'the', 'best', '', 'pure', 'play', '', 'visionary', 'pioneer', 'of', 'that', 'sector', 'and', 'not', 'companies', 'riding', 'their', 'coattails', 'see', 'nkla', 'qs', 'xpev', 'etc', 'when', 'the', 'china', 'ev', 'stocks', 'were', 'skyrocketing', 'in', 'november', 'and', 'tsla', 'was', 'just', 'going', 'down', '', 'remaining', 'flat', 'i', 'thought', 'to', 'myself', 'this', 'isn t', 'right', 'and', 'bought', 'a', 'fuck', 'ton', 'on', 'c', 'and', 'c', 'options', 'on', 'tsla', 'expiring', 'in', 'jan', 'in', 'hindsight', 'this', 'proved', 'to', 'be', 'the', 'right', 'move']",xpev,6,1.0552763222777402,0.996710576399103
"['tesla', 'bullish', 'close', 'into', '', 'mic', 'model', 'y', 'news', 'dropping', 'bullish', 'also', 'stimi', 'checks', 'depositing', 'bullish', '', 'end', 'of', 'jan', '']",tsla,3,1.081926152266927,1.2231673653226225
"['itt', 'at', 'am', 'clowns', 'pumping', 'intel', 'itt', 'at', 'am', 'everyone', 'is', 'apparently', 'a', 'sheep', 'priorities']",intc,3,1.0525535136079596,1.0352777073983428
"['can', 'we', 'talk', 'about', 'what', 'happened', 'to', 'fubo', 'i', 'took', 'profits', 'just', 'before', 'the', 'rocket', 'so', 'i m', 'a', 'little', 'salty', 'as', 'fuck', 'but', 'what', 'actually', 'caused', 'that', 'price', 'action', 'okay', 'they re', 'the', 'future', 'and', 'intersection', 'of', 'multiple', 'growth', 'catagories', 'but', 'then', 'we re', 'back', 'at', '', 'why', 'was', 'it', 'the', 'next', 'netflix', 'for', 'a', 'week']",fubo,3,0.608739325888766,0.9674105529149057
"['can', 'we', 'talk', 'about', 'what', 'happened', 'to', 'fubo', 'i', 'took', 'profits', 'just', 'before', 'the', 'rocket', 'so', 'i m', 'a', 'little', 'salty', 'as', 'fuck', 'but', 'what', 'actually', 'caused', 'that', 'price', 'action', 'okay', 'they re', 'the', 'future', 'and', 'intersection', 'of', 'multiple', 'growth', 'catagories', 'but', 'then', 'we re', 'back', 'at', '', 'why', 'was', 'it', 'the', 'next', 'netflix', 'for', 'a', 'week']",nflx,3,1.0124508505837655,0.9469387641864274
"['alright', 'market', 'makers', 'if', 'u', 'open', 'down', 'on', 'monday', 'ill', 'put', 'my', 'whole', 'stimmy', 'check', 'on', '', 'spy', 'calls']",spy,3,0.9920644306797637,1.0158535883040214
"['i', 'cant', 'wait', 'for', 'the', 'market', 'to', 'open', 'so', 'i', 'can', 'yolo', 'my', 'life', 'savings', 'into', 'crsr', 'icln', 'and', 'pltr']",icln,3,1.0001576861864852,1.1406948811669955
"['tesla', 'turns', '', 'in', '', 'you', 'guys', 'know', 'what', 'that', 'means']",tsla,3,1.081926152266927,1.2231673653226225
"['i', 'truly', 'think', 'if', 'u', 'just', 'gamble', 'with', 'spy', 'and', 'tesla', 'all', 'year', 'long', 'you', 'can t', 'lose', 'shit', 'he', 'that', 'simple', 'now', 'a', 'days', 'the', 'hype', 'train', 'is', 'far', 'from', 'over']",spy,3,0.9920644306797637,1.0158535883040214
"['i', 'truly', 'think', 'if', 'u', 'just', 'gamble', 'with', 'spy', 'and', 'tesla', 'all', 'year', 'long', 'you', 'can t', 'lose', 'shit', 'he', 'that', 'simple', 'now', 'a', 'days', 'the', 'hype', 'train', 'is', 'far', 'from', 'over']",tsla,3,1.081926152266927,1.2231673653226225
"['just', 'got', 'my', 'stimmy', 'spy', 'weeklies', 'it', 'is', 'edit', 'c', '']",spy,3,0.9920644306797637,1.0158535883040214
"['anyone', 'have', 'the', 'screenshot', 'or', 'link', 'to', 'the', 'original', 'pleas', 'fly', 'again', 'tweet', 'can t', 'seem', 'to', 'find', 'it', 'here', 'or', 'on', 'google']",goog,3,0.9866438959025029,1.0282610471289717
"['amazon', 'earnings', 'run', 'up']",amzn,3,0.9976925118386036,0.9733027373614297
"['don t', 'know', 'many', 'people', 'irl', 'that', 'actually', 'trade', 'options', 'buddy', 'of', 'mine', 'the', 'other', 'day', 'said', 'he', 'did', 'showed', 'me', 'his', 'rh', 'and', 'he s', 'gone', 'from', 'k', 'to', 'k', 'all', 'he', 'has', 'are', 'way', 'otm', 'monthlies', 'on', 'like', 'ba', 'and', 'shit', 'lol']",ba,3,0.9290984873385411,0.9995237804594495
"['realistically', 'what', 'is', 'nio', 'going', 'to', 'run', 'up', 'to', 'this', 'week', 'can', 'we', 'expect', '', 'or', 'higher']",nio,3,1.1461325000449558,1.150781197089237
"['honest', 'expectations', 'for', 'spy', 'end', 'of', 'year', '', 'i m', 'going', 'with', 'up', '', 'but', 'hoping', 'for', 'much', 'better']",spy,3,0.9920644306797637,1.0158535883040214
"['i', 'need', 'two', 'stocks', 'for', 'the', 'coming', 'year', '', 'cash', 'out', 'at', 'the', 'earliest', 'i m', 'thinking', 'aapl', 'and', 'sq', 'thoughts']",aapl,3,0.9658183669218873,0.9889903006437986
"['i', 'need', 'two', 'stocks', 'for', 'the', 'coming', 'year', '', 'cash', 'out', 'at', 'the', 'earliest', 'i m', 'thinking', 'aapl', 'and', 'sq', 'thoughts']",sq,3,0.951717010995153,1.0851929357829875
"['i m', 'a', 'bot', 'recent', 'empty', 'self', 'posts', 'noob', 'questions', 'and', 'spam', 'which', 'people', 'were', 'temp banned', 'for', 'bans', 'are', '', 'days', 'to', 'discourage', 'posts', 'that', 'ought', 'to', 'be', 'comments', 'user post', 'title', '', 'u prfarmer i m', 'new https redd it kofajv', 'u khdo what', 'y all', 'think', 'about', 'zm', 'call https redd it kofppd', 'u turbomattk psa', 'to', 'all', 'you', '', 'and', '', 'autists', 'the', 'stimmy', 'checks', 'are', 'depositing', 'today', 'time', 'to', 'reload', 'and', 'double', 'down', 'on', 'your', 'bad', 'positions', 'from', 'last', 'year https redd it kofx w', 'u intis tips', 'for', 'a', 'retard', 'noob https redd it kofxul', 'u master jeriah very', 'shortly', 'i', 'will', 'be', 'coming', 'into', 'about', '', 'cad', 'what', 'stocks', 'can', 'i', 'invest', 'in', 'for', '', 'that', 'have', 'a', 'good', 'chance', 'of', 'going', '', '', 'x https redd it kogdw', 'u apacheguru i d', 'like', 'a', 'moment', 'of', 'silence', 'for', 'all', 'tesla', 'bears https redd it kogqxw', 'u chunkylover dd', '', 'anyone', 'got', 'information', 'about', 'where', 'to', 'get', 'the', 'best', 'dd https redd it koh w', 'u sonunforseenbyfrodo best', 'steel', 'and', 'aluminum', 'stocks', 'for', 'the', 'new', 'year https redd it kohdgc', 'u mripo january', 'https redd it kohrbd', 'u gilddigger looking', 'to', 'buy', 'a', 'cheap', 'stock', 'in', 'bulk', 'with', 'that', '', 'stimmy', 'so', 'i', 'can', 'have', 'the', 'chance', 'to', 'go', 'full', 'retard', 'when', 'it', 'hits', 'the', 'moon', 'what', 'should', 'i', 'buy', 'y all https redd it kohtbg']",zm,3,0.9718682962152847,1.027056379612859
"['i m', 'a', 'bot', 'recent', 'empty', 'self', 'posts', 'noob', 'questions', 'and', 'spam', 'which', 'people', 'were', 'temp banned', 'for', 'bans', 'are', '', 'days', 'to', 'discourage', 'posts', 'that', 'ought', 'to', 'be', 'comments', 'user post', 'title', '', 'u prfarmer i m', 'new https redd it kofajv', 'u khdo what', 'y all', 'think', 'about', 'zm', 'call https redd it kofppd', 'u turbomattk psa', 'to', 'all', 'you', '', 'and', '', 'autists', 'the', 'stimmy', 'checks', 'are', 'depositing', 'today', 'time', 'to', 'reload', 'and', 'double', 'down', 'on', 'your', 'bad', 'positions', 'from', 'last', 'year https redd it kofx w', 'u intis tips', 'for', 'a', 'retard', 'noob https redd it kofxul', 'u master jeriah very', 'shortly', 'i', 'will', 'be', 'coming', 'into', 'about', '', 'cad', 'what', 'stocks', 'can', 'i', 'invest', 'in', 'for', '', 'that', 'have', 'a', 'good', 'chance', 'of', 'going', '', '', 'x https redd it kogdw', 'u apacheguru i d', 'like', 'a', 'moment', 'of', 'silence', 'for', 'all', 'tesla', 'bears https redd it kogqxw', 'u chunkylover dd', '', 'anyone', 'got', 'information', 'about', 'where', 'to', 'get', 'the', 'best', 'dd https redd it koh w', 'u sonunforseenbyfrodo best', 'steel', 'and', 'aluminum', 'stocks', 'for', 'the', 'new', 'year https redd it kohdgc', 'u mripo january', 'https redd it kohrbd', 'u gilddigger looking', 'to', 'buy', 'a', 'cheap', 'stock', 'in', 'bulk', 'with', 'that', '', 'stimmy', 'so', 'i', 'can', 'have', 'the', 'chance', 'to', 'go', 'full', 'retard', 'when', 'it', 'hits', 'the', 'moon', 'what', 'should', 'i', 'buy', 'y all https redd it kohtbg']",tsla,3,1.081926152266927,1.2231673653226225
"['not', 'sure', 'why', 'my', 'trading', 'algo', 'keeps', 'going', 'tits', 'up', '', 'print buy', 'more', 'palantir', 'calls']",pltr,3,0.8231772223198627,1.0539523598393903
"['what s', 'gonna', 'be', 'aapl', 'price', 'after', 'earnings']",aapl,3,0.9658183669218873,0.9889903006437986
"['i', 'feel', 'like', 'fubo', 'could', 'run', 'hard', 'this', 'month', 'but', 'idk']",fubo,3,0.608739325888766,0.9674105529149057
"['guys', 'just', 'saw', 'a', 'rainbow', 'on', 'the', 'first', 'day', 'of', 'the', 'year', 'what', 'does', 'this', 'means', 'i', 'thought', 'it', 'was', 'buy', 'more', 'gamestop', 'but', 'then', 'also', '', '', 'help']",gme,3,0.8094791380717269,0.931052659687243
"['i m', 'going', 'to', 'be', 'honest', 'i', 'hardly', 'ever', 'use', 'facebook', 'anymore', 'i', 'can t', 'last', 'beyond', '', 'minutes', 'until', 'i m', 'mentally', 'exhausted', 'i', 'am', 'willing', 'to', 'bet', 'there', 'are', 'a', 'lot', 'more', 'like', 'me', 'i', 'started', 'to', 'wonder', 'why', 'that', 'was', 'i', 'remember', 'you', 'used', 'to', 'earn', 'your', 'notifications', 'they', 'are', 'now', 'handed', 'out', 'like', 'candy', 'i ll', 'get', 'on', 'facebook', 'once', 'or', 'twice', 'a', 'day', 'and', 'each', 'time', 'i ll', 'have', '', 'notifications', 'that', 'is', 'a', 'death', 'wish', 'to', 'a', 'company', 'that', 'is', 'in', 'your', 'mind', 'the', 'moment', 'you', 'touch', 'that', 'annoying', 'nerve', 'you re', 'done', 'calls', 'on', 'snap', 'puts', 'on', 'fb']",fb,6,1.0007442591884328,0.9737608578240471
"['i m', 'going', 'to', 'be', 'honest', 'i', 'hardly', 'ever', 'use', 'facebook', 'anymore', 'i', 'can t', 'last', 'beyond', '', 'minutes', 'until', 'i m', 'mentally', 'exhausted', 'i', 'am', 'willing', 'to', 'bet', 'there', 'are', 'a', 'lot', 'more', 'like', 'me', 'i', 'started', 'to', 'wonder', 'why', 'that', 'was', 'i', 'remember', 'you', 'used', 'to', 'earn', 'your', 'notifications', 'they', 'are', 'now', 'handed', 'out', 'like', 'candy', 'i ll', 'get', 'on', 'facebook', 'once', 'or', 'twice', 'a', 'day', 'and', 'each', 'time', 'i ll', 'have', '', 'notifications', 'that', 'is', 'a', 'death', 'wish', 'to', 'a', 'company', 'that', 'is', 'in', 'your', 'mind', 'the', 'moment', 'you', 'touch', 'that', 'annoying', 'nerve', 'you re', 'done', 'calls', 'on', 'snap', 'puts', 'on', 'fb']",snap,6,0.9767579221087965,1.0454004951997509
"['maybe', 'bezos', 'will', 'split', 'his', 'stock', 'with', 'musk', 'creeping', 'on', 'his', '', 'spot']",spot,6,0.9387829061397465,1.1124376863904124
"['netflix', 'rallied', 'so', 'much', 'yesterday', 'due', 'to', 'the', 'office', 'being', 'removed', 'from', 'it', 'duh']",nflx,5,1.0124508505837655,0.9469387641864274
"['could', 'tesla', 'stock', 'holders', 'sue', 'elon', 'for', 'the', 'ip', 'in', 'spacex', 'and', 'the', 'boring', 'company', 'since', 'he', 'may', 'have', 'possibly', 'developed', 'them', 'while', 'working', 'at', 'tesla']",tsla,5,1.081926152266927,1.2231673653226225
"['does', 'anyone', 'got', 'the', 'feeling', 'gme', 'will', 'start', 'to', 'really', 'run', 'next', 'week', 'it', 'looks', 'like', 'all', 'the', 'stars', 'seem', 'to', 'be', 'lined', 'up', 'perfect textbook', 'cup', 'and', 'handle', 'starting', 'dec', '', 'rc', 'probably', 'will', 'release', 'another', 'd', 'next', 'week', 'leading', 'up', 'to', 'icr', 'their', 'request', 'to', 'be', 'categorized', 'under', 'tech', 'instead', 'of', 'consumer', 'probably', 'means', 'they', 'have', 'business', 'pivot', 'news', 'coming', 'and', 'another', 'curious', 'observation', 'is', 'that', 'before', 'the', '', 'and', '', 'console', 'spike', 'it', 'all', 'formed', 'base', 'and', 'started', 'mooning', 'around', '', 'and', '', 'we', 'are', 'at', '', 'now', 'which', 'seems', 'to', 'be', 'in', 'the', 'historical', 'range']",gme,4,0.8094791380717269,0.931052659687243
"['usually', 'i', 'wouldn t', 'post', 'stuff', 'like', 'this', 'in', 'here', 'but', 'markets', 'are', 'closed', 'for', 'a', 'few', 'days', 'and', 'i', 'know', 'this', 'applies', 'to', 'some', 'of', 'you', 'if', 'you re', 'an', 'aspiring', 'gym', 'bro', 'give', 'it', 'a', 'read', 'if', 'not', 'scroll', 'by', 'okay', 'boys', 'it s', 'the', 'new', 'year', 'and', 'i', 'know', 'some', 'of', 'you', 'idiots', 'are', 'drooling', 'thinking', 'over', 'the', 'absolutely', 'sick', '', 'pack', 'you re', 'going', 'to', 'have', 'next', 'summer', 'after', 'you', 'start', 'going', 'to', 'the', 'gym', 'you', 'know', 'because', 'you', 'signed', 'a', 'hypothetical', 'contract', 'between', 'your', 'smooth', 'brain', 'and', 'the', 'rotation', 'of', 'the', 'earth', 'or', 'whatever', 'here', 'are', 'some', 'tips', 'from', 'someone', 'who', 'has', 'been', 'working', 'out', 'for', '', 'years', 'and', 'has', 'a', 'subjectively', 'decent', 'physique', 'tip', '', 'use', 'your', 'stupid', 'money', 'brain', 'to', 'your', 'advantage', 'you', 'don t', 'have', 'to', 'get', 'addicted', 'to', 'the', 'gym', 'but', 'you', 'can', 'get', 'addicted', 'to', 'a', 'pre workout', 'you', 'take', 'before', 'the', 'gym', 'get', 'a', 'decent', 'tasting', 'pre workout', 'with', 'mg', 'of', 'caffeine', 'don t', 'go', 'too', 'crazy', 'or', 'you ll', 'end', 'up', 'sick', 'more', 'often', 'than', 'pumped', 'fuck', 'anyone', 'that', 'says', 'pre workout', 'is', 'shit', 'this', 'dose', 'of', 'caffeine', 'is', 'fine', 'to', 'take', 'and', 'a', 'little', 'bit', 'of', 'sucralose', 'isn t', 'going', 'to', 'kill', 'you', 'most', 'pres', 'have', 'beta', 'alanine', 'and', 'if', 'you', 'haven t', 'taken', 'it', 'before', 'you re', 'going', 'to', 'feel', 'like', 'a', 'crackhead', 'but', 'this', 'calms', 'down', 'and', 'personally', 'i', 'love', 'the', 'feeling', 'this', 'craving', 'of', 'a', 'quick', 'dopamine', 'spike', 'will', 'motivate', 'you', 'to', 'get', 'your', 'ass', 'off', 'the', 'couch', 'half', 'the', 'battle', 'is', 'getting', 'into', 'your', 'car', 'to', 'drive', 'there', 'tip', '', 'no', 'one', 'fucking', 'cares', 'how', 'much', 'weight', 'you', 'push', 'if', 'your', 'form', 'is', 'shit', 'start', 'with', 'low', 'weight', 'and', 'focus', 'on', 'good', 'form', 'i', 'know', 'you', 'think', 'the', 'chick', 'across', 'from', 'you', 'in', 'the', 'lulus', 'is', 'dripping', 'watching', 'you', 'snap', 'your', 'spine', 'deadlifting', '', 'but', 'she s', 'actually', 'going', 'gone', 'to', 'her', 'boyfriend', 'and', 'laughing', 'about', 'the', 'retard', 'she', 'saw', 'in', 'the', 'gym', 'punishing', 'every', 'collective', 'joint', 'in', 'his', 'body', 'in', 'one', 'swift', 'motion', 'no', 'one', 'is', 'looking', 'at', 'you', 'thinking', 'you re', 'a', 'pussy', 'for', 'deadlifting', '', 'actually', 'they', 'are', 'probably', 'mentally', 'congratulating', 'you', 'for', 'not', 'being', 'a', 'buffoon', 'like', 'half', 'the', 'new', 'year', 'guys', 'tip', '', 'no', 'one', 'will', 'tell', 'you', 'this', 'but', 'you', 'actually', 'burn', 'a', 'minimal', 'amount', 'of', 'calories', 'during', 'a', 'lifting', 'session', 'your', 'most', 'intense', 'workout', 'of', 'weight', 'training', 'will', 'probably', 'burn', 'less', 'than', '', 'calories', 'before', 'you', 'get', 'home', 'and', 'congratulate', 'yourself', 'with', 'a', 'pint', 'of', 'ice', 'cream', 'remember', 'that', 'you', 'will', 'be', 'gaining', 'back', 'those', 'calories', 'burned', 'and', 'some', 'you', 'will', 'still', 'build', 'muscle', 'but', 'you', 'will', 'put', 'on', 'fat', 'i m', 'not', 'going', 'to', 'make', 'this', 'any', 'longer', 'than', 'it', 'is', 'because', 'i', 'know', 'you', 'guys', 'have', 'trouble', 'with', 'the', 'whole', 'reading', 'thing', 'but', 'feel', 'free', 'to', 'ask', 'questions discuss', 'as', 'dumb', 'as', 'you', 'are', 'i', 'love', 'you', 'mother', 'fuckers', 'and', 'i', 'want', 'to', 'see', 'you', 'succeed']",snap,7,0.9767579221087965,1.0454004951997509
"['two', 'days', 'ago', 'went', 'to', 'panera', 'they', 'were', 'out', 'of', 'bread', 'and', 'offered', 'to', 'put', 'my', 'sandwich', 'on', 'a', 'bagel', 'so', 'i', 'went', 'to', 'panda', 'express', 'as', 'plan', 'b', 'and', 'they', 'were', 'out', 'of', 'their', 'shitty', 'rice', '', 'minute', 'wait', 'puts', 'on', 'food']",expr,4,0.8773585446749207,1.1182795202736224
"['dems', 'win', 'senate', 'bye', 'bye', 'trump', 'taxes', 'but', 'hello', 'spending', 'splurge', 'and', 'money', 'printers', 'so', 'i', 'guess', 'it', 'doesn t', 'matter', 'much', 'can', 'dems', 'subsidize', 'hydrogen', 'or', 'would', 'they', 'need', 'the', 'filibuster', 'plug', 'might', 'be', 'about', 'to', 'blow', 'up']",plug,6,0.860850925566853,1.5525404078202176
"['intc', '', 'c', 'literally', 'free', '']",intc,2,1.0525535136079596,1.0352777073983428
"['everyone', 'loaded', 'up', 'on', 'arkg', 'icln', 'nio', 'enph', 'arkk', 'and', 'gm', 'leaps', '']",icln,2,1.0001576861864852,1.1406948811669955
"['everyone', 'loaded', 'up', 'on', 'arkg', 'icln', 'nio', 'enph', 'arkk', 'and', 'gm', 'leaps', '']",nio,2,1.1461325000449558,1.150781197089237
"['everyone', 'loaded', 'up', 'on', 'arkg', 'icln', 'nio', 'enph', 'arkk', 'and', 'gm', 'leaps', '']",gm,2,0.9645237695603144,1.0264600855819814
"['so', 'i', 'have', 'a', 'ps', 'netflix', 'hbo', 'max', 'apple', 'and', 'hulu', 'and', 'i m', 'still', 'bored', 'af', 'this', 'sucks']",nflx,2,1.0124508505837655,0.9469387641864274
"['so', 'i', 'have', 'a', 'ps', 'netflix', 'hbo', 'max', 'apple', 'and', 'hulu', 'and', 'i m', 'still', 'bored', 'af', 'this', 'sucks']",aapl,2,0.9658183669218873,0.9889903006437986
"['huya', 'inc', 'seems', 'to', 'be', 'quite', 'discounted', 'at', 'this', 'price']",huya,2,1.105743494870993,1.0555555873765212
"['some', '', 'gifts', 'for', 'you', 'amazing', 'mo', 'dips', 'to', 'buy', 'crsr', 'bynd', 'bigc', 'good', 'luck', 'in', '']",bynd,2,0.9189639773642451,0.9385678832993084
"['i m', 'a', 'bot', 'recent', 'empty', 'self', 'posts', 'noob', 'questions', 'and', 'spam', 'which', 'people', 'were', 'temp banned', 'for', 'bans', 'are', '', 'days', 'to', 'discourage', 'posts', 'that', 'ought', 'to', 'be', 'comments', 'user post', 'title', '', 'u sg ban', 'on', 'trading', 'chinese', 'stocks', 'in', 'the', 'us https redd it koce j', 'u matt why', 'is', 'pltr', 'stock', 'dropping', 'in', 'price https redd it kockgh', 'u ripthemarket any', 'suggestion', 'of', 'a', 'safe', 'investment', 'to', 'park', 'your', 'money https redd it kod ni', 'u juiicemayne i', 'put', '', 'in', 'tesla', 'any', 'advice', 'for', 'a', 'noob', 'like', 'me', 'i', 'have', 'high', 'hopes', 'for', 'daddy', 'elon https redd it koddcp', 'u designwonk nyt', 'sums', 'up', 'our', 'year', 'a', 'lot', 'of', 'money https redd it kodneq', 'u jouanyu investing', 'in', '', 'in', 'a', 'nutshell', '', 'found', 'this', 'gem', 'kraut', 'yt https redd it kodo w', 'u lastaplays pltr', 'hype https redd it koe z', 'u upsideofdown one', 'trade', 'in', 'https redd it koe io', 'u classic which', 'nio', '', 'calls', 'who s', 'in https redd it koeaom', 'u quzox are', 'we', 'all', 'just', 'going', 'to', 'sit', 'here', 'and', 'pretend', 'bitcoins', 'are', 'not', 'a', 'thing https redd it koey g']",tsla,2,1.081926152266927,1.2231673653226225
"['i m', 'a', 'bot', 'recent', 'empty', 'self', 'posts', 'noob', 'questions', 'and', 'spam', 'which', 'people', 'were', 'temp banned', 'for', 'bans', 'are', '', 'days', 'to', 'discourage', 'posts', 'that', 'ought', 'to', 'be', 'comments', 'user post', 'title', '', 'u sg ban', 'on', 'trading', 'chinese', 'stocks', 'in', 'the', 'us https redd it koce j', 'u matt why', 'is', 'pltr', 'stock', 'dropping', 'in', 'price https redd it kockgh', 'u ripthemarket any', 'suggestion', 'of', 'a', 'safe', 'investment', 'to', 'park', 'your', 'money https redd it kod ni', 'u juiicemayne i', 'put', '', 'in', 'tesla', 'any', 'advice', 'for', 'a', 'noob', 'like', 'me', 'i', 'have', 'high', 'hopes', 'for', 'daddy', 'elon https redd it koddcp', 'u designwonk nyt', 'sums', 'up', 'our', 'year', 'a', 'lot', 'of', 'money https redd it kodneq', 'u jouanyu investing', 'in', '', 'in', 'a', 'nutshell', '', 'found', 'this', 'gem', 'kraut', 'yt https redd it kodo w', 'u lastaplays pltr', 'hype https redd it koe z', 'u upsideofdown one', 'trade', 'in', 'https redd it koe io', 'u classic which', 'nio', '', 'calls', 'who s', 'in https redd it koeaom', 'u quzox are', 'we', 'all', 'just', 'going', 'to', 'sit', 'here', 'and', 'pretend', 'bitcoins', 'are', 'not', 'a', 'thing https redd it koey g']",nio,2,1.1461325000449558,1.150781197089237
"['can', 'cup', 'o', 'joe', 'save', 'my', 'way', 'otm', 'ev', 'calls', 'find', 'out', 'on', 'the', 'new', 'season', 'of', '']",save,2,0.923878217619317,0.9878788187046244
"['want', 'to', 'know', 'what', 'crack', 'feels', 'like', 'throw', 'some', 'money', 'at', 'spy', 'weeklys']",spy,2,0.9920644306797637,1.0158535883040214
"['got', 'my', 'stimi', 'and', 'the', 'markets', 'aren t', 'even', 'open', 'to', 'blow', 'it', 'yet', 'f']",f,2,0.9551569938218584,1.0215663531593302
"['will', 'tesla', 'fornicate', 'the', 'earth s', 'mantle', 'when', 'elon s', 'other', 'companies', 'ipo']",tsla,2,1.081926152266927,1.2231673653226225
"['a', 'couple', 'of', 'my', 'friends', 'were', 'interested', 'in', 'stocks', 'had', 'them', 'download', 'rh', 'didn t', 'even', 'have', 'them', 'use', 'my', 'referral', 'because', 'i', 'don t', 'like', 'to', 'shill', 'gave', 'them', 'a', 'dd', 'on', 'voo', 'dollar', 'cost', 'averaging', 'etc', 'one', 'of', 'them', 'is', 'already', 'balls', 'deep', 'in', 'draft', 'kings', 'and', 'the', 'other', 'is', 'day', 'trading', 'pharma', 'stocks', 'his', 'first', '', 'positions', 'all', 'hit', 'and', 'he s', 'exited', 'all', '', 'trades', 'at', '', 'i ve', 'created', 'a', 'group', 'of', 'little', 'monsters', 'i', 'love', 'these', 'motherfuckers']",voo,5,0.9920699627155246,1.015651380705264
"['have', 'we', 'tried', 'to', 'go', 'over', 'to', 'r gaming', 'and', 'pump', 'gme']",gme,4,0.8094791380717269,0.931052659687243
"['people', 'that', 'shop', 'for', 'groceries', 'at', 'the', 'gas', 'station', 'deserve', 'to', 'be', 'poor']",shop,7,0.8882312112153106,1.0447543951598803
"['why', 'don t', 'you', 'palantards', 'just', 'admit', 'you', 'were', 'being', 'retarded', 'and', 'go', 'back', 'to', 'daddy', 'nio', 'pltr', 'is', 'not', 'a', 'short', 'term', 'play', 'you', 'fucking', 'mongoloids']",nio,4,1.1461325000449558,1.150781197089237
"['i', 'really', 'wanted', 'to', 'buy', 'tesla', 'shares', 'when', 'it', 'was', 'at', '', 'last', 'year', 'like', '', 'cuz', 'i m', 'bullish', 'af', 'cuz', 'this', 'youtuber', 'explained', 'it', 'and', 'balls', 'deep', 'in', 'it', 'but', 'i m', 'fucking', 'broke', 'at', 'the', 'time', 'lots', 'of', 'credit', 'card', 'debt', 'so', 'i', 'only', 'bought', '', 'share', 'and', 'have', 'to', 'pay', '', 'interest', 'in', 'it', 'fuck', 'man', 'i', 'should ve', 'bought', 'more', 'if', 'i', 'knew', 'options', 'at', 'the', 'time', 'i', 'would ve', 'been', 'rich', 'how', 'come', 'i', 'didn t', 'know', 'about', 'r wallstreetbets', 'last', 'year', 'it s', 'like', 'this', 'sub', 'was', 'hidden', 'until', 'after', 'covid']",tsla,4,1.081926152266927,1.2231673653226225
"['with', 'this', 'tsla', 'news', 'of', 'k', 'preorders', 'on', 'price', 'reduction', 'nio', 'and', 'xpev', 'are', 'probably', 'cucked', 'in', 'the', 'short', 'term', 'though', 'i', 'don t', 'see', 'how', 'reducing', 'margins', 'helps', 'tsla', 'either']",nio,3,1.1461325000449558,1.150781197089237
"['with', 'this', 'tsla', 'news', 'of', 'k', 'preorders', 'on', 'price', 'reduction', 'nio', 'and', 'xpev', 'are', 'probably', 'cucked', 'in', 'the', 'short', 'term', 'though', 'i', 'don t', 'see', 'how', 'reducing', 'margins', 'helps', 'tsla', 'either']",xpev,3,1.0552763222777402,0.996710576399103
"['when', 'does', 'gme', 'make', 'me', 'rich']",gme,3,0.8094791380717269,0.931052659687243
"['i', 'need', 'some', 'of', 'the', 'genius', 'discussion', 'i', 'can', 'only', 'get', 'here', 'i', 'have', 'a', 'feeling', 'baba', 'is', 'going', 'to', 'go', 'up', 'next', 'week', 'i', 'also', 'have', 'a', 'feeling', 'that', 'it', 'could', 'go', 'down', 'more', 'which', 'leaves', 'the', 'possibility', 'of', 'sideways', 'too']",baba,3,1.0505809709227487,1.0427814677324778
"['currently', 'most', 'of', 'my', 'portfolio', 'is', 'in', 'gme', 'and', 'snow', 'puts hoping', 'snow', 'briefly', 'crashes', 'after', 'the', 'lockup', 'expiry', 'so', 'i', 'can', 'get', 'some', 'more', 'cash', 'for', 'gme']",gme,3,0.8094791380717269,0.931052659687243
"['rumor', 'apple', 'is', 'working', 'with', 'insurance', 'companies', 'to', 'have', 'their', 'apple', 'watches', 'deductible', 'from', 'peoples', 'insurance', 'copays', 'announcement', 'to', 'be', 'made', 'this', 'month']",aapl,3,0.9658183669218873,0.9889903006437986
"['who', 'out', 'here', 'with', '', 'shares', 'of', 'gme', 'with', 'the', 'average', 'cost', 'being', '', 'edit', 'me']",gme,4,0.8094791380717269,0.931052659687243
"['got', 'my', '', 'stimulus', 'check', 'not', 'even', 'enough', 'to', 'buy', 'a', 'tesla', 'share', 'post', 'split', 'must', 'be', 'intentional', 'don t', 'want', 'the', 'peasants', 'to', 'get', 'rich']",tsla,2,1.081926152266927,1.2231673653226225
"['', 'goal', 'buy', 'a', 'tesla', 'model', '', 'standard', 'range', 'plus', '']",tsla,4,1.081926152266927,1.2231673653226225
"['i', 'believe', 'in', 'baba', 'if', 'you', 'actually', 'watch', 'jack', 'ma s', 'interviews', 'in', 'china', 'he', 'has', 'always', 'been', 'patriotic', 'to', 'china', 'he s', 'currently', 'being', 'painted', 'as', 'someone', 'who', 'betrayed', 'his', 'country', 'in', 'the', 'media', 'and', 'i', 'strongly', 'disagree', 'with', 'this', '', 'call', 'on', 'baba']",baba,2,1.0505809709227487,1.0427814677324778
"['if', 'elon', 'surpases', 'bezos', 'for', 'richest', 'man', 'in', 'the', 'world', 'will', 'amzn', 'finally', 'stock', 'split', 'edit', 'hey', 'downvoting', 'cucks', 'you', 'can', 'lick', 'my', 'taint']",amzn,4,0.9976925118386036,0.9733027373614297
"['just', 'called', 'cathie', 'an', 'uber', 'home']",uber,2,0.9645416625446304,1.020298688889603
"['is', 'anyone', 'hopping', 'on', 'the', 'xpev', 'stock', 'this', 'month', 'it', 'has', 'been', 'destroyed', 'from', 'its', 'ath', 'i', 'think', 'it', 'may', 'be', 'a', 'good', 'buy', 'point', 'for', 'a', 'possible', '', 'upside']",xpev,2,1.0552763222777402,0.996710576399103
"['hey', 'retards', 'need', 'advice', 'i', 'have', 'k', 'left', 'to', 'gamble', 'my', 'plan', '', 'buy', '', 'crsr', '', 'pltr', '', 'icln', 'sell', 'some', 'otm', 'cc', 'for', 'a', 'small', 'gain', 'yolo', 'the', 'rest', 'all', 'on', 'icln', 'leaps', 'cuz', 'its', 'fkn', 'cheap', 'what', 'y all', 'think']",icln,2,1.0001576861864852,1.1406948811669955
"['gonna', 'watch', 'my', 'slick', 'rh', 'earnings', 'on', 'the', 'ko', 'calls', 'i', 'told', 'you', 'retards', 'to', 'buy', 'definitely', 'not', 'tendie', 'town', 'but', 'solid', 'gains', 'hoping', 'for', '', 'return', 'in', '', 'months', 'and', 'then', 'considering', 'long', 'term', 'strategy', 'with', 'ge', 'i', 'guess', 'i m', 'attracted', 'to', 'boomer', 'stocks', 'earnings', 'call', 'premarket', 'on', 'a', 'thursday', 'in', 'a', 'few', 'weeks', 'has', 'me', 'pumped', 'for', 'my', '', 'c']",ko,1,0.97975854999998,0.9412198953581483
"['gonna', 'watch', 'my', 'slick', 'rh', 'earnings', 'on', 'the', 'ko', 'calls', 'i', 'told', 'you', 'retards', 'to', 'buy', 'definitely', 'not', 'tendie', 'town', 'but', 'solid', 'gains', 'hoping', 'for', '', 'return', 'in', '', 'months', 'and', 'then', 'considering', 'long', 'term', 'strategy', 'with', 'ge', 'i', 'guess', 'i m', 'attracted', 'to', 'boomer', 'stocks', 'earnings', 'call', 'premarket', 'on', 'a', 'thursday', 'in', 'a', 'few', 'weeks', 'has', 'me', 'pumped', 'for', 'my', '', 'c']",ge,1,0.9785046840225443,1.0413223158140683
"['where', 'can', 'i', 'buy', 'gme', 'c']",gme,1,0.8094791380717269,0.931052659687243
"['anyone', 'think', 'baba', 'goes', 'up', 'from', 'here']",baba,1,1.0505809709227487,1.0427814677324778
"['intel', 'bound', 'to', 'take', 'off', 'someday', 'retards', 'strap', 'in', '']",intc,1,1.0525535136079596,1.0352777073983428
"['so', 'is', 'fubo', 'set', 'for', 'a', 'dcb', 'or', 'is', 'this', 'thing', 'gonna', 'slice', '']",fubo,1,0.608739325888766,0.9674105529149057
"['somebody', 'bought', '', 'million', 'of', 'tesla', 'calls', 'at', '', 'strike', 'back', 'in', 'april', 'https m youtube com watch v inhtwesoa w']",tsla,1,1.081926152266927,1.2231673653226225
"['march', '', 'strike', 'date', '', 'strike', 'price', 'for', 'tesla', 'do', 'you', 'guys', 'think', 'this', 'was', 'retarded', 'and', 'if', 'so', 'should', 'i', 'sell', 'i', 'know', 'generally', 'speaking', 'that', 'otm', 'calls', 'are', 'retarded', 'but', 'for', 'tesla', 'i', 'was', 'hoping', 'there', 'really', 'is', 'no', 'otm', 'calls', 'but', 'then', 'again', 'i m', 'retarded']",tsla,1,1.081926152266927,1.2231673653226225
"['what s', 'everyone', 'using', 'their', 'stimmys', 'on', 'i m', 'torn', 'between', 'spy', 'weeklies', 'or', 'boeing', 'monthlies']",spy,1,0.9920644306797637,1.0158535883040214
"['what', 'is', 'the', 'risk reward', 'of', 'holding', 'an', 'spac', 'that', 'has', 'a', 'confirmed', 'merger', 'eg', 'is', 'b', 'f', 't', 'guaranteed', 'upside', 'if', 'you', 'stay', 'to', 'the', 'end', 'provided', 'the', 'paysafe', 'merger', 'actually', 'happens']",f,1,0.9551569938218584,1.0215663531593302
"['gonna', 'throw', 'my', 'stimmy', 'on', 'a', 'single', 'nkla', '', 'c', 'leap']",nkla,1,1.1626898056697215,1.1451612903225807
"['spy', 'monthly', 'for', 'january', 'i m', 'fucked', 'or', 'mega', 'chad']",spy,1,0.9920644306797637,1.0158535883040214
"['i m', 'a', 'bot', 'all', 'gain loss yolo', 'posts', 'should', 'include', 'screenshots', 'of', 'positions', 'these', 'posts', 'are', 'either', 'small', 'potatoes', 'spam', 'or', 'big', 'moves', 'which', 'don t', 'show', 'position', 'details', 'users', 'are', 'not', 'banned', 'and', 'can', 'repost', 'with', 'better', 'screenshots', 'user post', 'title', '', 'u hjannane struggled', 'all', 'year', 'but', 'made', 'a', 'killing', 'last', 'month', 'of', 'https i redd it kkqjxfqbpq jpg', 'u mondot pltr', 'no', 'point', 'in', 'selling', 'now', 'https i redd it lbmlj mirq jpg', 'u bhav happy', 'new', 'year', 'everyone https i redd it jc bk uq jpg', 'u hiimjustmike i', 'decided', 'in', '', 'i', 'would', 'start', 'investing', 'so', 'far', 'i ve', 'sold', 'tesla', 'pltr', 'pfizer', 'and', 'mt', 'at', 'a', 'loss', 'i', 'can t', 'wait', 'to', 'lose', 'the', 'rest', 'in', '', 'happy', 'new', 'year', 'retards', 'https i redd it dcu hbm zq jpg', 'u sherwingene hoping', 'for', 'better', 'year', 'its', 'part', 'of', 'learning', 'curve', 'i', 'will', 'think', 'of', 'it', 'as', 'education', 'fund https i redd it l o oar jpg', 'u mixitman is', 'it', 'wrong', 'that', 'i', 'love', 'going', 'back', 'and', 'finding', 'posts', 'like', 'this https i redd it e b n jer jpg', 'u jerseyvegasgold that s', 'how', 'you', 'spank', 'the', 'best', 'average', 'pltr', 'baby https i redd it yocl qler jpg', 'u thekhalasar to', 'whom', 'do', 'i', 'address', 'the', 'thank', 'you', 'letter', 'for', 'this', '', 'check', 'fulling', 'my', 'addiction https www reddit com gallery kog eg', 'u stronky boy it', 'aint', 'much', 'but', 'it s', 'honest', 'work https i redd it cktkt jlr jpg', 'u stronky boy it', 'ain t', 'much', 'but', 'it s', 'honest', 'work https i redd it y xwvz dmr jpg']",tsla,1,1.081926152266927,1.2231673653226225
"['i m', 'a', 'bot', 'all', 'gain loss yolo', 'posts', 'should', 'include', 'screenshots', 'of', 'positions', 'these', 'posts', 'are', 'either', 'small', 'potatoes', 'spam', 'or', 'big', 'moves', 'which', 'don t', 'show', 'position', 'details', 'users', 'are', 'not', 'banned', 'and', 'can', 'repost', 'with', 'better', 'screenshots', 'user post', 'title', '', 'u hjannane struggled', 'all', 'year', 'but', 'made', 'a', 'killing', 'last', 'month', 'of', 'https i redd it kkqjxfqbpq jpg', 'u mondot pltr', 'no', 'point', 'in', 'selling', 'now', 'https i redd it lbmlj mirq jpg', 'u bhav happy', 'new', 'year', 'everyone https i redd it jc bk uq jpg', 'u hiimjustmike i', 'decided', 'in', '', 'i', 'would', 'start', 'investing', 'so', 'far', 'i ve', 'sold', 'tesla', 'pltr', 'pfizer', 'and', 'mt', 'at', 'a', 'loss', 'i', 'can t', 'wait', 'to', 'lose', 'the', 'rest', 'in', '', 'happy', 'new', 'year', 'retards', 'https i redd it dcu hbm zq jpg', 'u sherwingene hoping', 'for', 'better', 'year', 'its', 'part', 'of', 'learning', 'curve', 'i', 'will', 'think', 'of', 'it', 'as', 'education', 'fund https i redd it l o oar jpg', 'u mixitman is', 'it', 'wrong', 'that', 'i', 'love', 'going', 'back', 'and', 'finding', 'posts', 'like', 'this https i redd it e b n jer jpg', 'u jerseyvegasgold that s', 'how', 'you', 'spank', 'the', 'best', 'average', 'pltr', 'baby https i redd it yocl qler jpg', 'u thekhalasar to', 'whom', 'do', 'i', 'address', 'the', 'thank', 'you', 'letter', 'for', 'this', '', 'check', 'fulling', 'my', 'addiction https www reddit com gallery kog eg', 'u stronky boy it', 'aint', 'much', 'but', 'it s', 'honest', 'work https i redd it cktkt jlr jpg', 'u stronky boy it', 'ain t', 'much', 'but', 'it s', 'honest', 'work https i redd it y xwvz dmr jpg']",pfe,1,0.9852785490683788,1.0070518023475834
"['im', 'k', 'deep', 'in', 'mu', 'weeklies', 'if', 'this', 'bitch', 'hits', '', 'this', 'week', 'easy', 'x', 'bagga']",mu,1,1.0314807369746342,1.0122907266050283
"['should', 'i', 'put', 'all', 'vti', 'in', 'roth', 'ira', 'or', 'go', 'half', 'and', 'half', 'with', 'qqq']",qqq,1,0.9905844311822588,1.0124401207748819
"['speaking', 'of', 'people', 'thinking', 'retail', 'investors', 'would', 'pour', 'into', 'amazon', 'if', 'they', 'had', 'a', 'stock', 'split', 'i', 'remember', 'ads', 'for', 'close', 'ended', 'funds', 'and', 'etfs', 'with', 'their', 'amazon', 'and', 'berkshire', 'hathaway', 'holdings', 'as', 'their', 'main', 'selling', 'points', 'feels', 'so', 'alien', 'with', 'fractional', 'shares']",amzn,1,0.9976925118386036,0.9733027373614297
"['a', 'de', 'ba', 'ba', 'a', 'de', 'badeba', 'aba', 'de', 'ba', 'ba', 'instanbul', 'whats', 'that', 'songs', 'name']",ba,1,0.9290984873385411,0.9995237804594495
"['i m', 'a', 'bot', 'recent', 'empty', 'self', 'posts', 'noob', 'questions', 'and', 'spam', 'which', 'people', 'were', 'temp banned', 'for', 'bans', 'are', '', 'days', 'to', 'discourage', 'posts', 'that', 'ought', 'to', 'be', 'comments', 'user post', 'title', '', 'u caverypca rise', 'up', 'take', 'ur', 'stim', 'to', 'war https redd it kokikg', 'u omcstreet following', 'up', 'on', 'amzn', '', '', 'post', 'check', 'out', 'january', 'returns', 'every', 'year', 'hint', '', 'https redd it kokmnd', 'u misterslime dogecoin https redd it kol e', 'u nejkaj i', 'want', 'to', 'be', 'a', 'degenerate https redd it kol fs', 'u thetrollfromabove just', 'bought', '', '', 'shares', 'of', 'mgm', 'by', 'accident', 'at', 'https redd it kol iu', 'u alexbuildit basically', 'wsb', 'in', 'a', 'nutshell', 'gmegang https redd it kolbts', 'u officer internets i m', 'really', 'getting', 'into', 'robinhood', 'and', 'keep', 'trying', 'to', 'sell', 'my', 'brother in laws', 'into', 'stocks https redd it kolgwy', 'u bobofagucci it', 'is', 'a', 'sign', '', '', 'literally', '', 'monday', '', 'nuff', 'said https redd it kolhe', 'u hoochoodadoo forex https redd it koly t', 'u assanassa stop', 'making', 'meta', 'posts', 'about', 'awards', 'you', 'ain t', 'slick https redd it kom t']",amzn,1,0.9976925118386036,0.9733027373614297
"['i m', 'a', 'bot', 'all', 'gain loss yolo', 'posts', 'should', 'include', 'screenshots', 'of', 'positions', 'these', 'posts', 'are', 'either', 'small', 'potatoes', 'spam', 'or', 'big', 'moves', 'which', 'don t', 'show', 'position', 'details', 'users', 'are', 'not', 'banned', 'and', 'can', 'repost', 'with', 'better', 'screenshots', 'user post', 'title', '', 'u ouneex waiting', 'for', 'market', 'open', 'can t', 'go', 'tits', 'up', 'right', 'https i redd it wb jr w ts jpg', 'u jeffreymeltz golden', 'egg https i redd it n c f fous jpg', 'u omgitsye to', 'dee', 'moon https i redd it vkn ws jpg', 'u the saint lee how', 'my', '', 'went', 'started', 'april', 'https i redd it c afxdyuxs jpg', 'u warrenfugit my', 'dd', 'for', 'qs https i redd it hf zhgtdt jpg', 'u spy may imagine', 'betting', 'against', 'the', 'fed', 'in', 'https i redd it uf pmb xot jpg', 'u lampshade what', 'options', 'should', 'i', 'trade', '', 'anti', 'gme', 'zone', 'https i redd it k x hf p u jpg', 'u plimbo he ll', 'yeah https i redd it ircucfao u jpg', 'u guthixguthix from', 'meme', 'to', 'dream', 'doge https i redd it nq au jpg', 'u killerbomb dogecoin', 'to', 'mars https i redd it pinyw z du jpg']",gme,1,0.8094791380717269,0.931052659687243
"['i', 'have', 'a', 'c', 'for', 'ge', '', 'think', 'i m', 'a', 'autist']",ge,1,0.9785046840225443,1.0413223158140683
"['can t', 'wait', 'to', 'watch', 'spce', 'this', 'year']",spce,1,0.8872323860800296,1.052587657638868
"['i m', 'a', 'bot', 'recent', 'empty', 'self', 'posts', 'noob', 'questions', 'and', 'spam', 'which', 'people', 'were', 'temp banned', 'for', 'bans', 'are', '', 'days', 'to', 'discourage', 'posts', 'that', 'ought', 'to', 'be', 'comments', 'user post', 'title', '', 'u loganthekiddd is', 'ovtz', 'the', 'next', 'https redd it kort', 'u snoodogs upvote', 'if', 'you', 'agree', 'if', 'citron', 'is', 'if', 'gay', 'bears', 'and', 'boomers', 'had', 'a', 'baby https redd it korve', 'u hellofrenzs ok', 'if', 'this', 'gets', '', 'awards', 'i', 'will', 'buy', 'gme https redd it korznf', 'u realestpie he', 'has', 'spoken https redd it koswil', 'u rayz next', 'stop', 'mars https redd it kot t', 'u bison silly k', 'in', 'gme', 'shares', 'need', 'comfort https redd it kotf c', 'u letmyputsgo could ve', 'been', 'really', 'simple https redd it kotjn', 'u nassosb you', 'think', 'that', 'you', 'are', 'real', 'retards', 'but', 'have', 'you', 'ever', 'done', 'an', 'x', 'from', 'shitcoins', 'on', 'uniswap https redd it kottex', 'u n you', 'think', 'that', 'you', 'are', 'real', 'retards', 'but', 'have', 'you', 'ever', 'done', 'an', 'x', 'on', 'uniswap https redd it kottw', 'u hype detector you', 'think', 'that', 'you', 'are', 'real', 'retards', 'but', 'do', 'you', 'know', 'what', 'uniswap', 'is https redd it kotuk']",gme,1,0.8094791380717269,0.931052659687243
"['why', 'does', 'palantir', 'have', 'billion', 'shares', 'float', 'does', 'that', 'mean', 'that', 'it', 'would', 'take', 'a', 'lot', 'of', 'buying', 'from', 'investors', 'to', 'push', 'the', 'share', 'price', 'higher', 'haven t', 'seen', 'any', 'other', 'companies', 'have', 'that', 'much', 'shares', 'float']",pltr,1,0.8231772223198627,1.0539523598393903
"['i m', 'a', 'bot', 'recent', 'empty', 'self', 'posts', 'noob', 'questions', 'and', 'spam', 'which', 'people', 'were', 'temp banned', 'for', 'bans', 'are', '', 'days', 'to', 'discourage', 'posts', 'that', 'ought', 'to', 'be', 'comments', 'user post', 'title', '', 'u moksha mahey watch', 'ccp', 'stock', 'dada', 'fuckinh', 'skyrocket', 'to', 'tendies', 'jupiter', 'from', 'this', 'threat', 'to', 'short', 'seller', 'firm', 'citron', 'dada', 'to', '', 'or', 'giant', 'squid', 'is', 'dropped', 'from', 'yours', 'truly', 'incel', 'messiah', 'dada', 'to', 'the', 'moon https redd it kpk q', 'u yoyoyoyoyoyoyoyoyook me', 'waiting', 'for', 'the', 'market', 'to', 'open', 'tomorrow https redd it kpk v', 'u ahaj sq', 'calls', 'to', 'the', 'moon', 'on', 'monday https redd it kpkbte', 'u persistent dry cough', 'gain', 'porn', 'x', 'oc https redd it kpkbx', 'u areyouunsatisfied are', 'we', 'expecting', 'the', 'market', 'to', 'crash', 'in', 'march again https redd it kpkie', 'u persistent dry cough', 'e trade', 'account', 'performance', 'gain', 'porn', 'x', 'rags', 'to', 'riches', 'oc https redd it kpkrdc', 'u jirodreamsoftendies i', 'declare', 'that', 'i', 'left', 'my', 'past', 'best', 'friend', 'palantir', 'because', 'he', 'became', 'very', 'selfish', 'proudy', 'and', 'who', 'shows', 'me', 'attitude', 'now', 'ryan', 'cohne', 'is', 'my', 'best', 'friend', 'its', 'for', 'information', 'to', 'all https redd it kpkwp', 'u jirodreamsoftendies i', 'declare', 'that', 'i', 'left', 'my', 'past', 'best', 'friend', 'palantir', 'because', 'he', 'became', 'very', 'selfish', 'proudy', 'and', 'who', 'shows', 'me', 'attitude', 'now', 'ryan', 'cohne', 'is', 'my', 'best', 'friend', 'its', 'for', 'information', 'to', 'all https redd it kpkwp', 'u sarmadsa the', 'level', 'security', 'stocks', 'had', 'to', 'go', 'through', 'in', '', 'before', 'entering', 'my', 'portfolio https redd it kpl r', 'u pennseller saw', 'this', 'on', 'r funny', 'guessing', 'he s', 'a', 'gme', 'bag', 'holder', 'https redd it kpl nx']",pltr,1,0.8231772223198627,1.0539523598393903
"['i m', 'a', 'bot', 'recent', 'empty', 'self', 'posts', 'noob', 'questions', 'and', 'spam', 'which', 'people', 'were', 'temp banned', 'for', 'bans', 'are', '', 'days', 'to', 'discourage', 'posts', 'that', 'ought', 'to', 'be', 'comments', 'user post', 'title', '', 'u moksha mahey watch', 'ccp', 'stock', 'dada', 'fuckinh', 'skyrocket', 'to', 'tendies', 'jupiter', 'from', 'this', 'threat', 'to', 'short', 'seller', 'firm', 'citron', 'dada', 'to', '', 'or', 'giant', 'squid', 'is', 'dropped', 'from', 'yours', 'truly', 'incel', 'messiah', 'dada', 'to', 'the', 'moon https redd it kpk q', 'u yoyoyoyoyoyoyoyoyook me', 'waiting', 'for', 'the', 'market', 'to', 'open', 'tomorrow https redd it kpk v', 'u ahaj sq', 'calls', 'to', 'the', 'moon', 'on', 'monday https redd it kpkbte', 'u persistent dry cough', 'gain', 'porn', 'x', 'oc https redd it kpkbx', 'u areyouunsatisfied are', 'we', 'expecting', 'the', 'market', 'to', 'crash', 'in', 'march again https redd it kpkie', 'u persistent dry cough', 'e trade', 'account', 'performance', 'gain', 'porn', 'x', 'rags', 'to', 'riches', 'oc https redd it kpkrdc', 'u jirodreamsoftendies i', 'declare', 'that', 'i', 'left', 'my', 'past', 'best', 'friend', 'palantir', 'because', 'he', 'became', 'very', 'selfish', 'proudy', 'and', 'who', 'shows', 'me', 'attitude', 'now', 'ryan', 'cohne', 'is', 'my', 'best', 'friend', 'its', 'for', 'information', 'to', 'all https redd it kpkwp', 'u jirodreamsoftendies i', 'declare', 'that', 'i', 'left', 'my', 'past', 'best', 'friend', 'palantir', 'because', 'he', 'became', 'very', 'selfish', 'proudy', 'and', 'who', 'shows', 'me', 'attitude', 'now', 'ryan', 'cohne', 'is', 'my', 'best', 'friend', 'its', 'for', 'information', 'to', 'all https redd it kpkwp', 'u sarmadsa the', 'level', 'security', 'stocks', 'had', 'to', 'go', 'through', 'in', '', 'before', 'entering', 'my', 'portfolio https redd it kpl r', 'u pennseller saw', 'this', 'on', 'r funny', 'guessing', 'he s', 'a', 'gme', 'bag', 'holder', 'https redd it kpl nx']",gme,1,0.8094791380717269,0.931052659687243
"['new', 'york', 'stock', 'exchange', 'starts', 'delisting', 'china', 'telecoms', 'firms rip', 'baba', 'calls', 'nio', 'calls']",baba,1,1.0505809709227487,1.0427814677324778
"['new', 'york', 'stock', 'exchange', 'starts', 'delisting', 'china', 'telecoms', 'firms rip', 'baba', 'calls', 'nio', 'calls']",nio,1,1.1461325000449558,1.150781197089237
"['up', '', 'on', 'nio', 'shares', 'but', 'down', '', 'on', 'baba', 'so', 'it', 'evens', 'out', 'baba', 'has', 'potential', 'but', 'jack', 'ma', 'is', 'such', 'an', 'idiot']",nio,2,1.1461325000449558,1.150781197089237
"['up', '', 'on', 'nio', 'shares', 'but', 'down', '', 'on', 'baba', 'so', 'it', 'evens', 'out', 'baba', 'has', 'potential', 'but', 'jack', 'ma', 'is', 'such', 'an', 'idiot']",baba,2,1.0505809709227487,1.0427814677324778
"['monthly', 'report', 'my', 'only', 'profitable', 'trade', 'was', 'a', 'gme', 'short', 'everything', 'else', 'is', 'red', 'is', 'this', 'karma']",gme,2,0.8094791380717269,0.931052659687243
"['why', 'do', 'we', 'only', 'play', 'fds', 'in', 'here', 'but', 'when', 'it', 'comes', 'to', 'the', 'pltr', 'and', 'gme', 'gangs', 'you', 'guys', 'like', 'buying', 'stock', 'y all', 'really', 'like', 'men', 'fuck', 'you', 'guys']",gme,1,0.8094791380717269,0.931052659687243
"['to', 'the', 'gme', 'bears', 'if', 'gme', 'is', 'fuk', 'cuz', 'games', 'are', 'all', 'online', 'now', 'why', 'does', 'amazon', 'bestbuy', 'walmart', 'continue', 'to', 'sell', 'games', 'surely', 'if', 'it s', 'a', 'dying', 'business', 'they', 'will', 'slim', 'that', 'part', 'of', 'the', 'operations', 'now', 'before', 'you', 'say', 'they', 'sell', 'other', 'stuff', 'other', 'than', 'games', 'that', 'still', 'doesn t', 'excuse', 'them', 'for', 'subsidizing', 'loss', 'they', 'are', 'taking', 'on', 'games', 'and', 'optimizing', 'their', 'margins', 'if', 'they', 'in', 'fact', 'are', 'taking', 'loss', '', 'they', 'can', 'still', 'slim', 'their', 'loss', 'also', 'gme', 'doesn t', 'only', 'sell', 'games', 'either']",gme,0,0.8094791380717269,0.931052659687243
"['to', 'the', 'gme', 'bears', 'if', 'gme', 'is', 'fuk', 'cuz', 'games', 'are', 'all', 'online', 'now', 'why', 'does', 'amazon', 'bestbuy', 'walmart', 'continue', 'to', 'sell', 'games', 'surely', 'if', 'it s', 'a', 'dying', 'business', 'they', 'will', 'slim', 'that', 'part', 'of', 'the', 'operations', 'now', 'before', 'you', 'say', 'they', 'sell', 'other', 'stuff', 'other', 'than', 'games', 'that', 'still', 'doesn t', 'excuse', 'them', 'for', 'subsidizing', 'loss', 'they', 'are', 'taking', 'on', 'games', 'and', 'optimizing', 'their', 'margins', 'if', 'they', 'in', 'fact', 'are', 'taking', 'loss', '', 'they', 'can', 'still', 'slim', 'their', 'loss', 'also', 'gme', 'doesn t', 'only', 'sell', 'games', 'either']",amzn,0,0.9976925118386036,0.9733027373614297
"['so', 'many', 'people', 'are', 'refusing', 'to', 'take', 'the', 'vaccine', 'market', 'was', 'pricing', 'in', 'everyone', 'taking', 'the', 'vaccine', 'and', 'smooth', 'distribution', 'spy', '', 'because', 'of', 'more', 'stimulus']",spy,1,0.9920644306797637,1.0158535883040214
"['i', 'love', 'tesla']",tsla,1,1.081926152266927,1.2231673653226225
"['got', '', 'baba', 'c', '', 'i', 'bought', 'at', '', '', 'yesterday', '', 'i ve', 'already', 'made', 'a', '', 'profit', 'should', 'i', 'sell', 'or', '']",baba,1,1.0505809709227487,1.0427814677324778
"['i', 'know', 'diamond', 'hands', 'and', 'all', 'but', 'what', 'price', 'will', 'you', 'sell', 'your', 'gme', '', '', 'also', 'if when', 'the', 'moass', 'happens', 'will', 'it', 'be', 'impossible', 'to', 'not', 'notice', 'or', 'will', 'just', 'be', 'gradual', 'ups']",gme,1,0.8094791380717269,0.931052659687243
"['so', 'did', 'we', 'ever', 'figure', 'out', 'why', 'tf', 'spy', 'shot', 'up', 'yesterday']",spy,1,0.9920644306797637,1.0158535883040214
"['should', 'i', 'buy', 'a', '', 'sept', 'leap', 'of', 'aapl', 'or', 'a', 'share', 'of', 'tesla']",aapl,1,0.9658183669218873,0.9889903006437986
"['should', 'i', 'buy', 'a', '', 'sept', 'leap', 'of', 'aapl', 'or', 'a', 'share', 'of', 'tesla']",tsla,1,1.081926152266927,1.2231673653226225
"['anyone', 'holding', 'puts', 'spy']",spy,0,0.9920644306797637,1.0158535883040214
"['sometimes', 'mr', 'market', 'gives', 'you', 'a', 'chance', 'and', 'it s', 'not', 'because', 'he', 'likes', 'you', 'it s', 'to', 'test', 'your', 'retardation', 'prior', 'to', 'gme', 'w', 'high', 'he', 'asks', 'you', 'if', 'you', 'want', 'to', 'sell', 'it', 'for', '', 'in', 'pm', 'while', 'the', 'bid', 'is', '', 'and', 'the', 'ask', 'is', '', 'yeah', 'i', 'took', 'it', 'sold', 'gme', 'at', 'higher', 'than', 'w', 'high', 'this', 'aut', 'got', 'lucky', 'and', 'he', 'knows', 'it', 'maybe', '', 'was', 'skill', 'but', 'surely', 'it', 'was', 'mostly', 'luck', 'with', 'that', 'said', 'gme s', 'gonna', 'moon', 'ain t', 'no', 'doubt', 'edit', 'i', 'have', 'a', 'feeling', 'they', 'they', 'gonna', 'fuck', 'with', 'deepfuckingvalue s', 'jan', '', 'calls', 'do', 'what', 'you', 'may', 'with', 'it', 'see', 'my', 'post', 'history', 'ipump', 'gme', 'but', 'money', 'is', 'hella', 'real', 'edit', '', 'they', 'downvote', 'because', 'they', 'are', 'the', 'round', 'number', 'suckers', 'at', '', '', '', '', 'oh', 'round', 'numbers', 'always', 'look', 'great']",gme,0,0.8094791380717269,0.931052659687243
"['anybody', 'got', 'the', 'tesla', 'stock', 'price', 'too', 'high', 'meme', 'with', 'the', 'black', 'dudes', 'dressed', 'up', 'holding', 'the', 'coffin', 'pumping', 'it', 'into', 'the', 'air', 'remember', 'that', 'one']",tsla,0,1.081926152266927,1.2231673653226225
"['amd', 'needs', 'to', 'split', 'last', 'one', 'was', '']",amd,0,0.9932207333331636,1.0268157768356974
"['so', 'i', 'turned', '', 'roi', 'this', 'year', 'handily', 'beating', 'my', 'passive', 'index', 'benchmark', 'qqq', 'but', 'falling', 'far', 'short', 'of', 'my', 'active', 'benchmark', 'of', 'pershing', 'squares', '', 'return', 'even', 'after', 'fees', 'definitely', 'taking', 'all', 'my', 'psth', 'winning', 'and', 'pumping', 'them', 'into', 'pshzf', 'for', 'my', 'retirement', 'and', 'before', 'the', 'naysayer', 'come', 'out', 'i', 'know', 'bill', 'has', 'some', 'terrible', 'years', 'too']",qqq,0,0.9905844311822588,1.0124401207748819
"['gamestop', 'in', 'https youtu be zuwyvdsc u', 'bullish']",gme,-1,0.8094791380717269,0.931052659687243
"['nio', '', 'xpev', 'going', 'to', 'take', 'such', 'a', 'big', 'deuce', 'on', 'monday', 'will', 'probably', 'buy', 'some', 'calls', 'for', 'the', 'rebound']",nio,-4,1.1461325000449558,1.150781197089237
"['nio', '', 'xpev', 'going', 'to', 'take', 'such', 'a', 'big', 'deuce', 'on', 'monday', 'will', 'probably', 'buy', 'some', 'calls', 'for', 'the', 'rebound']",xpev,-4,1.0552763222777402,0.996710576399103
"['anyone', 'in', 'fubo', 'here', '']",fubo,-1,0.608739325888766,0.9674105529149057
"['bb', 'will', 'explode', 'in', 'xpeng', 'p', 'sedan', 'using', 'bb', 'level', '', 'driving https techcrunch com blackberry xpeng qnx dessay sv']",bb,-1,0.9267605650829337,1.1283582325368349
"['i m', 'trying', 'to', 'learn', 'about', 'options', 'i m', 'pretty', 'new', 'to', 'the', 'market', 'any', 'resources', 'you', 'guys', 'would', 'recommend', 'for', 'example', 'when', 'you', 'guys', 'say', 'pltr', 'to', 'the', 'moon', 'or', 'gme', '', 'what', 'does', 'that', 'mean', 'i', 'should', 'do']",gme,-3,0.8094791380717269,0.931052659687243
"['ge', 'has', 'something', 'up', 'its', 'sleeve', '', 'they', 'have', 'developed', 'windmills', 'almost', 'the', 'size', 'of', 'empire', 'state', 'building', '', 'https www nytimes com business ge wind turbine html referringsource articleshare']",ge,0,0.9785046840225443,1.0413223158140683
"['trying', 'to', 'make', 'a', 'sensible', 'play', 'to', 'offset', 'all', 'my', 'gradually', 'expiring', 'crappy', 'ones', 'am', 'thinking', 'a', 'march', 'call', 'either', 'aapl', 'arkg', 'lit', 'or', 'crsr', 'what', 'dyou', 'guys', 'reckon']",aapl,0,0.9658183669218873,0.9889903006437986
"['i', 'guess', 'i', 'came', 'unglued', 'yesterday', 'afternoon', 'evening', '', 'sold', 'a', 'bunch', 'of', 'shares', 'bot', '', 'nio', 'shares', 'have', 'tons', 'of', 'options', 'other', 'shares', 'only', 'k', 'of', 'actual', 'cash', 'left', 'and', 'no', 'clue', 'what', 'would', 'happen', 'to', 'my', 'port', 'if', 'the', 'market', 'tanks']",nio,0,1.1461325000449558,1.150781197089237
"['daily', 'reminder', 'apple', 'has', 'a', 'double', 'tap', 'and', 'triple', 'tap', 'back', 'button', 'feature', 'reeeeeeeeee']",aapl,0,0.9658183669218873,0.9889903006437986
"['spy', 'puts', 'are', 'free', 'money']",spy,-4,0.9920644306797637,1.0158535883040214
"['adjusting', 'for', 'split', 'tesla', 'already', 'passed', 'amazon', '', 'compared', 'to', '', 'now', 'like', 'a', 'year', 'ago', 'tesla', 'was', 'at', '', 'and', 'amazon', 'at', '']",tsla,-4,1.081926152266927,1.2231673653226225
"['adjusting', 'for', 'split', 'tesla', 'already', 'passed', 'amazon', '', 'compared', 'to', '', 'now', 'like', 'a', 'year', 'ago', 'tesla', 'was', 'at', '', 'and', 'amazon', 'at', '']",amzn,-4,0.9976925118386036,0.9733027373614297
"['my', 'friend', 'found', 'k', 'is', 'there', 'any', 'way', 'to', 'get', 'it', 'into', 'the', 'stock', 'market', 'without', 'reporting', 'it paying', 'taxes', 'on', 'it', 'edit', 'lmao', 'thanks', 'for', 'the', 'downvotes', 'cunts', 'i', 'should ve', 'clarified', 'he', 'is', 'actually', 'retarded', 'he', 'fucking', 'saved', 'k', 'in', 'cash', 'from', 'tips', 'as', 'a', 'waiter', 'and', 'was', 'keeping', 'it', 'in', 'a', 'box', 'he', 'wants', 'to', 'put', 'it', 'into', 'an', 'account', 'without', 'having', 'to', 'pay', 'taxes', 'on', 'it', 'all', 'at', 'once', 'so', 'i', 'was', 'looking', 'for', 'degenerate', 'loophole', 'advice', 'i', 'gathered', 'all', 'your', 'suggestions', 'and', 'told', 'him', 'spy', '', '', 'so', 'he', 'should', 'be', 'good']",spy,-9,0.9920644306797637,1.0158535883040214
"['just', 'imagine', '', 'all', 'the', 'gay', 'bears', 'after', 'getting', '', 'stmmy', 'will', 'come', 'roaring', 'buying', 'puts', 'and', 'shorting', 'the', 'market', 'on', 'monday', 'we', 'might', 'realistically', 'see', '', 'spy', 'on', 'monday']",spy,-3,0.9920644306797637,1.0158535883040214
