"['welp', 'guess', 'it s', 'that', 'time', 'of', 'the', 'month', 'if', 'you', 'or', 'anyone', 'you', 'know', 'are', 'struggling', 'please', 'please', 'reach', 'out', 'for', 'help', 'you', 'are', 'worthy', 'you', 'are', 'loved', 'and', 'you', 'will', 'always', 'be', 'able', 'to', 'find', 'assistance', 'usa', '', 'canada', '', 'rest', 'of', 'the', 'world', 'google', 'it', 'you', 'are', 'not', 'alone', 'please', 'reach', 'out', '', 'edit', 'never', 'mind', 'https static boredpanda com blog wp content uploads funny weird wtf stock photos a c f a jpg pltr https static boredpanda com blog wp content uploads funny weird wtf stock photos a e c jpg', 'back', 'up', 'carry', 'on https static boredpanda com blog wp content uploads funny weird wtf stock photos a fc jpg']",goog,1,1.006367178100072,1.0262780438885515
"['for', 'all', 'you', 'weak', 'hands', 'out', 'there', 'think', 'of', 'this', '', 'pltr', 'has', 'a', 'huge', 'moat', 'cia', 'and', 'agencies', 'arent', 'going', 'to', 'just', 'work', 'with', 'any', 'software', 'company', 'for', 'this', 'type', 'of', 'data', 'this', 'is', '', 'years', 'worth', 'of', 'trust', '', 'there', 'is', 'a', 'new', 'ev', 'company', 'that', 'pops', 'up', 'every', 'day', 'we', 'all', 'know', 'that', 'the', 'market', 'is', 'based', 'on', 'category', 'killers', 'amazon', 'fb', 'aapl', 'goog', 'etc', 'each', 'are', 'the', 'kings', 'of', 'their', 'respective', 'areas', 'i', 'just', 'dont', 'see', 'another', 'pltr', 'popping', 'up', 'overnight', 'like', 'an', 'xpev', 'li', 'or', 'nio', 'has', 'to', 'compete', 'with', 'tsla', '', 'never', 'betting', 'against', 'paypal', 'mafia', '', '', 'rev', 'growth', 'and', 'profitable', 'excluding', 'stock', 'compensation', 'x b', 'hold', 'the', 'wall']",amzn,35,1.0164725795536786,0.9856941908245772
"['for', 'all', 'you', 'weak', 'hands', 'out', 'there', 'think', 'of', 'this', '', 'pltr', 'has', 'a', 'huge', 'moat', 'cia', 'and', 'agencies', 'arent', 'going', 'to', 'just', 'work', 'with', 'any', 'software', 'company', 'for', 'this', 'type', 'of', 'data', 'this', 'is', '', 'years', 'worth', 'of', 'trust', '', 'there', 'is', 'a', 'new', 'ev', 'company', 'that', 'pops', 'up', 'every', 'day', 'we', 'all', 'know', 'that', 'the', 'market', 'is', 'based', 'on', 'category', 'killers', 'amazon', 'fb', 'aapl', 'goog', 'etc', 'each', 'are', 'the', 'kings', 'of', 'their', 'respective', 'areas', 'i', 'just', 'dont', 'see', 'another', 'pltr', 'popping', 'up', 'overnight', 'like', 'an', 'xpev', 'li', 'or', 'nio', 'has', 'to', 'compete', 'with', 'tsla', '', 'never', 'betting', 'against', 'paypal', 'mafia', '', '', 'rev', 'growth', 'and', 'profitable', 'excluding', 'stock', 'compensation', 'x b', 'hold', 'the', 'wall']",fb,35,1.022444483899328,1.0132957049739684
"['for', 'all', 'you', 'weak', 'hands', 'out', 'there', 'think', 'of', 'this', '', 'pltr', 'has', 'a', 'huge', 'moat', 'cia', 'and', 'agencies', 'arent', 'going', 'to', 'just', 'work', 'with', 'any', 'software', 'company', 'for', 'this', 'type', 'of', 'data', 'this', 'is', '', 'years', 'worth', 'of', 'trust', '', 'there', 'is', 'a', 'new', 'ev', 'company', 'that', 'pops', 'up', 'every', 'day', 'we', 'all', 'know', 'that', 'the', 'market', 'is', 'based', 'on', 'category', 'killers', 'amazon', 'fb', 'aapl', 'goog', 'etc', 'each', 'are', 'the', 'kings', 'of', 'their', 'respective', 'areas', 'i', 'just', 'dont', 'see', 'another', 'pltr', 'popping', 'up', 'overnight', 'like', 'an', 'xpev', 'li', 'or', 'nio', 'has', 'to', 'compete', 'with', 'tsla', '', 'never', 'betting', 'against', 'paypal', 'mafia', '', '', 'rev', 'growth', 'and', 'profitable', 'excluding', 'stock', 'compensation', 'x b', 'hold', 'the', 'wall']",aapl,35,1.015958377073475,1.0451398332119857
"['for', 'all', 'you', 'weak', 'hands', 'out', 'there', 'think', 'of', 'this', '', 'pltr', 'has', 'a', 'huge', 'moat', 'cia', 'and', 'agencies', 'arent', 'going', 'to', 'just', 'work', 'with', 'any', 'software', 'company', 'for', 'this', 'type', 'of', 'data', 'this', 'is', '', 'years', 'worth', 'of', 'trust', '', 'there', 'is', 'a', 'new', 'ev', 'company', 'that', 'pops', 'up', 'every', 'day', 'we', 'all', 'know', 'that', 'the', 'market', 'is', 'based', 'on', 'category', 'killers', 'amazon', 'fb', 'aapl', 'goog', 'etc', 'each', 'are', 'the', 'kings', 'of', 'their', 'respective', 'areas', 'i', 'just', 'dont', 'see', 'another', 'pltr', 'popping', 'up', 'overnight', 'like', 'an', 'xpev', 'li', 'or', 'nio', 'has', 'to', 'compete', 'with', 'tsla', '', 'never', 'betting', 'against', 'paypal', 'mafia', '', '', 'rev', 'growth', 'and', 'profitable', 'excluding', 'stock', 'compensation', 'x b', 'hold', 'the', 'wall']",goog,35,1.006367178100072,1.0262780438885515
"['for', 'all', 'you', 'weak', 'hands', 'out', 'there', 'think', 'of', 'this', '', 'pltr', 'has', 'a', 'huge', 'moat', 'cia', 'and', 'agencies', 'arent', 'going', 'to', 'just', 'work', 'with', 'any', 'software', 'company', 'for', 'this', 'type', 'of', 'data', 'this', 'is', '', 'years', 'worth', 'of', 'trust', '', 'there', 'is', 'a', 'new', 'ev', 'company', 'that', 'pops', 'up', 'every', 'day', 'we', 'all', 'know', 'that', 'the', 'market', 'is', 'based', 'on', 'category', 'killers', 'amazon', 'fb', 'aapl', 'goog', 'etc', 'each', 'are', 'the', 'kings', 'of', 'their', 'respective', 'areas', 'i', 'just', 'dont', 'see', 'another', 'pltr', 'popping', 'up', 'overnight', 'like', 'an', 'xpev', 'li', 'or', 'nio', 'has', 'to', 'compete', 'with', 'tsla', '', 'never', 'betting', 'against', 'paypal', 'mafia', '', '', 'rev', 'growth', 'and', 'profitable', 'excluding', 'stock', 'compensation', 'x b', 'hold', 'the', 'wall']",xpev,35,1.0354184726261357,0.7861695581922784
"['for', 'all', 'you', 'weak', 'hands', 'out', 'there', 'think', 'of', 'this', '', 'pltr', 'has', 'a', 'huge', 'moat', 'cia', 'and', 'agencies', 'arent', 'going', 'to', 'just', 'work', 'with', 'any', 'software', 'company', 'for', 'this', 'type', 'of', 'data', 'this', 'is', '', 'years', 'worth', 'of', 'trust', '', 'there', 'is', 'a', 'new', 'ev', 'company', 'that', 'pops', 'up', 'every', 'day', 'we', 'all', 'know', 'that', 'the', 'market', 'is', 'based', 'on', 'category', 'killers', 'amazon', 'fb', 'aapl', 'goog', 'etc', 'each', 'are', 'the', 'kings', 'of', 'their', 'respective', 'areas', 'i', 'just', 'dont', 'see', 'another', 'pltr', 'popping', 'up', 'overnight', 'like', 'an', 'xpev', 'li', 'or', 'nio', 'has', 'to', 'compete', 'with', 'tsla', '', 'never', 'betting', 'against', 'paypal', 'mafia', '', '', 'rev', 'growth', 'and', 'profitable', 'excluding', 'stock', 'compensation', 'x b', 'hold', 'the', 'wall']",nio,35,0.9935115645478871,0.7939494861171336
"['palantir', 'is', 'helping', 'with', 'vaccine', 'distribution', 'networks', 'with', 'all', 'major', 'vaccine', 'companies', 'starting', 'next', 'week', 'do', 'with', 'that', 'as', 'you', 'will']",pltr,33,1.4551799158125147,0.8445467625627174
"['are', 'yall', 'forgetting', 'what', 'happened', 'when', 'citron', 'shorted', 'nio', 'fell', '', 'then', 'mooned', 'up', 'to', '', 'pltr', 'aint', 'done', 'for', 'bitchces', 'citron', 'gave', 'us', 'black', 'friday', 'sale', 'pltr', '', 'monday']",nio,34,0.9935115645478871,0.7939494861171336
"['i', 'panic', 'sold', 'nio', 'after', 'citron', 'short', 'sold', 'them', 'not', 'again', 'you ll', 'have', 'to', 'pry', 'these', 'pltr', 'calls', 'and', 'shares', 'from', 'my', 'cold', 'dead', 'hands', 'you', 'gay', 'fucking', 'bears']",nio,35,0.9935115645478871,0.7939494861171336
"['i ve', 'been', 'outside', 'gamestop', 'for', '', 'hours', 'so', 'far', '', 'to', 'go', 'i m', 'fucking', 'retarded']",gme,90,1.2837209267940353,0.9301045430692861
"['pltr', 'investors', 'be', 'like', '', 'google', 'how', 'can', 'i', 'reverse', 'a', 'donation', 'transaction', '']",goog,24,1.006367178100072,1.0262780438885515
"['palantir', 'is', 'going', 'to', 'scour', 'the', 'web', 'and', 'find', 'all', 'the', 'dirt', 'on', 'citron', 'and', 'get', 'them', 'closed', 'down', 'in', 'the', 'coming', 'weeks']",pltr,24,1.4551799158125147,0.8445467625627174
"['personally', 'am', 'seeing', 'pltr', 'around', '', 'next', 'week', 'been', 'in', 'since', '', 'don t', 'fall', 'for', 'citrons', 'bullshit', 'they', 'said', 'tsla', 'was', 'the', 'top', 'at', '', 'earlier', 'this', 'year', 'and', 'shop', 'was', 'a', 'mlm', 'scheme', 'and', 'its', 'worth', '', 'now', 'today s', 'tweet', 'they', 'basically', 'pull', 'a', 'stock', 'price', 'too', 'high', 'imo', 'and', 'people', 'fall', 'for', 'it', 'you', 'know', 'damn', 'well', 'this', 'andrew', 'retard', 'loaded', 'up', 'at', 'shares', 'at', 'the', 'bottom', 'because', 'he', 'missed', 'his', 'opportunity', 'lol']",shop,27,1.1030652553189808,1.0085071910511363
"['citron', 'is', 'short', 'shelling', 'pltr', 'fuck', 'them', 'up', 'for', 'what', 'they', 'did', 'to', 'nio', '']",nio,24,0.9935115645478871,0.7939494861171336
"['while', 'trying', 'to', 'explain', 'palantir', 'to', 'family', 'members', 'my', 'uncle', 'interrupts', 'and', 'says', 'the', 'fucking', 'peanut', 'company', 'no', 'one', 'makes', 'money', 'on', 'peanuts', 'goddamn', 'i', 'do', 'not', 'want', 'to', 'be', 'that', 'old']",pltr,21,1.4551799158125147,0.8445467625627174
"['approaching', 'half', 'mill', 'on', 'gme', 'all', 'shares']",gme,22,1.2837209267940353,0.9301045430692861
"['buy', 'this', 'palantir', 'dip', 'for', 'free', 'money']",pltr,19,1.4551799158125147,0.8445467625627174
"['palantir', 'beach', 'ball', 'effect', 'citron', 'can', 'hold', 'the', 'beach', 'ball', 'underwater', 'but', 'it', 'naturally', 'wants', 'to', 'rocket', 'back', 'up', '']",pltr,18,1.4551799158125147,0.8445467625627174
"['is', 'this', 'even', 'real', 'life', '', 'the', 'day', 'i', 'bombed', 'into', 'nio', 'citron', 'fucked', 'me', 'in', 'the', 'ass', 'and', 'now', 'again', 'i', 'bombed', 'into', 'pltr', 'and', 'he', 'does', 'that', 'again', 'is', 'he', 'fucking', 'serious']",nio,19,0.9935115645478871,0.7939494861171336
"['palantir', 'i', 'never', 'doubted', 'you', 'baby']",pltr,19,1.4551799158125147,0.8445467625627174
"['', 'upvotes', 'and', 'i ll', 'buy', '', 'palantir', 'shares']",pltr,66,1.4551799158125147,0.8445467625627174
"['citron', 'has', 'tried', 'shorting', 'nio', 'solo', 'blnk', 'and', 'now', 'pltr', 'in', 'the', 'past', 'month']",nio,16,0.9935115645478871,0.7939494861171336
"['citron', 'has', 'tried', 'shorting', 'nio', 'solo', 'blnk', 'and', 'now', 'pltr', 'in', 'the', 'past', 'month']",blnk,16,0.9560772489922685,0.886296307599103
"['i m', 'back', 'everybody', 'i', 'just', 'got', 'a', 'hr', 'job', 'time', 'for', 'some', 'more', 'aapl', 'and', 'amzn', 'yolos']",aapl,37,1.015958377073475,1.0451398332119857
"['i m', 'back', 'everybody', 'i', 'just', 'got', 'a', 'hr', 'job', 'time', 'for', 'some', 'more', 'aapl', 'and', 'amzn', 'yolos']",amzn,37,1.0164725795536786,0.9856941908245772
"['gme', 'is', 'looking', 'like', 'another', 'day']",gme,16,1.2837209267940353,0.9301045430692861
"['any', 'gme', 'gang', 'excited', 'for', 'next', 'week']",gme,16,1.2837209267940353,0.9301045430692861
"['pltr', 'about', 'to', 'turn', 'green', 'for', 'the', 'day', 'in', 'after', 'hours', 'hilarious', 'panic', 'sellers', 'going', 'to', 'be', 'chasing', 'back', 'in', 'monday', 'didn t', 'you', 'guys', 'learn', 'anything', 'from', 'that', 'nio', 'red', 'day', 'that', 'shitron', 'caused', 'a', 'few', 'weeks', 'ago', 'rocketed', 'back', 'to', 'all', 'time', 'highs', 'the', 'next', 'week']",nio,16,0.9935115645478871,0.7939494861171336
"['half', 'day', 'doesn t', 'stop', 'the', 'pump', 'operation', 'you', 'should', 'have', 'by', 'now', 'spread', 'the', 'gospel', 'fuck', 'black', 'friday', 'and', 'put', 'all', 'your', 'money', 'into', 'pltr', 'and', 'gme']",gme,15,1.2837209267940353,0.9301045430692861
"['i', 'fell', 'for', 'heads', 'tricks', 'last', 'time', 'on', 'nio', 'not', 'again']",nio,15,0.9935115645478871,0.7939494861171336
"['all', 'u', 'paper', 'hand', 'pussies', 'and', '', 'need', 'to', 'stop', 'trying', 'to', 'rationalize', 'why', 'pltr', 'will', 'somehow', 'continue', 'to', 'fall', 'after', 'a', 'slight', 'pullback', 'after', 'a', '', 'weekly', 'gain', 'anyone', 'here', 'who', 'sold', 'sorry', 'you', 'suck', 'at', 'trading', 'anyone', 'here', 'who', 'bought', 'puts', 'sorry', 'you', 'have', 'an', 'iq', 'equivalent', 'to', 'a', 'chimpanzee']",iq,14,0.9817783088856319,1.0515982231871412
"['will', 'nio', 'be', 'up', 'bigly', 'today']",nio,13,0.9935115645478871,0.7939494861171336
"['wow', 'citron', 'can', 'spot', 'the', 'paper', 'hands', 'from', 'a', 'mile', 'away', 'lol', 'gotta', 'hand', 'it', 'to', 'him', 'you', 'guys', 'are', 'bitches']",spot,14,1.1206106848725963,1.1544042924681295
"['this', 'place', 'really', 'is', 'full', 'of', 'retards', 'palantir', 'down', 'like', '', 'for', 'one', 'day', 'and', 'y all', 'acting', 'like', 'it s', 'the', 'great', 'depression']",pltr,15,1.4551799158125147,0.8445467625627174
"['here s', 'a', 'thing', 'about', 'citron', 'they', 'love', 'to', 'short', 'they', 'short', 'stocks', 'that', 'have', 'been', 'meme d', 'by', 'this', 'sub', 'for', 'months', 'first', 'nio', 'then', 'blnk', 'now', 'recently', 'pltr', 'yet', 'look', 'at', 'those', 'stocks', 'now', 'they', 'recovered', 'and', 'have', 'gone', 'to', 'ath', 'its', 'okay', 'to', 'be', 'afraid', 'of', 'the', 'market', 'but', 'the', 'market', 'always', 'recovers', 'and', 'go', 'up', 'tldr', 'diamond', 'hands', 'pltr', 'pos', '', '', 'c', 'and', '', '', 'c']",nio,14,0.9935115645478871,0.7939494861171336
"['here s', 'a', 'thing', 'about', 'citron', 'they', 'love', 'to', 'short', 'they', 'short', 'stocks', 'that', 'have', 'been', 'meme d', 'by', 'this', 'sub', 'for', 'months', 'first', 'nio', 'then', 'blnk', 'now', 'recently', 'pltr', 'yet', 'look', 'at', 'those', 'stocks', 'now', 'they', 'recovered', 'and', 'have', 'gone', 'to', 'ath', 'its', 'okay', 'to', 'be', 'afraid', 'of', 'the', 'market', 'but', 'the', 'market', 'always', 'recovers', 'and', 'go', 'up', 'tldr', 'diamond', 'hands', 'pltr', 'pos', '', '', 'c', 'and', '', '', 'c']",blnk,14,0.9560772489922685,0.886296307599103
"['if', 'y all', 'were', 'nerds', 'as', 'children', 'you', 'probably', 'read', 'lord', 'of', 'the', 'rings', 'there s', 'a', 'part', 'in', 'there', 'when', 'gandalf', 'and', 'co', 'has', 'saruman', 'and', 'wormtongue', 'trapped', 'in', 'the', 'tower', 'of', 'orthanc', 'and', 'they re', 'shit', 'talking', 'them', 'as', 'gandalf', 'is', 'like', 'let s', 'leave', 'these', 'idiots', 'wormtongue', 'yeets', 'a', 'palantir', 'down', 'at', 'gandalf', 'trying', 'to', 'kill', 'him', 'wormtongue', 'ends', 'up', 'getting', 'cussed', 'out', 'by', 'saruman', 'for', 'throwing', 'something', 'so', 'valuable', 'away', 'citron', 'is', 'wormtongue', 'and', 'they', 'about', 'to', 'get', 'their', 'shit', 'pushed', 'in', 'for', 'yeeting', '', '']",pltr,14,1.4551799158125147,0.8445467625627174
"['so', 'we', 'squeezing', 'gme']",gme,15,1.2837209267940353,0.9301045430692861
"['shitron', 'tried', 'to', 'short', 'nio', 'look', 'how', 'that', 'worked', 'lol']",nio,13,0.9935115645478871,0.7939494861171336
"['this', 'is', 'the', 'exact', 'same', 'thing', 'that', 'happened', 'with', 'nio', 'last', 'week', 'citron', 'crashed', 'it', 'and', 'then', 'it', 'went', 'soaring', 'back', 'up', 'the', 'next', 'day', 'hold', 'pltr']",nio,13,0.9935115645478871,0.7939494861171336
"['citron', 'shorted', 'tesla', 'in', 'february', 'pre split', 'and', 'it', 'then', 'went', 'to', '', '', 'months', 'later', 'if', 'you', 'want', 'to', 'know', 'which', 'company', 'to', 'buy', 'and', 'hold', 'just', 'look', 'at', 'what', 'he s', 'shorting', 'some', 'people', 'are', 'born', 'losers', 'and', 'andrew', 'left', 'is', 'one', 'of', 'them']",tsla,13,1.1273087896443645,0.9947359827474668
"['selling', 'pltr', 'to', 'go', 'all', 'in', 'on', 'gme', 'that', 'might', 'be', 'too', 'degenerate', 'for', 'me', 'but', 'gme', 'is', 'on', 'a', 'moon', 'mission', 'so', 'idk']",gme,13,1.2837209267940353,0.9301045430692861
"['my', 'first', 'born', 'son', 'will', 'be', 'named', 'palantir', 'it s', 'official', '']",pltr,12,1.4551799158125147,0.8445467625627174
"['soros', 'tried', 'citron', 'tried', 'remember', 'the', 'tesla', 'haters']",tsla,11,1.1273087896443645,0.9947359827474668
"['boys', 'i', 'been', 'investing', 'in', 'a', 'bunch', 'of', 'boomer', 'etfs', 'all', 'summer', 'and', 'saying', 'time', 'in', 'the', 'market', 'beats', 'timing', 'the', 'market', '', 'all', 'i', 'can', 'say', 'is', 'after', 'watching', 'aqn', 'sit', 'at', 'the', 'same', 'price', 'for', '', 'months', 'while', 'memer', 'stocks', 'boomed', 'that', 'i', 'am', 'finally', 'a', 'convert', 'gme', 'thc', 'b', 'pltr', 'welcome', 'me']",gme,12,1.2837209267940353,0.9301045430692861
"['citron', 'is', 'such', 'a', 'hack', 'with', 'their', 'attempts', 'to', 'drive', 'prices', 'down', 'now', 'used', 'to', 'release', 'good', 'detailed', 'reports', 'for', 'reasons', 'why', 'a', 'company', 'was', 'a', 'scam', 'now', 'they', 'literally', 'just', 'tweet', 'stock', 'price', 'too', 'high', 'that s', 'bad', 'lazy', 'but', 'somehow', 'their', 'dumbass', 'cult', 'still', 'listens', 'let s', 'close', 'at', '', 'today', 'and', 'squeeze', 'them', 'to', '', 'like', 'what', 'happened', 'to', 'blnk', 'the', 'other', 'day']",blnk,12,0.9560772489922685,0.886296307599103
"['citron', 'also', 'tried', 'boning', 'nio', 'and', 'pton', 'getting', 'shorted', 'by', 'them', 'is', 'a', 'right', 'of', 'passage', 'to', 'rocketing', '']",nio,12,0.9935115645478871,0.7939494861171336
"['when', 'citron', 'announced', 'their', '', 'dollar', 'price', 'target', 'of', 'shop', 'in', 'april', '', 'it', 'had', 'one', 'red', 'day', 'then', 'straight', 'up', 'to', 'k', 'ducking', '', 'my', 'portfolio', 'is', 'now', 'gonna', 'be', 'straight', 'up', 'citron', 'inverse', 'ptlr', 'price', 'target', 'is', 'now', '', 'end', 'of', '']",shop,13,1.1030652553189808,1.0085071910511363
"['time', 'to', 'buy', 'pltr', 'just', 'like', 'nio', 'it', 'will', 'rebound', 'and', 'we', 'will', 'see', '', 'by', 'eoy']",nio,12,0.9935115645478871,0.7939494861171336
"['just', 'bought', '', 'of', 'same', 'day', 'amzn', 'puts', 'and', 'thought', 'dang', 'they', 'are', 'crashing', 'quick', 'even', 'with', 'amzn', 'closing', 'in', 'on', 'the', 'target', 'then', 'i', 'found', 'out', 'the', 'market', 'closed', 'at', '', 'today']",amzn,12,1.0164725795536786,0.9856941908245772
"['citron', 'picked', 'one', 'of', 'the', 'lowest', 'volume', 'days', 'to', 'scalp', 'pltr', 'because', 'they', 'were', 'afraid', 'they', 'would', 'be', 'ignored', 'on', 'a', 'normal', 'volume', 'day', 'after', 'nio']",nio,13,0.9935115645478871,0.7939494861171336
"['shares', 'in', 'gme', 'if', 'you', 'like', 'money', 'and', 'contributing', 'to', 'a', 'greater', 'cause']",gme,11,1.2837209267940353,0.9301045430692861
"['good', 'no', 'one', 'talking', 'about', 'baba', 'means', 'it ll', 'moon', 'soon']",baba,12,0.9585440777126933,0.9936052302751347
"['does', 'anyone', 'remember', 'when', 'citron', 'bet', 'that', 'if', 'nvda', 'was', 'over', '', 'they', 'would', 'donate', 'k', 'to', 'a', 'charity', 'did', 'andrew', 'left', 'hold', 'up', 'his', 'side', 'of', 'the', 'bargain']",nvda,12,1.0174811500567182,1.0224091359768468
"['thic', 'boys', 'did', 'you', 'know', 'that', 'earlier', 'this', 'month', 'microvast', 'was', 'awarded', 'a', 'million', 'dollar', 'research', 'contract', 'backed', 'by', 'ford', 'and', 'gm']",gm,12,0.9972702699184735,0.9875445380338731
"['all', 'this', 'money', 'made', 'off', 'palantir', 'and', 'i', 'still', 'won t', 'pay', 'k', 'for', 'a', 'ps', 'fuck', 'scalpers']",pltr,22,1.4551799158125147,0.8445467625627174
"['now', 'this', 'is', 'a', 'story', 'all', 'about', 'how', 'my', 'account', 'got', 'flip', 'turned', 'upside', 'down', 'and', 'i d', 'like', 'to', 'take', 'a', 'minute', 'just', 'sit', 'right', 'there', 'i ll', 'tell', 'you', 'how', 'i', 'bought', 'calls', 'at', 'the', 'top', 'of', 'palantir']",pltr,23,1.4551799158125147,0.8445467625627174
"['pltr', '', '', 'nio', 'reaching', '', 'today']",nio,22,0.9935115645478871,0.7939494861171336
"['if', 'tesla', 'hits', '', 'today', 'i ll', 'take', 'a', 'walk', 'with', 'my', 'dog']",tsla,11,1.1273087896443645,0.9947359827474668
"['i', 'just', 'joined', 'this', 'group', 'and', 'put', 'my', 'paycheque', 'on', 'pltr', 'and', 'baba', 'can t', 'beat', 'em', 'join', 'em', 'let s', 'make', 'some', '']",baba,12,0.9585440777126933,0.9936052302751347
"['standing', 'in', 'a', 'line', 'at', 'gme', 'to', 'buy', 'a', 'ps', 'with', 'my', 'pltr', 'tendies', 'calls', 'on', 'gme']",gme,11,1.2837209267940353,0.9301045430692861
"['virgin', 'baba', 'holders', 'praying', 'for', 'a', '', 'day', 'chad', 'pltr', 'holders', 'and', 'tuscan', 'raiders', 'demanding', 'a', '', 'day']",baba,10,0.9585440777126933,0.9936052302751347
"['went', 'to', 'sleep', 'with', 'tesla', 'red', 'asf', 'woke', 'up', 'to', 'big', 'irish', 'spring', 'shrek', 'dingly', 'dongly', 'green']",tsla,10,1.1273087896443645,0.9947359827474668
"['for', 'those', 'who', 'think', 'pltr', 'is', 'nearing', 'its', 'end', 'nio', 'went', 'k', 'this', 'year']",nio,11,0.9935115645478871,0.7939494861171336
"['if', 'you', 'don t', 'have', 'a', 'gme', 'position', 'i', 'can', 'tell', 'you', 'what', 'color', 'your', 'skin', 'ain t']",gme,11,1.2837209267940353,0.9301045430692861
"['who', 'here', 'is', 'following', 'the', 'intelligent', 'investor', 'and', 'going', '', 'diversified', 'in', 'palantir']",pltr,11,1.4551799158125147,0.8445467625627174
"['get', 'back', 'into', 'pltr', 'dummies', 'last', 'call', 'for', 'the', 'moon', 'express']",expr,11,1.2881356343151835,0.745341637901564
"['remember', 'when', 'citron', 'said', 'sell', 'nio', 'its', 'a', '', 'stock', 'then', 'it', 'dipped', 'and', 'we', 'panicked', 'but', 'it s', 'right', 'back', 'up', 'above', '']",nio,11,0.9935115645478871,0.7939494861171336
"['for', 'all', 'of', 'u', 'that', 'are', 'scared', 'because', 'of', 'citron', 'ill', 'just', 'leave', 'this', 'here', 'if', 'you', 'listened', 'to', 'those', 'fucks', 'on', 'pton', 'and', 'shop', 'you', 'lost', 'out', 'on', '', 'baggers', 'x b', 'https citronresearch com citron research presents peloton investors peddling themselves into frenzy https citronresearch com citron research presents peloton investors peddling themselves into frenzy', 'x b', 'https citronresearch com wp content uploads shopify what a difference a month makes pdf https citronresearch com wp content uploads shopify what a difference a month makes pdf']",shop,11,1.1030652553189808,1.0085071910511363
"['if', 'spy', 'hits', '', 'today', 'i ll', 'ram', 'my', 'tv', 'remote', 'up', 'my', 'ass']",spy,11,1.0133789267039612,1.0193478948802552
"['listen', 'you', 'autistic', 'mfs', 'no', 'stock', 'is', 'gonna', 'moon', 'days', 'and', 'days', 'on', 'end', 'unless', 'we re', 'talking', 'about', 'nio', 'this', 'pullback', 'on', 'pltr', 'is', 'just', 'healthy', 'and', 'refueling', 'for', 'the', 'flight', 'to', '']",nio,10,0.9935115645478871,0.7939494861171336
"['wow', 'palantir', 'is', 'going', 'to', 'be', '', 'next', 'week', 'this', 'dip', 'is', 'free', 'money']",pltr,10,1.4551799158125147,0.8445467625627174
"['', 'gme', '', 'get', 'on', 'before', 'it', 'blasts', 'off']",gme,11,1.2837209267940353,0.9301045430692861
"['y all', 'staring', 'at', 'pltr', 'missed', 'out', 'on', 'quantumscape', 'qs', 'hitting', 'the', 'market', 'this', 'morning', 'up', '', 'and', 'was', 'trading', 'less', 'than', '', 'at', 'open', 'solid', 'state', 'lithium', 'batteries', 'backed', 'by', 'volkswagen', 'and', 'board', 'members', 'are', 'the', 'head', 'of', 'vw', 'co founder', 'of', 'tsla', 'and', 'members', 'from', 'goog', 'amzn', 'shits', 'a', 'moooooner', 'in', 'for', 'k', 'shares', 'and', 'up', 'over', 'k', 'in', 'hrs', 'edit', '', 'now', '', 'since', 'writing', 'this']",goog,11,1.006367178100072,1.0262780438885515
"['y all', 'staring', 'at', 'pltr', 'missed', 'out', 'on', 'quantumscape', 'qs', 'hitting', 'the', 'market', 'this', 'morning', 'up', '', 'and', 'was', 'trading', 'less', 'than', '', 'at', 'open', 'solid', 'state', 'lithium', 'batteries', 'backed', 'by', 'volkswagen', 'and', 'board', 'members', 'are', 'the', 'head', 'of', 'vw', 'co founder', 'of', 'tsla', 'and', 'members', 'from', 'goog', 'amzn', 'shits', 'a', 'moooooner', 'in', 'for', 'k', 'shares', 'and', 'up', 'over', 'k', 'in', 'hrs', 'edit', '', 'now', '', 'since', 'writing', 'this']",amzn,11,1.0164725795536786,0.9856941908245772
"['buy', 'the', 'dip', 'palantir', 'to', 'the', 'moon', '']",pltr,10,1.4551799158125147,0.8445467625627174
"['remember', 'when', 'citron', 'said', 'tesla', 'was', 'shit', 'and', 'later', 'reversed', 'their', 'decision']",tsla,11,1.1273087896443645,0.9947359827474668
"['what', 'are', 'peoples', 'thoughts', 'on', 'gme']",gme,12,1.2837209267940353,0.9301045430692861
"['black', 'friday', 'cyber', 'monday', 'electricity', 'truck', 'tesla', 'bubble', 'elon', 'is', 'going', 'to', 'announce', 'black', 'cyber', 'trucks', 'on', 'monday', 'to', 'the', 'moon', '', 'tsla', 'c']",tsla,12,1.1273087896443645,0.9947359827474668
"['remember', 'when', 'psth', 'merger', 'was', 'announced', 'and', 'the', 'stock', 'more', 'than', 'doubled', 'in', 'a', 'single', 'day', 'remember', 'when', 'pltr', 'hit', '', 'remember', 'when', 'nio', 'hit', '', 'remember', 'when', 'tsla', 'hit', '', 'i', 'do', 'because', 'i', 'come', 'from', 'the', 'future']",nio,20,0.9935115645478871,0.7939494861171336
"['citron', 'should', 'be', 'investigated', 'by', 'sec', 'for', 'market', 'manipulation', 'they', 'did', 'this', 'with', 'pton', 'nio', 'and', 'now', 'pltr', 'they', 'provide', 'no', 'evidence', 'just', 'spread', 'fud', 'to', 'lower', 'price', 'and', 'profit', 'off', 'shorting', 'then', 'they', 'probably', 'buy', 'in', 'lmao']",nio,20,0.9935115645478871,0.7939494861171336
"['anyone', 'else', 'buying', 'nio', 'and', 'xpev', 'and', 'open']",nio,10,0.9935115645478871,0.7939494861171336
"['anyone', 'else', 'buying', 'nio', 'and', 'xpev', 'and', 'open']",xpev,10,1.0354184726261357,0.7861695581922784
"['i m', 'holding', 'weedb', 'spce', 'pltr', 'and', 'sp', 'alexa', 'play', 'green', 'day']",spce,10,1.1270647997647523,1.0420594579630527
"['pltr', 'icln', 'and', 'baba', 'need', 'to', 'moon', 'today']",icln,10,1.0504465890148464,0.9508264309649063
"['pltr', 'icln', 'and', 'baba', 'need', 'to', 'moon', 'today']",baba,10,0.9585440777126933,0.9936052302751347
"['gme', 'lookin', 'sexy', '']",gme,10,1.2837209267940353,0.9301045430692861
"['i', 'just', 'bought', '', 'shares', 'of', 'yeah', 'you', 'know', 'which', 'fucking', 'company', 'palantir', 'baby']",pltr,10,1.4551799158125147,0.8445467625627174
"['im', 'about', 'to', 'sell', 'all', 'my', 'tesla', 'and', 'go', 'all', 'in', 'on', 'pltr', 'give', 'me', 'green', 'light', '', 'minutes', 'until', 'market', 'opens', 'im', 'a', 'retard']",tsla,10,1.1273087896443645,0.9947359827474668
"['as', 'soon', 'as', 'the', 'market', 'opens', 'what s', 'the', 'play', 'pltr', 'nio']",nio,10,0.9935115645478871,0.7939494861171336
"['palantir', 'shaking', 'out', 'all', 'the', 'weak', 'handed', 'retards', 'chill', 'boys', 'we', 'good']",pltr,8,1.4551799158125147,0.8445467625627174
"['f', 'in', 'chat', 'for', 'whoever', 'bought', 'pltr', 'at', '']",f,9,1.0294784850201764,1.0119177265229755
"['is', 'citron', 'shorting', 'pltr', 'again', 'like', 'they', 'did', 'for', 'nio', '', '', '', '', 'lmao']",nio,10,0.9935115645478871,0.7939494861171336
"['black', 'friday', 'sale', 'on', 'pltr', '', 'thc', 'b', 'and', 'gme', 'before', 'their', 'regular', 'scheduled', 'departure', 'to', 'moon']",gme,10,1.2837209267940353,0.9301045430692861
"['if', 'you', 'sold', 'pltr', 'because', 'of', 'citron', 'you', 'clearly', 'didnt', 'watch', 'nio']",nio,10,0.9935115645478871,0.7939494861171336
"['just', 'got', 'pltr', 'puts', 'to', 'save', 'this', 'sub']",save,10,1.0932366341397701,1.1051051402433143
"['all', 'right', 'helping', 'out', 'this', 'gme', 'play', 'in', 'for', 'k', 'shares', 'godspeed', 'retards']",gme,10,1.2837209267940353,0.9301045430692861
"['everyone', 'calm', 'down', 'this', 'is', 'exactly', 'what', 'they', 'did', 'to', 'nio', 'and', 'then', 'it', 'came', 'back', 'shortly', 'after', 'just', 'average', 'down', 'unless', 'you', 'had', 'weeklies', 'then', 'we', 'will', 'honor', 'your', 'death']",nio,9,0.9935115645478871,0.7939494861171336
"['who', 'cares', 'about', 'citron', 'after', 'they', 'were', 'wrong', 'about', 'nio']",nio,12,0.9935115645478871,0.7939494861171336
"['gme', '']",gme,10,1.2837209267940353,0.9301045430692861
"['f', 'for', 'all', 'the', 'pltr', '', 'c s', 'that', 'died', 'today']",f,9,1.0294784850201764,1.0119177265229755
"['palantir', 'bulls', 'got', 'thrown', 'in', 'a', 'pit', 'with', 'live', 'grenades']",pltr,11,1.4551799158125147,0.8445467625627174
"['pltr', 'gang', 'joining', 'ranks', 'of', 'tanker', 'gang', 'rkt', 'gang', 'and', 'prpl', 'gang']",prpl,11,0.9726027346129034,0.9693548140987274
"['i m', 'sorry', 'i', 'betrayed', 'you', 'gme', 'gang', 'mom', 'raised', 'a', 'noddle', 'arm', 'boy', 'with', 'confetti', 'hands', 'i', 'will', 'never', 'leave', 'you', 'again', 'i ve', 'been', 'hurt', 'but', 'i', 'was', 'not', 'kill']",gme,10,1.2837209267940353,0.9301045430692861
"['so', 'this', 'fucking', 'prick', 'who', 'told', 'the', 'world', 'to', 'short', 'nvda', 'at', '', 'is', 'shorting', 'palantir', 'who', 'the', 'fuck', 'knows', 'whats', 'gonna', 'happen', 'and', 'guys', 'like', 'this', 'somehow', 'make', 'a', 'career', 'out', 'of', 'this', 'and', 'make', 'good', 'money']",nvda,10,1.0174811500567182,1.0224091359768468
"['so', 'this', 'fucking', 'prick', 'who', 'told', 'the', 'world', 'to', 'short', 'nvda', 'at', '', 'is', 'shorting', 'palantir', 'who', 'the', 'fuck', 'knows', 'whats', 'gonna', 'happen', 'and', 'guys', 'like', 'this', 'somehow', 'make', 'a', 'career', 'out', 'of', 'this', 'and', 'make', 'good', 'money']",pltr,10,1.4551799158125147,0.8445467625627174
"['and', 'after', 'all', 'this', 'palantir', 'wild', 'ride', 'i', 'still', 'don t', 'know', 'what', 'they', 'do', 'for', 'a', 'living']",pltr,10,1.4551799158125147,0.8445467625627174
"['brothers', 'we', 'peasants', 'must', 'unite', 'gme', 'short', 'squeeze', '', 'we', 'can', 'do', 'it', 'yea', 'brothers']",gme,11,1.2837209267940353,0.9301045430692861
"['palantir', 'iv', 'so', 'high', 'should', 'probably', 'buy', 'stock', 'and', 'just', 'go', 'theta', 'gang', 'it', 'goes', 'against', 'the', 'spirit', 'of', 'wsb', 'but', 'lemme', 'tell', 'ya', 'for', 'a', '', 'stock', 'these', 'premiums', 'are', 'juicy']",pltr,11,1.4551799158125147,0.8445467625627174
"['whats', 'worse', 'than', 'losing', 'money', 'paperhanding', 'like', 'a', 'bietch', '', 'couldve', 'made', 'at', 'least', 'a', '', 'bagger', 'on', 'mrna', 'calls', 'but', 'instead', 'only', 'got', '', 'profit', 'is', 'profit', 'right']",mrna,10,1.5157289925708608,1.0591666963365343
"['y all', 'know', 'cannabis', 'is', 'gonna', 'x', 'next', 'week', 'right', 'look', 'at', 'acb', 'and', 'the', 'news', 'surrounding', 'the', 'us', 'vote', 'the', 'mexico', 'vote', 'and', 'the', 'u k', 'vote', 'holy', 'fucking', 'shit', 'boys', 'the', 'tendies', 'are', 'cooking', 'right', 'now']",acb,9,1.624478471797271,0.9680000305175781
"['someone', 'tell', 'me', 'k', 'into', 'tesla', 'was', 'a', 'good', 'idea']",tsla,10,1.1273087896443645,0.9947359827474668
"['', 'of', 'my', 'portfolio', 'was', 'pltr', 'bought', 'in', 'the', 's', 'sold', 'them', 'all', 'and', 'bought', 'acb', 'calls', 'went', 'from', 'being', 'down', 'for', 'the', 'day', 'to', 'up', '', 'in', 'the', 'last', 'hour', 'woo', 'edit', '', 'sold', 'acb', 'calls', 'in', 'the', 'final', 'minute', 'of', 'trading']",acb,18,1.624478471797271,0.9680000305175781
"['if', 'the', 'entire', 'pltr', 'gang', 'fomos', 'in', 'to', 'gme', 'the', 'gamma', 'squeeze', 'should', 'push', 'us', 'over', 'the', 'edge', 'i', 'don t', 'know', 'if', 'the', 'lamborghini', 'dealerships', 'would', 'be', 'able', 'to', 'handle', 'all', 'the', 'demand']",gme,19,1.2837209267940353,0.9301045430692861
"['pltr', 'will', 'clean', 'out', 'some', 'of', 'the', 'newcomers', 'here', 'and', 'then', 'whenever', 'spy', 'rug', 'pulls', 'the', 'rest', 'will', 'go', 'for', 'now', 'this', 'thread', 'is', 'unreadable', 'spam', 'and', 'people', 'asking', 'i', 'have', '', 'dollars', 'should', 'i', 'buy', 'pltr']",spy,18,1.0133789267039612,1.0193478948802552
"['spce', '', 'jmia', 'aka', 'nigerian', 'bezos', '', 'pltr', '', 'rh', 'better', 'not', 'undercook', 'these', 's', 'today', 'or', 'i m', 'reeeeeeing', 'torrented', 'faceswap', 'and', 'deepfacelabs', 'hopefully', 'my', 'employers', 'workstation', 'doesn t', 'blow', 'up', 'from', 'secretly', 'crapto', 'mining']",spce,9,1.1270647997647523,1.0420594579630527
"['where s', 'the', 'spce', 'love', '']",spce,9,1.1270647997647523,1.0420594579630527
"['nio', 'dipping', 'a', 'little', 'to', 'let', 'us', 'buy', 'more', 'at', 'open', '', '', '', '', '', '']",nio,9,0.9935115645478871,0.7939494861171336
"['holy', 'shit', 'huge', 'bid', 'spike', 'on', 'nio', 'level', '', 'just', 'now', 'big', 'money', 'knows', 'something', '', '']",nio,9,0.9935115645478871,0.7939494861171336
"['going', 'to', 'name', 'my', 'first', 'kid', 'palantir', 'nio tesla']",pltr,10,1.4551799158125147,0.8445467625627174
"['neck', 'beard', 'index', 'u', 'crsr', 'amd', '']",amd,9,1.0834893276346012,1.0768349816075071
"['palantir', 'pulling', 'a', 'vegeta', 'and', 'hitting', 'ssj', 'against', 'all', 'odds']",pltr,9,1.4551799158125147,0.8445467625627174
"['i m', 'a', 'poorfag', 'with', 'only', '', 'shares', 'of', 'pltr', 'if', 'it', 'moons', 'i m', 'happy', 'if', 'it', 'has', 'a', 'correction', 'i ll', 'liquidate', 'my', 'ba', 'stocks', 'and', 'throw', 'another', 'k', 'into', 'pltr']",ba,10,1.0367545808837049,1.0788595735108266
"['fomo', 'into', 'gme', 'or', 'pltr', 'at', 'open']",gme,8,1.2837209267940353,0.9301045430692861
"['i', 'bought', 'nio', 'at', 'top', 'today', 'i', 'am', 'ready', 'to', 'buy', 'pltr']",nio,8,0.9935115645478871,0.7939494861171336
"['baba', 'bros', 'wya', 'i m', 'sad', 'rn']",baba,9,0.9585440777126933,0.9936052302751347
"['my', 'new', 'yacht', 'will', 'be', 'named', 'palantir', 'jr']",pltr,10,1.4551799158125147,0.8445467625627174
"['gme', '', 'by', 'earnings', '', 'eoy']",gme,8,1.2837209267940353,0.9301045430692861
"['gme', 'infinity', 'squeeze', 'this', 'is', 'not', 'a', 'drill']",gme,8,1.2837209267940353,0.9301045430692861
"['upvote', 'this', 'if', 'you', 'had', 'to', 'google', 'what', 'pltr', 'did', 'after', 'you', 'bought', 'into', 'it']",goog,9,1.006367178100072,1.0262780438885515
"['so', 'many', 'stop', 'losses', 'got', 'tripped', 'pltr', 'reloading', 'it s', 'a', 'fucking', 'cia', 'funded', 'company', 'getting', 'gov', 'contracts', 'remember', 'when', 'fb', 'was', '', 'a', 'share']",fb,9,1.022444483899328,1.0132957049739684
"['dear', 'all', 'gme', 'short', 'sellers', 'how', 'does', 'it', 'feel', 'seeing', '', 'on', 'your', 'portfolio', 'and', 'your', 'about', 'to', 'lose', 'your', 'house', 'to', 'your', 'brokerage']",gme,9,1.2837209267940353,0.9301045430692861
"['gme', 'short', 'squezzeeee']",gme,8,1.2837209267940353,0.9301045430692861
"['gme', 'moon', 'mission', 'is', 'underway', 'hop', 'on', 'or', 'watch', 'from', 'the', 'ground']",gme,9,1.2837209267940353,0.9301045430692861
"['cnbc', 'just', 'showed', 'footage', 'of', 'gamestop', 'with', 'lines', 'in', 'front', 'all', 'in']",gme,9,1.2837209267940353,0.9301045430692861
"['citron', 'shorting', 'pltr', 'is', 'bullish', 'andrew', 'f', 'left', 'is', 'always', 'wrong', 'lmao']",f,9,1.0294784850201764,1.0119177265229755
"['anyone', 'else', 'remember', 'the', 'citron', 'price', 'target', 'of', '', 'for', 'shop', 'accused', 'them', 'of', 'outright', 'fraud', 'if', 'i', 'remember', 'right', '', 'https www reddit com r wallstreetbets comments f stln andrew left citron research deletes shop short utm source share utm medium ios app utm name iossmf']",shop,10,1.1030652553189808,1.0085071910511363
"['remember', 'when', 'citron', 'thought', 'pton', 'had', 'a', '', 'target', 'nio', 'had', 'a', '', 'target', 'shop', 'had', 'a', '', 'target', 'tsla', 'had', 'a', '', 'price', 'target']",nio,9,0.9935115645478871,0.7939494861171336
"['remember', 'when', 'citron', 'thought', 'pton', 'had', 'a', '', 'target', 'nio', 'had', 'a', '', 'target', 'shop', 'had', 'a', '', 'target', 'tsla', 'had', 'a', '', 'price', 'target']",shop,9,1.1030652553189808,1.0085071910511363
"['remember', 'when', 'citron', 'killed', 'nio', 'then', 'it', 'hit', 'ath', 'the', 'next', 'day']",nio,10,0.9935115645478871,0.7939494861171336
"['citron', 'is', 'the', 'one', 'who', 'was', 'selling', 'a', 'bunch', 'of', 'the', 'options', 'everyone', 'was', 'buying', 'on', 'tuesday', 'and', 'wednesday', 'they', 'did', 'this', 'with', 'nio', 'two', 'weeks', 'ago', 'as', 'well', 'if', 'you', 'have', 'fds', 'expiring', 'today', 'or', 'were', 'far', 'out', 'of', 'the', 'money', 'you', 'just', 'got', 'fucked', 'if', 'you', 'have', 'shares', 'or', 'long', 'dated', 'this', 'shit', 'will', 'pass']",nio,8,0.9935115645478871,0.7939494861171336
"['palantir', 'with', 'v', 'shaped', 'recovery', 'ohhhh']",pltr,9,1.4551799158125147,0.8445467625627174
"['citron', 'downgraded', 'nio', 'and', 'nio', 'dropped', 'that', 'day', 'nio', 'is', 'up', '', 'since', 'the', 'downgrade']",nio,10,0.9935115645478871,0.7939494861171336
"['apple', 'remains', 'the', 'limp', 'chode', 'of', 'my', 'portfolio', 'since', 'september']",aapl,10,1.015958377073475,1.0451398332119857
"['i', 'know', 'y all', 'only', 'care', 'about', 'pltr', 'now', 'but', 'who', 'the', 'fuck', 'still', 'has', 'nio', 'weeklies', 'with', 'me']",nio,8,0.9935115645478871,0.7939494861171336
"['okay', 'i', 'just', 'sold', 'my', '', 'calls', 'for', 'some', '', 'calls', 'i m', 'confident', 'in', 'pltr', 'no', 'stock', 'can', 'fight', 'a', 'citron', 'report', 'this', 'hard', 'and', 'do', 'this', 'well', 'when', 'spy', 'drops', '', 'within', 'an', 'hour', 'pltr', 'to', 'the', 'moon', 'mon', 'boys']",spy,11,1.0133789267039612,1.0193478948802552
"['pltr', 'bulls', 'will', 'still', 'save', 'money', 'when', 'they', 'are', 'uninvited', 'to', 'christmas', 'by', 'boomer', 'relatives', 'who', 'took', 'their', 'thanksgiving', 'stock', 'tips']",save,10,1.0932366341397701,1.1051051402433143
"['gme', 'shorts', 'are', 'straight', 'up', 'not', 'having', 'a', 'good', 'time', 'right', 'now']",gme,9,1.2837209267940353,0.9301045430692861
"['gme', 'to', 'the', 'moon', 'boys', 'it s', 'comin']",gme,9,1.2837209267940353,0.9301045430692861
"['got', 'a', 'palantir', 'call', 'for', '', 'bucks', 'wednesday', 'sold', 'it', 'for', '', 'at', 'the', 'top', 'that s', 'a', 'solid', 'chopped', 'cheese', 'lunch', 'for', 'me', 'baby']",pltr,9,1.4551799158125147,0.8445467625627174
"['if', 'the', 'short', 'squeeze', 'really', 'hits', 'next', 'week', 'and', 'gme', 'doubles', 'by', 'friday', 'i ll', 'give', '', 'people', 'who', 'lost', 'their', 'jobs', 'from', 'the', 'pandemic', '', 'each', 'or', 'i ll', 'eat', 'my', 'own', 'shit', 'whichever', 'wsb', 'prefers']",gme,9,1.2837209267940353,0.9301045430692861
"['if', 'you', 'put', '', 'dollars', 'in', 'your', 'account', 'and', 'shorted', 'shares', 'of', 'each', 'of', 'citrons', 'targets', 'this', 'year', 'tesla', 'nio', 'and', 'pton', 'with', 'a', '', 'dollars', 'each', 'and', 'didn t', 'sell', 'your', 'account', 'would', 'be', 'at', 'around', '']",tsla,9,1.1273087896443645,0.9947359827474668
"['if', 'you', 'put', '', 'dollars', 'in', 'your', 'account', 'and', 'shorted', 'shares', 'of', 'each', 'of', 'citrons', 'targets', 'this', 'year', 'tesla', 'nio', 'and', 'pton', 'with', 'a', '', 'dollars', 'each', 'and', 'didn t', 'sell', 'your', 'account', 'would', 'be', 'at', 'around', '']",nio,9,0.9935115645478871,0.7939494861171336
"['so', 'does', 'nobody', 'care', 'about', 'spy', 'no', 'more', 'or', 'what']",spy,10,1.0133789267039612,1.0193478948802552
"['along', 'with', 'pltr', 'make', 'sure', 'to', 'keep', 'pumping', 'nio', 'as', 'well']",nio,10,0.9935115645478871,0.7939494861171336
"['come', 'on', 'and', 'admit', 'it', 'who', 'paper', 'handed', 'palantir', 'today']",pltr,16,1.4551799158125147,0.8445467625627174
"['palantir', 'isn t', 'even', 'down', 'a', 'whole', 'point', 'and', 'all', 'you', 'clowns', 'are', 'freaking', 'out', 'the', 'market', 'is', 'full', 'of', 'you', 'idiots', 'god', 'help', 'us']",pltr,16,1.4551799158125147,0.8445467625627174
"['baba', 'imma', 'need', 'you', 'to', 'step', 'your', 'game', 'up', 'today', 'i', 'got', 'a', 'call', 'or', 'two', 'expiring', 'out', 'of', 'the', 'money', 'right', 'now', 'so', 'let s', 'not', 'fade', 'into', 'open', 'please']",baba,7,0.9585440777126933,0.9936052302751347
"['gme', 'with', 'the', 'b', 'market', 'cap', '']",gme,7,1.2837209267940353,0.9301045430692861
"['icln', 'will', 'be', '', 'by', 'april']",icln,8,1.0504465890148464,0.9508264309649063
"['got', 'k', 'on', 'sq', 'weeklies', '']",sq,8,1.0542202092370307,0.9772300182933539
"['gme', 'looking', 'good', 'pm', 'look', 'at', 'the', '', 'month', 'chart']",gme,9,1.2837209267940353,0.9301045430692861
"['im', 'so', 'happy', 'for', 'all', 'of', 'us', 'the', 'ev', 'squad', 'baba', 'squad', 'pltr', 'squad', 'even', 'gme', 'squad', 'we', 'eating', 'tonight']",baba,9,0.9585440777126933,0.9936052302751347
"['im', 'so', 'happy', 'for', 'all', 'of', 'us', 'the', 'ev', 'squad', 'baba', 'squad', 'pltr', 'squad', 'even', 'gme', 'squad', 'we', 'eating', 'tonight']",gme,9,1.2837209267940353,0.9301045430692861
"['baba', 'wake', 'up', 'plz', 'you', 'are', 'not', 'boomer', 'wake', 'your', 'azz', 'up']",baba,9,0.9585440777126933,0.9936052302751347
"['anyone', 'else', 'getting', 'out', 'of', 'nio', 'to', 'play', 'pltr', 'bout', 'to', 'liquidate', 'all', 'i', 'got', 'in', 'nio', 'and', 'yolo', 'it', 'is', 'this', 'the', 'way']",nio,9,0.9935115645478871,0.7939494861171336
"['pltr', 'ain t', 'gonna', 'go', 'back', 'down', 'when', 'has', 'the', 'government', 'ever', 'spied', 'on', 'us', 'less', 'they re', 'just', 'gonna', 'spy', 'more', 'and', 'more', 'and', 'pltr', 'is', 'gonna', 'be', 'the', 'backbone', 'of', 'it', 'all']",spy,8,1.0133789267039612,1.0193478948802552
"['gme', 'has', '', 'b', 'market', 'cap', '', '', 'of', 'issued', 'shares', 'are', 'shorted', '', 'earnings', 'december', 'th', '', 'console', 'cycle', 'start', 'this', 'fucker', 'is', 'going', 'to', 'squeeze', 'probably', 'going', 'to', 'ruin', 'a', 'bunch', 'of', 'mms', 'careers', 'fuck', 'those', 'retards']",gme,8,1.2837209267940353,0.9301045430692861
"['bruh', 'so', 'fucking', 'glad', 'i', 'cashed', 'out', 'of', 'nio', 'and', 'threw', 'it', 'all', 'into', 'pltr']",nio,8,0.9935115645478871,0.7939494861171336
"['gamestop', 'absolute', 'mad', 'lad']",gme,8,1.2837209267940353,0.9301045430692861
"['if', 'u', 'sell', 'palantir', 'you re', 'retarded', 'it s', 'hitting', '', 'by', 'next', 'friday']",pltr,7,1.4551799158125147,0.8445467625627174
"['lol', 'tesla', 'market', 'cap', 'now', 'over', 'x', 'the', 'big', '', 'combined']",tsla,7,1.1273087896443645,0.9947359827474668
"['what', 'idiot', 'is', 'selling', 'gme', 'at', 'this', 'point']",gme,8,1.2837209267940353,0.9301045430692861
"['anyone', 'else', 'geared', 'up', 'for', 'this', 'gme', 'short', 'squeeze']",gme,9,1.2837209267940353,0.9301045430692861
"['gme', 'gang', 'rise', 'up']",gme,7,1.2837209267940353,0.9301045430692861
"['as', 'we', 'learned', 'with', 'nio', 'buy', 'the', 'citron', 'dip', 'their', 'figures', 'are', 'no', 'match', 'for', 'our', 'retard', 'strength']",nio,8,0.9935115645478871,0.7939494861171336
"['don t', 'miss', 'out', 'on', 'the', 'gme', 'squeeze', '']",gme,8,1.2837209267940353,0.9301045430692861
"['i m', 'so', 'hype', 'for', 'the', 'gamestop', 'dudes', 'post']",gme,8,1.2837209267940353,0.9301045430692861
"['gme', 'just', 'getting', 'started', '']",gme,9,1.2837209267940353,0.9301045430692861
"['there', 'is', 'no', 'more', 'volume', 'on', 'these', 'red', 'candles', 'on', 'gme', 'no', 'one', 'is', 'unloading', 'there', 'shares', 'anymore', 'it', 'truly', 'is', 'only', 'up', 'from', 'here']",gme,8,1.2837209267940353,0.9301045430692861
"['imagine', 'not', 'buying', 'this', 'pltr', 'dip', 'and', 'next', 'week', 'posting', 'is', 'palantir', 'worth', 'to', 'buy', 'now', 'when', 'it', 'hits', '', 'monday']",pltr,8,1.4551799158125147,0.8445467625627174
"['i', 'panic', 'sold', 'my', 'nio', 'calls', 'when', 'citron', 'shits', 'on', 'it', 'then', 'i', 'was', 'watching', 'it', 'going', 'back', 'up', 'next', 'week', 'on', 'the', 'sideline', 'never', 'letting', 'that', 'happen', 'again', 'hold', 'strong', 'pltr', 'fam', '']",nio,7,0.9935115645478871,0.7939494861171336
"['hopefully', 'palantir', 'launches', 'its', 'new', 'short', 'shorts', 'merchandise', 'soon']",pltr,8,1.4551799158125147,0.8445467625627174
"['fcel', 'and', 'thicc', 'mama', 'b']",fcel,7,1.6478190169589946,0.7514177567668963
"['guys', 'hold', 'gme', 'don t', 'paper', 'hand']",gme,9,1.2837209267940353,0.9301045430692861
"['citron', 'put', 'reports', 'out', 'on', 'so', 'many', 'other', 'stocks', 'before', 'this', 'with', 'some', 'valid', 'reasons', 'this', 'one', 'is', 'literally', 'just', '', 'cause', 'it', 'jumped', 'too', 'fast', '', 'bro', 'tesla', 'did', 'that', 'too']",tsla,9,1.1273087896443645,0.9947359827474668
"['citron', 'was', 'short', 'on', 'nio', 'with', 'a', 'price', 'target', 'of', '', 'earlier', 'this', 'month', 'don t', 'worry', 'palantards', 'tendies', 'are', 'coming']",nio,9,0.9935115645478871,0.7939494861171336
"['citron', 'only', 'released', 'a', 'hit', 'piece', 'because', 'of', 'that', 'wsb', 'nio', 'post', 'talking', 'about', 'his', 'divorce', 'lmaooooo']",nio,9,0.9935115645478871,0.7939494861171336
"['lots', 'of', 'dip', 'opportunities', 'today', 'baba', 'fsr', 'pltr', '', 'crsr']",baba,7,0.9585440777126933,0.9936052302751347
['fcel'],fcel,9,1.6478190169589946,0.7514177567668963
"['contributed', '', 'to', 'the', 'gme', 'meme', 'fund', 'it', 'ain t', 'much', 'but', 'it s', 'honest', 'work']",gme,7,1.2837209267940353,0.9301045430692861
"['gme', 'going', 'up', 'after', 'hours', '']",gme,7,1.2837209267940353,0.9301045430692861
"['took', 'all', 'pltr', 'gains', 'into', 'gme', 'lets', 'squeeze']",gme,8,1.2837209267940353,0.9301045430692861
"['please', 'please', 'don t', 'buy', 'into', 'short', 'sellers', 'like', 'citron', 'they', 'have', 'told', 'people', 'to', 'short', 'tsla', 'also', 'last', 'week', 'mentioning', 'how', 'nio', 'was', 'gonna', 'be', 'worth', '', 'at', 'the', 'eoy', 'you', 'can', 'see', 'how', 'stupid', 'they', 'look', 'now']",nio,7,0.9935115645478871,0.7939494861171336
"['anyone', 'know', 'if', 'gme', 'still', 'has', 'a', 'retarded', 'amount', 'of', 'short', 'interest', 'and', 'days', 'to', 'cover', 'or', 'is', 'there', 'obviously', 'no', 'short', 'squeeze', 'coming']",gme,7,1.2837209267940353,0.9301045430692861
"['zm', 'mooning', 'on', 'monday', 'today s', 'was', 'just', 'a', 'taste', 'cant', 'fuckin', 'wait']",zm,8,1.1072891241827554,0.8441630625095741
"['fucking', 'please', 'apple', 'hit', '', 'next', 'week']",aapl,8,1.015958377073475,1.0451398332119857
"['deploy', 'the', 'palantir', 'in', 'iran', '']",pltr,8,1.4551799158125147,0.8445467625627174
"['on', 'feb', '', '', 'citron', 'tweeted', 'that', 'tesla', 'had', 'become', 'the', 'new', 'wall', 'st', 'casino', 'while', 'it', 'has', 'only', 'tripled', 'since', 'then', 'i', 'think', 'the', 'shareholders', 'are', 'happy', 'longs', 'should', 'be', 'cheering', 'a', 'pullback', 'its', 'normal', 'and', 'healthy', 'for', 'short', 'and', 'long', 'term', 'price', 'growth', 'also', 'an', 'opportunity', 'to', 'add', 'to', 'your', 'position']",tsla,8,1.1273087896443645,0.9947359827474668
"['citron', 'put', 'out', 'a', 'short', 'and', 'it', 'only', 'went', 'down', '', 'oof', 'nio', 'went', 'down', 'fucking', '', 'and', 'rebounded', 'back', 'to', 'all', 'time', 'highs']",nio,14,0.9935115645478871,0.7939494861171336
"['finally', 'have', '', 'stocks', 'of', 'tesla']",tsla,15,1.1273087896443645,0.9947359827474668
"['sold', '', 'aapl', 'shares', 'to', 'buy', '', 'pltr', 'shares']",aapl,15,1.015958377073475,1.0451398332119857
"['everyone', 'go', 'on', 'citron', 'twitter', 'and', 'call', 'them', 'gay', 'bear', 'boomers', 'and', 'ask', 'how', 'nio', 'is', 'going']",nio,13,0.9935115645478871,0.7939494861171336
"['literally', 'the', 'exact', 'same', 'shit', 'happened', 'with', 'citron', 'and', 'nio', 'pltr', 'gonna', 'be', 'fucking', 'ur', 'wife', 'on', 'its', 'way', 'to', '', 'next', 'week']",nio,14,0.9935115645478871,0.7939494861171336
"['gme', 'looking', 'ripe', 'for', 'the', 'pickings', '']",gme,6,1.2837209267940353,0.9301045430692861
"['nerds', 'camping', 'out', 'in', 'front', 'of', 'gme', 'to', 'get', 'a', 'ps']",gme,7,1.2837209267940353,0.9301045430692861
"['nio', 'premarket', 'giving', 'me', 'hope']",nio,7,0.9935115645478871,0.7939494861171336
"['the', 'tesla', 'twerk', 'team', 'reporting', 'for', 'duty', 'alexa', 'play', 'runnin']",tsla,7,1.1273087896443645,0.9947359827474668
"['nio', 'rising', 'from', 'the', 'ashes', 'yet', 'again']",nio,7,0.9935115645478871,0.7939494861171336
"['today', 'i', 'will', 'join', 'in', 'on', 'upcoming', 'gme', 'short', 'squeeze', 'and', 'apxt', 'k', 'in', 'shares', 'for', 'both']",gme,6,1.2837209267940353,0.9301045430692861
"['went', 'for', 'baba', 'instead', 'of', 'nio', 'two', 'months', 'ago', 'i ll', 'nexer', 'doubt', 'a', 'meme', 'stock', 'ever', 'again']",baba,7,0.9585440777126933,0.9936052302751347
"['went', 'for', 'baba', 'instead', 'of', 'nio', 'two', 'months', 'ago', 'i ll', 'nexer', 'doubt', 'a', 'meme', 'stock', 'ever', 'again']",nio,7,0.9935115645478871,0.7939494861171336
"['spce', 'dkng', 'pltr', 'thank', 'you', 'so', 'much', 'for', 'bringing', 'my', 'portfolio', 'back', 'from', 'the', 'dead', '']",spce,7,1.1270647997647523,1.0420594579630527
"['why', 'have', 'i', 'even', 'put', 'up', 'with', 'aapl']",aapl,6,1.015958377073475,1.0451398332119857
"['my', 'trading', 'app', 'has', 'indefinitely', 'closed', 'pltr', 'and', 'tesla', 'cfd', 'markets', 'because', 'of', 'extreme', 'volotility', 'you', 'guys', 'broke', 'their', 'bank']",tsla,7,1.1273087896443645,0.9947359827474668
"['cmon', 'pltr', 'we', 'need', 'you', 'bby']",bby,8,0.9050828842272383,0.9369009200201426
"['pltr', 'and', 'gme', 'jesus', 'this', 'is', 'like', 'cocain']",gme,7,1.2837209267940353,0.9301045430692861
"['where', 'my', 'gme', 'bois', 'at']",gme,7,1.2837209267940353,0.9301045430692861
"['congrats', 'to', 'the', 'guy', 'with', 'mil', 'in', 'gme']",gme,7,1.2837209267940353,0.9301045430692861
"['join', 'the', 'gme', 'gang', 'boys']",gme,7,1.2837209267940353,0.9301045430692861
"['is', 'the', 'gme', 'short', 'squeeze', 'finally', 'happening', 'after', 'two', 'months']",gme,8,1.2837209267940353,0.9301045430692861
"['gme', 'gme', 'gme', 'gme', 'gme', 'gme']",gme,7,1.2837209267940353,0.9301045430692861
"['gme', 'is', 'the', 'future', 'all', 'onboard']",gme,6,1.2837209267940353,0.9301045430692861
"['so', 'that', 'gme', 'short', 'squeeze', 'really', 'about', 'to', 'happen']",gme,7,1.2837209267940353,0.9301045430692861
"['all', 'about', 'gme', 'now']",gme,7,1.2837209267940353,0.9301045430692861
"['paper', 'hand', 'shaken', 'out', 'back', 'up', 'boyz pltr', 'closes', 'eod', '', 'also', 'gme', 'gang', 'squeezzing']",gme,6,1.2837209267940353,0.9301045430692861
"['gme', 'is', 'the', 'next', 'pltr', 'boyz']",gme,7,1.2837209267940353,0.9301045430692861
"['is', 'it', 'just', 'me', 'or', 'tesla', 'and', 'fang', 'stonks', 'feel', 'like', 'boomer', 'stocks', 'after', 'pltr', 'and', 'other', 'spacs', 'like', 'th b', '']",tsla,8,1.1273087896443645,0.9947359827474668
"['pltr', 'weak', 'like', 'little', 'boy', 'gme', 'strong', 'like', 'bull', '', '', '']",gme,7,1.2837209267940353,0.9301045430692861
"['come', 'on', 'gme', 'lets', 'make', 'history', 'baby']",gme,7,1.2837209267940353,0.9301045430692861
"['palantir', 'keep', 'going', 'baby', 'aaaaaaaaaaaaaaaaaaaaaaaaaaaaa']",pltr,7,1.4551799158125147,0.8445467625627174
"['f', 'for', 'all', 'the', 'paper', 'hands']",f,6,1.0294784850201764,1.0119177265229755
"['gme', 'gme', 'gme', 'gme', 'gme', 'and', 'tsla', 'tsla', 'tsla', 'tsla']",gme,8,1.2837209267940353,0.9301045430692861
"['does', 'citron', 'even', 'have', 'any', 'credibility', 'after', 'the', 'messy', 'report', 'on', 'nio']",nio,7,0.9935115645478871,0.7939494861171336
"['gme', 'omggggggg']",gme,7,1.2837209267940353,0.9301045430692861
"['take', 'my', 'retard', 'entertaining', 'gme', 'and', 'pltr']",gme,6,1.2837209267940353,0.9301045430692861
"['woah', 'gme', 'taking', 'me', 'to', 'valhalla', 'this', 'morning', 'nice']",gme,8,1.2837209267940353,0.9301045430692861
"['sold', 'crsr', 'this', 'morning', 'to', 'double', 'down', 'on', 'gme', 'let s', 'fucking', 'go']",gme,8,1.2837209267940353,0.9301045430692861
"['positions', 'on', 'gme']",gme,6,1.2837209267940353,0.9301045430692861
"['tesla', 'consolidating', 'again', 'gonna', 'pass', '', 'today']",tsla,7,1.1273087896443645,0.9947359827474668
"['honestly', 'citron', 'tweet', 'may', 'affect', 'those', 'with', 'near', 'expiry', 'fds', 'but', 'i', 'actually', 'feel', 'better', 'about', 'my', 'call', 'diagonals', 'they', 'got', 'it', 'so', 'wrong', 'on', 'nio', 'and', 'this', 'bodes', 'well', 'for', 'anyone', 'long']",nio,7,0.9935115645478871,0.7939494861171336
"['everyone', 'hyper', 'focused', 'on', 'pltr', 'and', 'gme', 'today', 'yet', 'ignoring', 'that', 'nvax', 'is', 'up', '', 'and', 'their', 'options', 'are', 'up', '', 'on', 'weeklies', 'you', 'guys', 'are', 'a', 'work', 'of', 'art']",gme,7,1.2837209267940353,0.9301045430692861
"['', 'of', 'analysts', 'rate', 'nio', 'a', 'buy', 'stop', 'selling', 'nio', 'please', 'so', 'i', 'can', 'enjoy', 'more', 'gains']",nio,6,0.9935115645478871,0.7939494861171336
"['i', 'liquidated', 'a', 'lot', 'of', 'my', 'shit', 'and', 'spent', 'slightly', 'over', '', 'for', '', 'gme', 'shares', 'for', 'less', 'than', '', 'each', 'today', 'and', 'sold', '', 'covered', 'calls', 'with', '', 'dte', 'and', '', 'strike', 'so', 'if', 'this', 'shit', 'short', 'squeezes', 'i ll', 'have', '', 'profit', 'plus', '', 'shares', 'or', 'if', 'it', 'shits', 'the', 'bed', 'i ll', 'keep', '', 'and', 'sell', 'covered', 'calls', 'for', 'a', 'couple', 'years', 'until', 'i', 'get', 'my', 'money', 'back']",gme,6,1.2837209267940353,0.9301045430692861
"['how', 'long', 'are', 'you', 'guys', 'holding', 'gme', 'calls', 'for']",gme,7,1.2837209267940353,0.9301045430692861
"['you', 'all', 'said', 'buy', 'pltr', 'calls', 'spy', 'go', 'fuck', 'yourself', 'for', 'being', 'so', 'fucking', 'gay']",spy,8,1.0133789267039612,1.0193478948802552
"['gme', 'ready', 'to', 'rip', 'again']",gme,7,1.2837209267940353,0.9301045430692861
"['every', 'fiber', 'of', 'my', 'being', 'told', 'me', 'to', 'buy', 'puts', 'when', 'palantir', 'was', 'at', '', 'so', 'of', 'course', 'i', 'didn t']",pltr,8,1.4551799158125147,0.8445467625627174
"['remember', 'when', 'citron', 'shorted', 'nio', 'and', 'everyone', 'said', 'it', 'was', 'dead', 'and', 'it', 'lost', 'its', 'hype', 'then', 'it', 'continued', 'up', 'to', '', 'lmao', 'pltr', 'is', 'going', 'to', 'boom', 'next', 'week', '', 'c', 'locked', 'in']",nio,7,0.9935115645478871,0.7939494861171336
"['i', 'wake', 'up', 'this', 'morning', 'and', 'sell', 'my', 'palantir', 'call', 'at', 'open', 'for', 'a', 'nice', 'profit', 'take', 'my', 'post', 'thanksgiving', 'dump', 'and', 'eat', 'another', 'plate', 'for', 'breakfast', 'buy', '', 'shares', 'on', 'the', 'dip', 'for', 'lolz', 'im', 'now', 'down', 'on', 'the', 'shares', 'more', 'than', 'i', 'made', 'on', 'the', 'call', 'so', 'i', 'buy', 'a', 'put', 'as', 'my', 'shares', 'fall', 'my', 'put', 'also', 'falls', 'i', 'r', 'fuk']",pltr,7,1.4551799158125147,0.8445467625627174
"['pltr', 'tanked', 'because', 'citron', 'said', 'it', 'was', 'a', 'casino', 'and', 'is', 'shorting', 'it', 'exactly', 'what', 'happened', 'to', 'nio', 'two', 'weeks', 'ago']",nio,8,0.9935115645478871,0.7939494861171336
"['b', 'u', 'y', 't', 'h', 'e', 'd', 'i', 'p', 'f', 'a', 'g', 'g', 'o', 't', 's']",f,7,1.0294784850201764,1.0119177265229755
"['why', 'does', 'anyone', 'listen', 'to', 'citron', 'anymore', 'like', 'fr', 'they', 'shorted', 'tesla', '', 'ago', 'nio', 'like', '', 'ago', 'fuck', 'em']",tsla,6,1.1273087896443645,0.9947359827474668
"['why', 'does', 'anyone', 'listen', 'to', 'citron', 'anymore', 'like', 'fr', 'they', 'shorted', 'tesla', '', 'ago', 'nio', 'like', '', 'ago', 'fuck', 'em']",nio,6,0.9935115645478871,0.7939494861171336
"['baba', 'gang', 'we', 'stay', 'strong', '']",baba,7,0.9585440777126933,0.9936052302751347
"['citron', 'tried', 'to', 'short', 'blnk', 'earlier', 'this', 'week', 'and', 'it', 'is', 'up', '', 'today', 'lol', '', 'this', 'should', 'trade', 'right', 'back', 'to', '', 'where', 'it', 'is', 'still', 'overpriced', 'total', 'scheme', 'have', 'a', 'great', 'weekend', 'everybody', 'see', 'y all', 'next', 'week']",blnk,7,0.9560772489922685,0.886296307599103
"['citrons', 'hitpiece', 'did', 'so', 'much', 'damage', 'to', 'pltr', 'that', 'it', 'went', 'flat', 'lol', 'loser', 'nerds', 'are', 'upset', 'their', 'nio', 'puts', 'never', 'materialized']",nio,8,0.9935115645478871,0.7939494861171336
"['https finance yahoo com news palantir adds billion value html https finance yahoo com news palantir adds billion value html', 'x b', '', 'palantir', 'adds', '', 'billion', 'in', 'value', 'in', 'best', 'week', 'since', 'debut']",pltr,7,1.4551799158125147,0.8445467625627174
"['gme', 'run', 'to', '', 'you', 'dirty', 'boy']",gme,7,1.2837209267940353,0.9301045430692861
"['gme', 'established', 'a', 'support', 'for', 'today', 'might', 'be', 'a', 'good', 'weekend', 'hold', 'if', 'good', 'black', 'friday', 'headlines', 'pop', 'out', 'short', 'might', 'want', 'to', 'start', 'covering', 'soon']",gme,7,1.2837209267940353,0.9301045430692861
"['never', 'a', 'good', 'feeling', 'when', 'you', 'f', 'up', 'a', 'trade', 'on', 'a', 'friday', 'gonna', 'spend', 'all', 'weekend', 'thinking', 'about', 'it', 'now']",f,6,1.0294784850201764,1.0119177265229755
"['pltr', 'down', 'i m', 'still', 'up', 'diversity', 'apha', 'c', '', 'and', 'shares', 'vale', 'c', 'c', '', 'acb', 'sn dl', 'gme', 'c', '', 'and', 'shares']",acb,6,1.624478471797271,0.9680000305175781
"['pltr', 'down', 'i m', 'still', 'up', 'diversity', 'apha', 'c', '', 'and', 'shares', 'vale', 'c', 'c', '', 'acb', 'sn dl', 'gme', 'c', '', 'and', 'shares']",gme,6,1.2837209267940353,0.9301045430692861
"['hopefully', 'baba', 'is', 'green', 'next', 'week']",baba,6,0.9585440777126933,0.9936052302751347
"['astrazeneca', 'and', 'oxford', 'have', 'to', 'run', 'another', 'late', 'stage', 'trial', 'because', 'of', 'the', 'discovery', 'of', 'a', 'major', 'dosing', 'error', 'like', 'wtf', 'how', 'the', 'f', 'do', 'you', 'fuck', 'up', 'something', 'as', 'basic', 'as', 'dosing', 'and', 'regimen', 'for', 'something', 'as', 'critical', 'as', 'a', 'phase', '', 'trial', 'whoever', 'fucked', 'that', 'up', 'probably', 'got', 'decapitated', 'at', 'az']",f,8,1.0294784850201764,1.0119177265229755
"['fucking', 'dude', 'made', 'k', 'on', 'gme', 'and', 'i m', 'buying', 'warrants', 'in', 'shady', 'ass', 'spacs', 'trying', 'to', 'hit', 'the', 'lotto', 'to', 'recover', 'my', 'losses', 'i', 'hate', 'this', 'game']",gme,8,1.2837209267940353,0.9301045430692861
"['just', 'saw', 'a', 'line', 'of', '', 'people', 'outside', 'my', 'local', 'gamestop']",gme,8,1.2837209267940353,0.9301045430692861
"['if', 'this', 'holds', 'for', 'gme', 'the', 'squeeze', 'begins', 'doesn t', 'it', '']",gme,8,1.2837209267940353,0.9301045430692861
"['anyone', 'else', 'buying', 'icln', 'calls', 'this', 'things', 'amazing']",icln,7,1.0504465890148464,0.9508264309649063
"['just', 'bought', 'back', 'into', 'palantir', 'get', 'that', 'black', 'friday', 'discount', 'everyone']",pltr,8,1.4551799158125147,0.8445467625627174
"['you', 'don t', 'know', 'what s', 'coming', 'neither', 'do', 'i', 'but', 'the', 'metal', 'gang', 'were', 'the', 'first', 'victims', 'tldr', 'spy', 'puts']",spy,7,1.0133789267039612,1.0193478948802552
"['my', 'gamestop', 'calls', 'generated', 'big', 'money', 'for', 'me', 'and', 'i m', 'having', 'anxiety']",gme,6,1.2837209267940353,0.9301045430692861
"['i', 'cashed', 'out', 'my', 'gme', 'calls', 'today', 'gonna', 'rebuy', 'longer', 'dated', 'ones', 'on', 'monday']",gme,8,1.2837209267940353,0.9301045430692861
"['my', 'baba', 'call', 'holders', 'how', 'u', 'guys', 'doing', 'my', 'brothers', 'make', 'sure', 'u', 'drink', 'water']",baba,6,0.9585440777126933,0.9936052302751347
"['good', 'time', 'to', 'get', 'into', 'icln', 'clean', 'energy', 'is', 'gonna', 'pump', 'when', 'biden', 'gets', 'in', 'office']",icln,6,1.0504465890148464,0.9508264309649063
"['amzn', 'is', 'such', 'an', 'expensive', 'one', 'to', 'play', 'like', 'fucking', 'k', 'for', 'a', 'single', 'call', 'expiring', '', 'weeks', 'out']",amzn,8,1.0164725795536786,0.9856941908245772
"['google', 'billion', 'dolla', 'advertising', 'strategy', 'what', 'if', 'we', 'just', 'ask', 'every', 'person', '', 'times', 'if', 'they', 'want', 'sign', 'for', 'youtube', 'tv']",goog,6,1.006367178100072,1.0262780438885515
"['look', 'at', 'what', 'citron', 'did', 'to', 'nvda', 'last', 'year', 'they', 'did', 'the', 'exact', 'same', 'thing', 'today', 'https twitter com citronresearch status s', 'edit', 'that', 'tweet', 'was', 'in', '', 'not', '']",nvda,7,1.0174811500567182,1.0224091359768468
"['citron', 'did', 'this', 'to', 'nio', 'but', 'nio', '', '', 'days', 'after']",nio,12,0.9935115645478871,0.7939494861171336
"['citron', 'did', 'this', 'same', 'shit', 'for', 'nio', 'on', 'friday', 'nov', 'th', 'they', 'said', 'nio', 'will', 'go', 'down', 'to', '', 'caused', 'the', 'stock', 'to', 'drop', '', 'dollars', 'the', 'following', 'week', 'it', 'hit', 'ath', 'we ll', 'be', 'fine', 'fellas']",nio,13,0.9935115645478871,0.7939494861171336
"['shitron', 'fooled', 'me', 'with', 'nio', 'but', 'they', 'won t', 'fool', 'me', 'with', 'pltr']",nio,14,0.9935115645478871,0.7939494861171336
"['same', 'tweet', 'as', 'pltr', 'now', 'look', 'at', 'nvda', 'https twitter com citronresearch status s']",nvda,13,1.0174811500567182,1.0224091359768468
"['mms', 'had', 'to', 'keep', 'pltr', 'under', '', 'today', 'just', 'like', 'they', 'needed', 'to', 'keep', 'nio', 'under', '', 'a', 'few', 'weeks', 'ago']",nio,12,0.9935115645478871,0.7939494861171336
"['baba', 'let s', 'break', '', 'today', '']",baba,13,0.9585440777126933,0.9936052302751347
"['gme', '']",gme,13,1.2837209267940353,0.9301045430692861
"['citron', 'use', 'to', 'say', 'the', 'same', 'shit', 'about', 'tesla', 'now', 'they', 'say', 'the', 'market', 'cap', 'is', 'justifiable', 'because', 'it s', 'a', 'tech', 'company', 'after', 'pltr', 'is', 'different', 'from', 'its', 'competitors', '', 'it s', 'also', 'commercial', 'keep', 'holding', 'i', 'even', 'bought', 'more', 'during', 'the', 'dip', 'my', 'price', 'target', 'is', '', 'it', 'can', 'fall', 'to', '', 'and', 'i ll', 'just', 'double', 'down', 'my', 'investment']",tsla,12,1.1273087896443645,0.9947359827474668
"['imagine', 'spending', '', 'of', 'your', 'normal', 'annual', 'income', 'on', 'gamestop', 'not', 'knowing', 'their', 'earnings', 'is', 'in', '', 'trading', 'days', 'in', 'the', 'past', 'i ve', 'never', 'bet', 'more', 'than', 'k', 'on', 'earnings', 'because', 'i', 'usually', 'lose', 'even', 'though', 'it', 'sounds', 'like', 'a', 'really', 'good', 'earnings', 'play', 'but', 'i', 'guess', 'i ll', 'throw', '', 'at', 'gamestop', 'as', 'if', 'they re', 'obviously', 'thriving', 'and', 'making', 'bank', 'right', 'now', '', 'ya', 'i', 'could', 'just', 'sell', 'but', 'i m', 'in', 'this', 'for', 'the', 'short', 'squeeze', 'that', 'never', 'happens', 'but', 'imagine', 'earnings', 'being', 'the', 'catalyst', 'that', 'sets', 'it', 'off', 'and', 'i', 'sell', 'right', 'before', '', 'edit', 'also', 'i ve', 'been', 'unemployed', 'since', 'march', 'so', 'i', 'dont', 'even', 'have', 'that', 'income', 'anymore', 'so', 'k', 'is', 'kinda', 'important']",gme,12,1.2837209267940353,0.9301045430692861
"['baba', 'pls', 'print', 'today']",baba,6,0.9585440777126933,0.9936052302751347
['spce'],spce,6,1.1270647997647523,1.0420594579630527
"['tsla', 'crsr', 'aapl', 'zm', 'pltr', 'ripping', 'today']",aapl,7,1.015958377073475,1.0451398332119857
"['tsla', 'crsr', 'aapl', 'zm', 'pltr', 'ripping', 'today']",zm,7,1.1072891241827554,0.8441630625095741
"['nio', 'and', 'tsla', 'teamwork', 'lets', 'get', 'this']",nio,6,0.9935115645478871,0.7939494861171336
"['tesla', 'greener', 'than', 'it s', 'emissions']",tsla,6,1.1273087896443645,0.9947359827474668
"['way', 'more', 'gme', 'threads', 'than', 'last', 'week', 'and', 'a', 'few', 'weeks', 'ago', 'wsb', 'sentiment', 'changing', 'for', 'the', 'positive', 'retard', 'momentum', 'will', 'be', 'the', 'catalyst', 'trust', 'me', 'i', 'have', 'assburgers']",gme,6,1.2837209267940353,0.9301045430692861
"['the', 'tesla', 'twerk', 'team', 'throwin', 'all', 'sorts', 'of', 'ass', 'today', 'the', 'whole', 'sub', 'gonna', 'smell', 'like', 'budussy']",tsla,6,1.1273087896443645,0.9947359827474668
"['you ll', 'all', 'come', 'back', 'to', 'papa', 'nio', 'sooner', 'or', 'later']",nio,5,0.9935115645478871,0.7939494861171336
"['gme', '', 'call']",gme,6,1.2837209267940353,0.9301045430692861
"['my', 'ladz', 'my', 'sweet', 'sweet', 'summer', 'children', 'born', 'at', 'a', 'time', 'an', 'epoch', 'in', 'this', 'crazy', 'universe', 'that', 'will', 'today', 'fill', 'your', 'minds', 'with', 'wonderments', 'and', 'have', 'your', 'eyes', 'cross', 'in', 'autistic', 'nourishments', 'for', 'today', 'we', 'witness', 'the', 'most', 'epic', 'short', 'squeeze', 'of', 'all', 'time', 'all', 'hail', 'our', 'spirit', 'daddy', 'elon', 'musk', 'and', 'his', 'unstoppable', 'tech', 'machine', 'known', 'only', 'as', 'tesla']",tsla,6,1.1273087896443645,0.9947359827474668
"['if', 'aapl', 'and', 'msft', 'pumps', 'we', 'can', 'get', 'spy', 'ath', 'today']",aapl,7,1.015958377073475,1.0451398332119857
"['if', 'aapl', 'and', 'msft', 'pumps', 'we', 'can', 'get', 'spy', 'ath', 'today']",msft,7,1.0147903468831792,1.0012143137783713
"['if', 'aapl', 'and', 'msft', 'pumps', 'we', 'can', 'get', 'spy', 'ath', 'today']",spy,7,1.0133789267039612,1.0193478948802552
"['is', 'anyone', 'getting', 'on', 'nio', 'calls']",nio,6,0.9935115645478871,0.7939494861171336
"['too', 'late', 'to', 'get', 'into', 'palantir', 'at', 'market', 'open']",pltr,7,1.4551799158125147,0.8445467625627174
"['if', 'you', 'are', 'not', 'in', 'spce', 'then', 'you', 'are', 'on', 'earth']",spce,7,1.1270647997647523,1.0420594579630527
"['my', 'nibba', 'nio', 'back', 'at', 'action', 'finally']",nio,5,0.9935115645478871,0.7939494861171336
"['i', 'sold', 'all', 'my', 'nio', 'and', 'bought', 'k', 'worth', 'of', 'pltr', 'at', '', 'please', 'tell', 'me', 'i', 'didnt', 'buy', 'too', 'high', 'i', 'need', 'reassurance']",nio,5,0.9935115645478871,0.7939494861171336
"['gme', 'booooooys']",gme,5,1.2837209267940353,0.9301045430692861
"['shoutout', 'to', 'the', 'wsb', 'legend', 'deepfuckingvalue', 'for', 'holding', 'that', 'insane', 'gme', 'position', 'all', 'the', 'way', 'to', 'm']",gme,6,1.2837209267940353,0.9301045430692861
"['just', 'bought', 'icln', 'and', 'pltr', 'im', 'creeping', 'up', 'on', 'my', 'first', 'k', 'fuck', 'yeah', 'boys', 'lets', 'get', 'this']",icln,7,1.0504465890148464,0.9508264309649063
"['last', 'stop', 'till', '', 'for', 'gme']",gme,7,1.2837209267940353,0.9301045430692861
"['baba', 'you', 'are', 'a', 'big', 'disappointment', 'my', 'asian', 'mother', 'is', 'disappointed']",baba,6,0.9585440777126933,0.9936052302751347
"['tesla', 'carrying', 'me', 'to', 'the', 'rings', 'of', 'jupiter', 'today']",tsla,6,1.1273087896443645,0.9947359827474668
"['wtf', 'baba', 'wrong', 'way']",baba,6,0.9585440777126933,0.9936052302751347
"['pump', 'all', 'the', 'bitches', 'pump', 'pltr', 'pump', 'gme', 'pump', 'spce', 'pump', 'thick', 'bee', 'pump', 'the', 'shit', 'out', 'of', 'them', 'all', 'let s', 'get', 'rich', 'and', 'blow', 'it', 'all', 'on', 'some', 'black', 'friday', 'hookers', 'and', 'coke']",gme,5,1.2837209267940353,0.9301045430692861
"['pump', 'all', 'the', 'bitches', 'pump', 'pltr', 'pump', 'gme', 'pump', 'spce', 'pump', 'thick', 'bee', 'pump', 'the', 'shit', 'out', 'of', 'them', 'all', 'let s', 'get', 'rich', 'and', 'blow', 'it', 'all', 'on', 'some', 'black', 'friday', 'hookers', 'and', 'coke']",spce,5,1.1270647997647523,1.0420594579630527
"['gme', 'lmfao']",gme,6,1.2837209267940353,0.9301045430692861
"['gme', 'is', 'buy', 'the', 'rumor', 'buy', 'the', 'news', 'just', 'buy', 'lol']",gme,7,1.2837209267940353,0.9301045430692861
"['getting', 'in', 'gme', 'now', 'is', 'like', 'getting', 'into', 'pltr', 'two', 'weeks', 'ago']",gme,6,1.2837209267940353,0.9301045430692861
"['gme', 'gme', 'gme', 'gme', 'gme']",gme,6,1.2837209267940353,0.9301045430692861
"['gme', '']",gme,6,1.2837209267940353,0.9301045430692861
"['holy', 'duck', 'gme', 'guy', 'is', 'gonna', 'be', 'so', 'rich']",gme,7,1.2837209267940353,0.9301045430692861
"['normalize', 'buying', 'gamestop', 'calls']",gme,7,1.2837209267940353,0.9301045430692861
"['gme', 'is', 'fucking', 'meme', 'status', 'today', '']",gme,6,1.2837209267940353,0.9301045430692861
"['who', 'is', 'taking', 'profits', 'on', 'palantir', 'the', 'fuck', 'we', 'mooning', 'idiots']",pltr,6,1.4551799158125147,0.8445467625627174
"['i m', 'watching', 'these', 'palantir', 'shares', 'like', 'i m', 'holding', 'fds']",pltr,6,1.4551799158125147,0.8445467625627174
"['wtf', 'does', 'citron', 'know', 'they', 'wanted', 'to', 'short', 'nvda', 'at', '', 'and', 'amd', 'at', '', 'hold', 'pltr', 'boys', 'this', 'dip', 'is', 'temporary']",nvda,6,1.0174811500567182,1.0224091359768468
"['wtf', 'does', 'citron', 'know', 'they', 'wanted', 'to', 'short', 'nvda', 'at', '', 'and', 'amd', 'at', '', 'hold', 'pltr', 'boys', 'this', 'dip', 'is', 'temporary']",amd,6,1.0834893276346012,1.0768349816075071
"['a', 'reminder', 'that', 'the', 'cucks', 'at', 'citron', 'tried', 'to', 'sandbag', 'nio', 'and', 'failed', 'miserably']",nio,5,0.9935115645478871,0.7939494861171336
"['citron', 'trying', 'the', 'nio', 'trick', 'to', 'pltr', 'this', 'time', 'but', 'people', 'are', 'smarter', 'this', 'time', 'and', 'not', 'selling', 'pltr']",nio,6,0.9935115645478871,0.7939494861171336
"['hell', 'yes', 'netflix', 'queens', 'gambit', '']",nflx,6,1.0004893788609364,1.0167931995017605
"['citron', '', 'browses', 'here', 'to', 'attack', 'meme', 'stocks', 'nio', 'and', 'pltr', 'he', 'shorts', 'them', 'people', 'panic', 'sell', 'it', 'drops', 'and', 'then', 'it', 'bounces', 'back', 'within', 'a', 'few', 'days', 'back', 'to', 'norm']",nio,6,0.9935115645478871,0.7939494861171336
"['pltr', 'gme', 'brothers']",gme,6,1.2837209267940353,0.9301045430692861
"['gme', 'c', '', 'lets', 'fucking', 'go']",gme,6,1.2837209267940353,0.9301045430692861
"['everybody', 'in', 'its', 'time', 'to', 'bankrupt', 'citron', 'they', 'tried', 'to', 'fuck', 'us', 'over', 'on', 'nio', 'and', 'it', 'to', 'a', 'day', 'to', 'see', 'it', 'this', 'time', 'it', 'took', '', 'minutes']",nio,5,0.9935115645478871,0.7939494861171336
"['tesla', 'worth', 'more', 'than', 'berkshire', 'lmao']",tsla,6,1.1273087896443645,0.9947359827474668
"['i', 'fell', 'for', 'the', 'citron', 'trap', 'in', 'nio', 'not', 'again', '']",nio,5,0.9935115645478871,0.7939494861171336
"['blackrock', 'soros', 'bought', 'palantir', 'but', 'yes', 'it s', 'a', 'scam', 's']",pltr,6,1.4551799158125147,0.8445467625627174
"['the', 'greatest', 'thing', 'about', 'gme', 'today', 'is', 'that', 'this', 'isn t', 'even', 'enough', 'volume', 'to', 'feel', 'that', 'shorts', 'are', 'covering', 'i', 'would', 'guess', 'the', 'short', 'float', 'is', 'still', 'within', 'k', 'of', 'what', 'it', 'was', 'yesterday']",gme,5,1.2837209267940353,0.9301045430692861
"['who', 'didn t', 'buy', 'the', 'gme', 'dip', '']",gme,6,1.2837209267940353,0.9301045430692861
"['sector', 'rotation', 'from', 'pltr', 'to', 'gme', 'happening', 'today']",gme,6,1.2837209267940353,0.9301045430692861
"['gamestop', 'ascended', 'to', 'super', 'saiyan']",gme,6,1.2837209267940353,0.9301045430692861
"['ride', 'gme', 'to', 'earnings']",gme,6,1.2837209267940353,0.9301045430692861
"['whenever', 'citron', 'shills', 'a', 'stock', 'it', 'goes', 'down', 'for', 'the', 'day', 'and', 'then', 'moons', 'the', 'next', 'week', 'remember', 'what', 'they', 'did', 'with', 'nio']",nio,6,0.9935115645478871,0.7939494861171336
"['gme', '', 'eod']",gme,7,1.2837209267940353,0.9301045430692861
"['', 'today', 'let s', 'go', 'gme', 'gang']",gme,7,1.2837209267940353,0.9301045430692861
"['what', 'if', 'gme', 'short', 'squeezes', 'then', 'people', 'see', 'that', 'and', 'start', 'a', 'gamma', 'squeeze', 'on', 'that', 'top', 'of', 'that']",gme,6,1.2837209267940353,0.9301045430692861
"['what', 'the', 'fuck', 'tesla']",tsla,6,1.1273087896443645,0.9947359827474668
"['goog', 'about', 'to', 'hit', '', 'tsla', '', 'both', 'for', 'the', 'first', 'time', 'and', 'both', 'owned', 'by', 'ark']",goog,6,1.006367178100072,1.0262780438885515
"['dead', 'cat', 'bounce', 'at', '']",cat,6,0.9990216650783877,1.0495363001491969
"['level', '', 'data', 'for', 'palantir', 'looking', 'good']",pltr,7,1.4551799158125147,0.8445467625627174
"['why', 'is', 'nobody', 'talking', 'about', 'spce']",spce,7,1.1270647997647523,1.0420594579630527
"['jd', 'looking', 'to', 'finally', 'break', 'out', 'only', 'took', '', 'weeks', 'after', 'er']",jd,6,0.9639710593130701,0.9654352278308975
"['gme', 'dip', 'get', 'in']",gme,6,1.2837209267940353,0.9301045430692861
"['buy', 'the', 'gme', 'dip', '']",gme,6,1.2837209267940353,0.9301045430692861
"['tesla', 'more', 'like', 'testuh', 'my', 'strength']",tsla,6,1.1273087896443645,0.9947359827474668
"['citron s', 'tried', 'to', 'short', 'the', 'following', 'in', 'the', 'past', 'years', 'nvda', 'tsla', 'shop', 'nio', 'nkla', 'look', 'at', 'these', 'companies', 'now', 'reverse', 'shitron']",nvda,6,1.0174811500567182,1.0224091359768468
"['citron s', 'tried', 'to', 'short', 'the', 'following', 'in', 'the', 'past', 'years', 'nvda', 'tsla', 'shop', 'nio', 'nkla', 'look', 'at', 'these', 'companies', 'now', 'reverse', 'shitron']",shop,6,1.1030652553189808,1.0085071910511363
"['citron s', 'tried', 'to', 'short', 'the', 'following', 'in', 'the', 'past', 'years', 'nvda', 'tsla', 'shop', 'nio', 'nkla', 'look', 'at', 'these', 'companies', 'now', 'reverse', 'shitron']",nio,6,0.9935115645478871,0.7939494861171336
"['citron s', 'tried', 'to', 'short', 'the', 'following', 'in', 'the', 'past', 'years', 'nvda', 'tsla', 'shop', 'nio', 'nkla', 'look', 'at', 'these', 'companies', 'now', 'reverse', 'shitron']",nkla,6,0.7601489593086888,0.853912195367705
"['i', 'keep', 'reading', 'comments', 'just', 'bought', 'my', 'st', 'share', 'ever', 'of', 'palantir', 'wsb', 'is', 'gonna', 'fuck', 'up', 'a', 'whole', 'new', 'generation', 'of', 'investors']",pltr,6,1.4551799158125147,0.8445467625627174
"['i', 'bought', 'the', 'palantir', 'top', 'fuck', 'yall']",pltr,5,1.4551799158125147,0.8445467625627174
"['buy', 'the', 'dip', 'look', 'at', 'what', 'happen', 'with', 'nio', 'and', 'citron', 'diamond', 'hand']",nio,6,0.9935115645478871,0.7939494861171336
"['citron', 'shorted', 'nio', 'in', 'the', 's', 'and', 'got', 'fuckkked', 'by', 'the', 'huge', 'run', 'up', 'to', '', 'dont', 'listen', 'to', 'him', 'now', 'that', 'perma', 'bear']",nio,6,0.9935115645478871,0.7939494861171336
"['i', 'bought', 'gme', 'at', 'the', 'top', 'ama']",gme,6,1.2837209267940353,0.9301045430692861
"['frank', 'ocean', 'voice', 'rip', 'palantir', 'that', 'n', 'look', 'just', 'like', 'me']",pltr,5,1.4551799158125147,0.8445467625627174
"['can', 'you', 'hear', 'me', 'gme', 'say', 'something', 'if', 'you', 'can', 'hear', 'me']",gme,6,1.2837209267940353,0.9301045430692861
"['looking', 'at', 'how', 'dumb', 'my', 'expiring', 'options', 'are', 'must', 'be', 'like', 'what', 'waking', 'up', 'after', 'a', '', 'night', 'stand', 'is', 'like', 'fb', '', 'p', 'uber', '', 'c', 'and', 'those', 'are', 'the', 'only', 'ones', 'i', 'am', 'willing', 'to', 'admit', 'to', 'lmao']",fb,5,1.022444483899328,1.0132957049739684
"['looking', 'at', 'how', 'dumb', 'my', 'expiring', 'options', 'are', 'must', 'be', 'like', 'what', 'waking', 'up', 'after', 'a', '', 'night', 'stand', 'is', 'like', 'fb', '', 'p', 'uber', '', 'c', 'and', 'those', 'are', 'the', 'only', 'ones', 'i', 'am', 'willing', 'to', 'admit', 'to', 'lmao']",uber,5,1.020550760442577,1.0923934543381812
"['can', 'palantir', 'just', 'label', 'citron', 'research', 'as', 'terrorists', 'now']",pltr,7,1.4551799158125147,0.8445467625627174
"['lol', 'palantir', 'calls', 'already', 'up', '']",pltr,6,1.4551799158125147,0.8445467625627174
"['remember', 'the', 'drop', 'after', 'palantir', 'published', 'their', 'earnings', 'right', 'you', 'can t', 'see', 'it', 'in', 'the', 'chart', 'anymore', '']",pltr,7,1.4551799158125147,0.8445467625627174
"['why', 'is', 'acb', 'popping', 'off', 'rn']",acb,7,1.624478471797271,0.9680000305175781
"['acb', 'vertical']",acb,6,1.624478471797271,0.9680000305175781
"['spy', 'down', 'weed', 'up', 'that s', 'the', 'way', 'stocks', 'like', 'to', 'fuck']",spy,7,1.0133789267039612,1.0193478948802552
"['acb', 'and', 'apxt']",acb,4,1.624478471797271,0.9680000305175781
"['gme', 'not', 'playin', 'ps', 'restock', 'coming', 'soon']",gme,5,1.2837209267940353,0.9301045430692861
"['ok', 'so', 'whats', 'the', 'plan', 'for', 'gme', 'calls', 'hold', 'through', 'earnings']",gme,6,1.2837209267940353,0.9301045430692861
"['gme', '', 'c', 'yol o']",gme,6,1.2837209267940353,0.9301045430692861
"['where', 'is', 'balls', 'deep', 'i', 'need', 'some', 'of', 'that', 'sweet', 'gme', 'gains']",gme,7,1.2837209267940353,0.9301045430692861
"['weed', 'shit', 'treating', 'me', 'right', 'today', 'apha', 'c', '', 'cgc', 'c', '', 'grwg', 'c', '', 'hexo', 'c', '', 'mj', 'c', '']",cgc,7,1.2035101909644121,0.9868830110537341
"['weed', 'shit', 'treating', 'me', 'right', 'today', 'apha', 'c', '', 'cgc', 'c', '', 'grwg', 'c', '', 'hexo', 'c', '', 'mj', 'c', '']",mj,7,1.1752040889186897,1.0115384552343696
"['at', 'pm', 'i', 'decided', 'that', 'i', 'couldn t', 'take', 'pretending', 'to', 'be', 'straight', 'anymore', '', 'spy', '', 'puts', 'hayyyyy', 'boyyssss']",spy,5,1.0133789267039612,1.0193478948802552
"['just', 'sold', 'my', 'loved', 'teladoc', 'position', 'to', 'dive', 'even', 'deeper', 'into', 'palantir', 'this', 'dip', 'is', 'a', 'gift', 'why', 'do', 'people', 'get', 'afraid', 'by', 'news', 'from', 'a', 'short', 'seller']",pltr,6,1.4551799158125147,0.8445467625627174
"['daddy', 'elon', '', 'pltr', '', 'tesla', 'literally', 'can t', 'go', 'tits', 'up']",tsla,6,1.1273087896443645,0.9947359827474668
"['where', 'is', 'the', 'balls', 'deep', 'gme', 'dude', 'with', 'the', 'update']",gme,5,1.2837209267940353,0.9301045430692861
"['balls', 'deep', 'in', '', 'spy', 'calls', 'bought', 'at', 'the', 'bottom', 'today', 'welp']",spy,6,1.0133789267039612,1.0193478948802552
"['dudes', 'this', 'is', 'getting', 'sort', 'of', 'stupid', 'twice', 'now', 'i ve', 'bought', 'acb', 'calls', 'for', 'april', '', 'dirt', 'cheap', 'then', 'sold', 'them', 'up', '']",acb,6,1.624478471797271,0.9680000305175781
"['should', 'i', 'buy', '', 'gme', 'shares', 'after', 'hours', 'or', 'nah']",gme,6,1.2837209267940353,0.9301045430692861
"['https www reuters com article us tesla shortsellers iduskcn my', 'remember', 'tesla']",tsla,5,1.1273087896443645,0.9947359827474668
"['black', 'friday', 'and', 'the', 'stores', 'are', 'straight', 'up', 'empty', 'if', 'your', 'online', 'game', 'is', 'not', 'good', 'you re', 'sunk', 'amazon', 'probably', 'killing', 'everyone', 'in', 'sales']",amzn,6,1.0164725795536786,0.9856941908245772
"['baba', 'always', 'gives', 'you', 'hope', 'early', 'market', 'then', 'crushes', 'your', 'dream', 'later']",baba,6,0.9585440777126933,0.9936052302751347
"['shout', 'out', 'to', 'everyone', 'who', 'picked', 'up', 'cannabis', 'stocks', 'this', 'week', 'before', 'they', 'moon', 'next', 'week', 'acb', 'will', 'hit', '', 'once', 'the', 'more', 'act', 'passes', 'the', 'u s', 'democratic', 'controlled', 'house', 'and', 'mexico', 'announces', 'their', 'final', 'decision', 'on', 'their', 'legalization']",acb,7,1.624478471797271,0.9680000305175781
"['rate', 'my', 'boomer', 'portfolio', '', 'shares', '', 'spy', '', 'shares', '', 'qqq', '', 'shares', '', 'amzn', '', 'shares', '', 'arwr', '', 'shares', '', 'epd', '', 'shares', '', 'cvx']",spy,6,1.0133789267039612,1.0193478948802552
"['rate', 'my', 'boomer', 'portfolio', '', 'shares', '', 'spy', '', 'shares', '', 'qqq', '', 'shares', '', 'amzn', '', 'shares', '', 'arwr', '', 'shares', '', 'epd', '', 'shares', '', 'cvx']",qqq,6,1.028173231366308,1.020645419108404
"['rate', 'my', 'boomer', 'portfolio', '', 'shares', '', 'spy', '', 'shares', '', 'qqq', '', 'shares', '', 'amzn', '', 'shares', '', 'arwr', '', 'shares', '', 'epd', '', 'shares', '', 'cvx']",amzn,6,1.0164725795536786,0.9856941908245772
"['i', 'wish', 'icln', 'had', 'leaps', 'available', 'id', 'buy', 'the', 'fuck', 'out', 'of', 'a', 'few']",icln,6,1.0504465890148464,0.9508264309649063
"['where s', 'that', 'benshapirooan', 'guy', 'who', 'bought', 'puts', 'on', 'palantir', 'to', 'spite', 'wsb', 'lmaoooo', 'get', 'poor', 'pussy']",pltr,16,1.4551799158125147,0.8445467625627174
"['baba', '']",baba,11,0.9585440777126933,0.9936052302751347
"['fuck', 'citron', 'we', 'will', 'make', 'them', 'pay', 'just', 'like', 'we', 'did', 'on', 'nio', 'if', 'those', 'fucks', 'area', 'actually', 'short', 'then', 'they', 'are', 'fucked', 'if', 'they', 'bought', 'the', 'dip', 'then', 'good', 'on', 'them', 'for', 'running', 'a', 'standard', 'wsb', 'style', 'dump', 'and', 'pump']",nio,11,0.9935115645478871,0.7939494861171336
"['citron', 'shorthed', 'nio', 'at', '', 'look', 'where', 'it', 'is', 'now', 'chill', 'guys', 'it s', 'ok']",nio,11,0.9935115645478871,0.7939494861171336
